# https://github.com/mikedh/trimesh
v -0.58019060 -0.98581051 -0.00290721
v -0.57800795 -0.99343387 0.02403404
v -0.57846007 -0.98582706 0.05034745
v -0.57915778 -0.58893932 0.02927593
v -0.57046994 -0.99475872 -0.02781760
v -0.57131202 -0.99464481 -0.00968664
v -0.57308814 -0.99389350 0.04865664
v -0.57065082 -0.99491901 0.07113816
v -0.56946344 -0.99382436 -0.04610573
v -0.57648924 -0.98648559 -0.02167626
v -0.57430287 -0.98651087 0.06559128
v -0.57021290 -0.98617676 0.08760469
v -0.57005928 -0.98581492 -0.06235889
v -0.56985298 -0.98334372 -0.02691555
v -0.56980108 -0.59412356 0.02363533
v -0.57992064 -0.58065096 0.00308403
v -0.57622444 -0.59164443 0.04460177
v -0.57024320 -0.57454523 -0.04682700
v -0.56967230 -0.58453242 -0.01104274
v -0.57635508 -0.57713277 -0.01570063
v -0.57188351 -0.58290759 0.04860594
v -0.57290963 -0.56503206 -0.04661723
v -0.57713433 -0.56951942 -0.01592476
v -0.56371661 -0.99470441 -0.05835598
v -0.56481113 -0.99494807 0.08890670
v -0.56151580 -0.99439112 -0.07804763
v -0.56283114 -0.98618531 0.11878854
v -0.56170199 -0.98320999 -0.07019089
v -0.56218159 -0.98320919 -0.04771137
v -0.57136398 -0.98297433 0.01777094
v -0.56247554 -0.61023745 0.05898114
v -0.57008377 -0.60219367 0.05224755
v -0.56155972 -0.59944622 0.03675447
v -0.56560877 -0.59959393 0.06575063
v -0.56221715 -0.58173228 -0.01955619
v -0.56279557 -0.57075322 -0.08230734
v -0.56899256 -0.56203459 -0.07199511
v -0.57892947 -0.57601126 0.02703555
v -0.56361055 -0.55250859 -0.08418453
v -0.56965130 -0.55854972 -0.04063594
v -0.55074533 -0.99476169 -0.10426487
v -0.55677112 -0.99475115 -0.08261273
v -0.55955558 -0.99487654 0.11543334
v -0.56176852 -0.98592758 -0.08885884
v -0.55452017 -0.98588531 0.14704171
v -0.56869865 -0.98375546 0.06633313
v -0.55853051 -0.98356969 0.10452469
v -0.55412777 -0.61779651 0.08667121
v -0.55829303 -0.61521253 0.07460930
v -0.55582628 -0.60881269 0.08330344
v -0.56195386 -0.57639703 -0.05871771
v -0.55510646 -0.57452424 -0.00515139
v -0.55228869 -0.57162424 -0.08495191
v -0.55384679 -0.57260810 -0.06722707
v -0.56006310 -0.58470250 0.01672247
v -0.55229700 -0.56932907 -0.11246232
v -0.56185860 -0.56170880 -0.10418531
v -0.55721556 -0.55241689 -0.11481988
v -0.56141426 -0.55140849 0.01387209
v -0.54369584 -0.52265084 0.04902626
v -0.54362772 -0.53163781 -0.02279061
v -0.54784314 -0.99489754 0.15177265
v -0.54963493 -0.98606424 -0.12148709
v -0.54393678 -0.98342070 -0.12146427
v -0.55333729 -0.98324946 -0.09262421
v -0.55091782 -0.98371061 0.14107312
v -0.54767598 -0.62592963 0.08538523
v -0.54792747 -0.61827170 0.06738897
v -0.55285592 -0.58110571 0.03424462
v -0.55273008 -0.60638913 0.05254642
v -0.55498929 -0.57432836 -0.04249956
v -0.55135285 -0.56200721 -0.13062449
v -0.54708385 -0.55302057 -0.13463448
v -0.54663813 -0.52576731 0.03436391
v -0.55859711 -0.54888202 0.04002860
v -0.53958100 -0.52066323 0.00986156
v -0.54048997 -0.99470141 -0.13011134
v -0.50533271 -0.99518182 0.08944492
v -0.54277375 -0.98644468 0.17264136
v -0.53530900 -0.98630152 -0.15243242
v -0.53734033 -0.98358506 0.16815267
v -0.53386588 -0.98616049 0.19306451
v -0.53741827 -0.63578635 0.10490259
v -0.53797156 -0.63028450 0.08738225
v -0.54478866 -0.62227782 0.10291030
v -0.54022109 -0.61341401 0.07125677
v -0.54230066 -0.57043929 -0.11986413
v -0.54435050 -0.56010529 -0.02246418
v -0.54629283 -0.56423077 0.06887054
v -0.53967293 -0.54941219 0.03196577
v -0.52808038 -0.52656096 -0.11388465
v -0.53221412 -0.52467998 -0.07825264
v -0.54007284 -0.99493483 0.16847467
v -0.53399816 -0.99462151 0.18430878
v -0.52729335 -0.98321610 -0.15553134
v -0.53565059 -0.98336758 -0.13794655
v -0.53439666 -0.63061043 0.11972407
v -0.53539856 -0.59345212 0.09795070
v -0.53082878 -0.57338256 -0.13932213
v -0.53839140 -0.56207000 -0.15134239
v -0.53341248 -0.56278698 0.05612143
v -0.54582078 -0.56875066 -0.10701761
v -0.53109996 -0.54190690 0.04836080
v -0.52361144 -0.53812826 -0.04569013
v -0.53225086 0.03288330 0.08527694
v -0.53443732 0.04163454 0.11151197
v -0.53754704 0.04315277 0.09224827
v -0.53923700 0.05088411 0.11070890
v -0.53428243 0.06051469 0.12455823
v -0.52502216 -0.99495436 0.20004155
v -0.52292713 -0.98656657 -0.17386097
v -0.52123501 -0.98351059 -0.11184565
v -0.52173762 -0.98357779 0.20276919
v -0.53210208 -0.63976461 0.11692508
v -0.52556031 -0.63875081 0.10426342
v -0.52446864 -0.62912411 0.09663351
v -0.52757219 -0.63041990 0.12785127
v -0.52058404 -0.63975185 0.14102315
v -0.52167058 -0.57639587 -0.16283022
v -0.53787877 -0.56965293 -0.14846132
v -0.52542875 -0.57577887 -0.15153306
v -0.53626794 -0.56648824 -0.12101779
v -0.51663372 -0.53429745 -0.08819200
v -0.51374625 -0.50548804 -0.09656367
v -0.52797179 -0.52709880 0.03860320
v -0.52328641 -0.51224910 -0.06691852
v -0.51268768 -0.48077669 -0.00674972
v -0.52762759 -0.49878020 0.06068328
v -0.52375219 0.02528514 0.06662737
v -0.52852849 0.03559978 0.06840960
v -0.52585675 0.04220668 0.06832547
v -0.51483119 0.04083533 0.13243797
v -0.53214870 0.05484839 0.09444739
v -0.51629469 0.07150273 0.11079901
v -0.52670002 0.06681885 0.13374282
v -0.51061264 -0.99449097 -0.18622061
v -0.52871932 -0.99465098 -0.15344985
v -0.52319411 -0.98638196 0.21314313
v -0.51315223 -0.98321536 -0.17849264
v -0.51931174 -0.64918138 0.13472829
v -0.51256681 -0.58000723 -0.17217261
v -0.51735378 -0.56977431 -0.18057552
v -0.52210198 -0.56066685 -0.17048448
v -0.51072341 -0.54960639 -0.12982896
v -0.51969264 -0.53127125 -0.13432888
v -0.50883689 -0.52967404 -0.10240951
v -0.51329909 -0.50356089 0.05142121
v -0.52632841 -0.48954054 0.04724751
v -0.51616839 -0.48053811 0.06760840
v -0.51672412 0.02720627 0.09263972
v -0.51996213 0.03402684 0.10994280
v -0.51697162 0.03067036 0.05141633
v -0.52610569 0.05860168 0.14617677
v -0.51961204 0.06965384 0.14953470
v -0.51954104 0.31515861 -0.00824922
v -0.51666845 0.32746937 -0.00667812
v -0.50940292 -0.98568797 -0.19641779
v -0.51117924 -0.65166889 0.15216674
v -0.50674262 -0.65714966 0.14117035
v -0.51431338 -0.64666504 0.12020673
v -0.50974825 -0.57824290 -0.18605348
v -0.51577064 -0.57658909 -0.15896932
v -0.49590376 -0.56844941 -0.20362303
v -0.50994742 -0.51647003 -0.12742513
v -0.50875381 -0.52010652 -0.06238673
v -0.51394875 -0.51439318 0.05921363
v -0.52995604 -0.53304945 0.02613706
v -0.50267619 -0.44988104 0.06341657
v -0.50740100 -0.08209230 0.11509608
v -0.50929443 -0.06512360 0.17965909
v -0.50912369 -0.07903771 0.15009215
v -0.51384590 -0.07131747 0.14486302
v -0.50771996 -0.03196413 0.14732972
v -0.50828918 -0.02719081 0.12252801
v -0.50438834 -0.00427675 0.14753502
v -0.50492628 -0.02946956 0.10137582
v -0.50918942 0.00397212 0.12400918
v -0.51069391 0.01366535 0.10254450
v -0.51482805 0.03318802 0.12275600
v -0.52764732 0.05105943 0.13858227
v -0.50187719 0.04446149 0.15198621
v -0.51385249 0.05633406 0.07212082
v -0.51884195 0.06449926 0.09460366
v -0.51213649 0.07298704 0.08094328
v -0.50374515 0.10680189 0.09951220
v -0.50613163 0.20716582 0.04694252
v -0.50312937 0.23334193 0.04931794
v -0.50926213 0.23996436 0.02254350
v -0.51080858 0.25700342 0.00252176
v -0.51240529 0.27348403 -0.02069025
v -0.50698462 0.26318091 0.02814695
v -0.50718612 0.29480764 -0.05041686
v -0.51478992 0.30489776 -0.03626805
v -0.50195741 0.30368866 -0.04938282
v -0.51638219 0.32425695 0.01628729
v -0.50708971 0.32117595 -0.02411516
v -0.50860103 0.32567974 0.03282131
v -0.50957616 0.33535198 0.02087072
v -0.50695049 0.33444351 0.00651856
v -0.49677925 -0.99481361 -0.16810314
v -0.46492797 -0.99499844 0.20264458
v -0.50736928 -0.99517753 0.22978863
v -0.50496927 -0.98567013 0.23677585
v -0.49274611 -0.98331497 -0.20491614
v -0.49554246 -0.66432640 0.16901860
v -0.50068683 -0.65386870 0.16765221
v -0.50095266 -0.65203739 0.13491846
v -0.49586168 -0.63891345 0.13437713
v -0.49664265 -0.59421291 0.11776493
v -0.49490290 -0.58455787 -0.19280504
v -0.49960458 -0.57894215 -0.17520146
v -0.48930647 -0.50170961 -0.09621962
v -0.50374828 -0.49007823 0.05979570
v -0.49397455 -0.50754450 0.08108474
v -0.48646697 -0.46205583 0.06817579
v -0.49120763 -0.46542453 0.05651794
v -0.47812093 -0.43951459 -0.04943180
v -0.48286778 -0.48396832 0.11461588
v -0.50117510 -0.08285646 0.10087469
v -0.50154098 -0.08588690 0.11948088
v -0.49949622 -0.07891170 0.15861420
v -0.49934441 -0.07404449 0.18205151
v -0.49933115 -0.05755614 0.20014068
v -0.50718591 -0.04418787 0.11244731
v -0.49574586 -0.02655630 0.18163549
v -0.50387876 0.00955500 0.07913766
v -0.50260862 0.01506554 0.14855575
v -0.50231900 0.02252999 0.03867664
v -0.51034412 0.01764793 0.05105034
v -0.50314995 0.05072357 0.05513662
v -0.50614406 0.05850156 0.16651693
v -0.51223418 0.06662799 0.16266815
v -0.49577298 0.06697522 0.17711015
v -0.50586281 0.06762654 0.06078432
v -0.50827696 0.07750699 0.13066784
v -0.50416071 0.10032694 0.06144080
v -0.50561046 0.10332766 0.07625974
v -0.50175329 0.10448767 0.05097905
v -0.50329940 0.15121847 0.04314750
v -0.50371265 0.12996941 0.06707595
v -0.50227060 0.12069154 0.08740931
v -0.50302256 0.15947817 0.06209183
v -0.50638428 0.18973021 0.03080841
v -0.50556629 0.20763729 0.00608569
v -0.49964814 0.21759019 -0.02396189
v -0.49883197 0.22317779 0.06214144
v -0.50440574 0.24141652 -0.02133664
v -0.50634732 0.27074574 -0.03976236
v -0.50942960 0.28200079 0.02025995
v -0.50040616 0.28450267 -0.05881155
v -0.49625550 0.29389422 -0.05892744
v -0.49755090 0.30742368 -0.04119357
v -0.50067831 0.31394458 -0.02246266
v -0.49840316 0.28229207 -0.00271879
v -0.50030983 0.32640271 0.00736960
v -0.49941820 0.33415162 0.03382955
v -0.49758538 0.33516629 0.02557319
v -0.48643391 -0.98548040 -0.22419426
v -0.47943067 -0.67292883 0.16961211
v -0.49161915 -0.66431667 0.15442837
v -0.48707053 -0.61172415 0.16421060
v -0.51443232 -0.57986334 0.11640558
v -0.48837733 -0.51939067 -0.12061150
v -0.51002936 -0.52376824 0.09706402
v -0.51194190 -0.50005604 0.04054772
v -0.49121750 -0.08923656 0.13113610
v -0.49637398 -0.06905050 0.19860510
v -0.48394513 -0.05907760 0.22095459
v -0.49524224 -0.05969698 0.08739664
v -0.49989042 -0.02938621 0.08771027
v -0.49145259 -0.01622556 0.07081540
v -0.50186264 0.01494898 0.06642064
v -0.49114224 0.01068308 0.05460267
v -0.47838283 0.04047480 0.17401336
v -0.49908544 0.05687209 0.04953649
v -0.49032277 0.05168836 0.16744271
v -0.48542274 0.08299779 0.15417132
v -0.50007236 0.07504009 0.16756892
v -0.49022682 0.09866537 0.13221360
v -0.49535789 0.09325747 0.03651935
v -0.49284777 0.13145902 0.10413927
v -0.49289629 0.12085296 0.02260413
v -0.49683328 0.15026409 0.01558779
v -0.49740734 0.17619545 0.07649665
v -0.48852931 0.20064700 -0.03036860
v -0.49890864 0.24673938 -0.03701858
v -0.49082113 0.26444731 -0.01670771
v -0.49589146 0.27561174 -0.06219483
v -0.48792823 0.27577452 -0.03983544
v -0.49384455 0.27739982 0.00559996
v -0.49628405 0.28280053 0.04593196
v -0.48949633 0.29284581 -0.04532937
v -0.49354253 0.29650731 -0.03742118
v -0.49266711 0.28836758 0.01919332
v -0.49317064 0.32619752 0.02602025
v -0.49509001 0.32576926 0.04855437
v -0.48638253 0.32872393 0.03825659
v -0.48321995 0.32725479 0.05179339
v -0.48476846 -0.99524046 0.25626493
v -0.46600277 -0.98650083 0.27930865
v -0.46775140 -0.98441500 0.27074290
v -0.48003989 -0.67561408 0.18107647
v -0.47798512 -0.66489961 0.16307458
v -0.45932963 -0.62238212 0.17558019
v -0.48470330 -0.58605181 -0.21149571
v -0.47173248 -0.58817158 -0.20620092
v -0.49800930 -0.57746401 -0.20451950
v -0.49295711 -0.56267135 0.10833234
v -0.46599719 -0.55482798 -0.18008940
v -0.48183981 -0.53221912 0.13924947
v -0.45853432 -0.53924647 -0.20127552
v -0.48295933 -0.53068179 -0.17070730
v -0.46931295 -0.52807639 -0.15018933
v -0.47209551 -0.47021962 -0.12327635
v -0.49498586 -0.48758971 -0.11345891
v -0.46708729 -0.44466776 -0.10306168
v -0.45006268 -0.43935995 0.13746340
v -0.48657634 -0.46407664 -0.09134311
v -0.47749748 -0.42212391 0.00068331
v -0.48738252 -0.43166278 0.02943757
v -0.48752821 -0.42287226 0.06641220
v -0.49338316 -0.08865319 0.10119650
v -0.48042824 -0.09320576 0.09495629
v -0.49016819 -0.08100301 0.15809745
v -0.48601807 -0.07443254 0.18163409
v -0.48374579 -0.05710909 0.07831757
v -0.48343734 0.00175865 0.05830962
v -0.48720836 0.01860564 0.17269169
v -0.48688940 0.03659792 0.03492038
v -0.48948117 0.07461526 0.17717627
v -0.47700510 0.08023123 0.17511363
v -0.47771945 0.09527073 0.14714045
v -0.48341940 0.13576721 0.00519308
v -0.48759935 0.20842886 0.08287459
v -0.48518636 0.23638623 -0.04876850
v -0.49287245 0.26783554 -0.02596584
v -0.48337780 0.26583207 -0.01962268
v -0.49134957 0.25422039 0.05902305
v -0.47880215 0.27251848 -0.07494206
v -0.48401682 0.25939999 -0.03517804
v -0.48952987 0.28632881 -0.06563058
v -0.48301961 0.28322323 0.01922847
v -0.48344448 0.29451518 0.03617786
v -0.49507021 0.31756837 0.05104696
v -0.48439927 0.31982242 0.06048782
v -0.47686271 -0.67476521 0.19437885
v -0.48860853 -0.58200800 -0.18771103
v -0.47618439 -0.48172335 -0.09525382
v -0.47933246 -0.45270015 0.01917777
v -0.48889730 -0.42934694 0.07608827
v -0.48068247 -0.10685612 0.12730893
v -0.48474664 -0.09807940 0.11045798
v -0.47397842 -0.09612802 0.18202123
v -0.47796851 -0.07800804 0.18897259
v -0.49123417 -0.08199614 0.08902804
v -0.47170322 -0.06831950 0.20561587
v -0.48150020 -0.06529512 0.21515002
v -0.47105774 -0.08443938 0.08446967
v -0.48078230 -0.04998618 0.22348135
v -0.47068285 -0.03538036 0.06833534
v -0.48367756 0.01087942 0.03573569
v -0.47152875 0.00527490 0.05185101
v -0.47785891 0.01980918 0.02944700
v -0.47633859 0.03206777 0.02983800
v -0.47724928 0.04166435 0.02758441
v -0.48104997 0.06919237 0.02837521
v -0.48264162 0.05906151 0.17999882
v -0.47291550 0.07512464 0.18615767
v -0.46908662 0.09858845 0.00860829
v -0.47000411 0.08550414 0.16200896
v -0.49401874 0.17693044 -0.00797311
v -0.48735245 0.17046045 0.09598248
v -0.48234310 0.12811498 0.12039091
v -0.48074970 0.25848761 -0.07282396
v -0.46229794 0.24979670 -0.08244116
v -0.47443975 0.25783185 -0.04663874
v -0.48136374 0.25914185 -0.02831781
v -0.47173748 0.27386762 -0.06587668
v -0.48346277 0.27911186 -0.00203257
v -0.49002403 0.29510951 -0.05451522
v -0.47515185 0.28733043 0.02781859
v -0.47896711 0.31904540 0.04464134
v -0.47403773 0.31504417 0.06852062
v -0.47617050 0.32274750 0.05472618
v -0.46563518 -0.98538762 -0.24523009
v -0.47618254 -0.98339921 -0.22292727
v -0.47323753 -0.98336817 -0.17603650
v -0.46842808 -0.67973674 0.18622757
v -0.47241211 -0.66568392 0.20304775
v -0.46521788 -0.58544725 -0.23366880
v -0.46495557 -0.59264700 -0.22071684
v -0.48399706 -0.58171873 0.15605088
v -0.47245288 -0.47166062 0.09269063
v -0.48636773 -0.47172128 -0.01071434
v -0.47480031 -0.43524526 0.06362839
v -0.45841756 -0.37429195 0.05348360
v -0.46837587 -0.38642425 0.07341628
v -0.46883348 -0.39282474 0.08252225
v -0.46343346 -0.12922735 0.10715373
v -0.47788281 -0.11026311 0.14850230
v -0.46797224 -0.12053718 0.16344914
v -0.46397038 -0.09805683 0.20168307
v -0.46858777 -0.05575809 0.23326816
v -0.47658901 -0.01616563 0.20092553
v -0.46220023 0.02208302 0.19521200
v -0.46233871 0.01054147 0.03429211
v -0.46791053 0.04202283 0.02200785
v -0.47496867 0.06669130 0.18815806
v -0.46157635 0.12410023 -0.00718418
v -0.46688221 0.16534019 0.11511086
v -0.47241130 0.20376721 0.09706452
v -0.46583425 0.25328697 -0.05339882
v -0.46555894 0.26496980 -0.07571237
v -0.46749840 0.25665331 -0.04440072
v -0.47759323 0.27828832 0.06667279
v -0.46755487 0.28670174 -0.03305152
v -0.47683490 0.28226816 -0.01704605
v -0.46858572 0.30184515 0.07530243
v -0.46800697 0.30352598 0.05357960
v -0.46740164 0.31850654 0.06183537
v -0.48682599 -0.99491018 -0.21761424
v -0.45078551 -0.99494881 0.28818769
v -0.45547210 -0.68237236 0.20701936
v -0.45984779 -0.66971889 0.18352560
v -0.46476323 -0.60548435 0.19128659
v -0.47298023 -0.57603306 -0.22742285
v -0.46515453 -0.50964706 0.12242603
v -0.45811918 -0.45937028 -0.09741180
v -0.45606047 -0.40875823 0.03011823
v -0.44585523 -0.38956034 0.08266255
v -0.47077589 -0.43393081 0.07460166
v -0.45186914 -0.39379099 0.07315803
v -0.45473084 -0.37348791 0.02093760
v -0.46434720 -0.11700729 0.09565738
v -0.45477019 -0.12207160 0.18869793
v -0.45962814 -0.04645522 0.07269921
v -0.45325251 -0.04486585 0.24341672
v -0.45670429 -0.00089699 0.05436469
v -0.45029274 0.01044670 0.04123777
v -0.45869922 0.00513601 0.05110290
v -0.46080791 -0.00347840 0.21077546
v -0.46853524 0.03003370 0.03475908
v -0.45923916 0.04411745 0.02237986
v -0.45473688 0.04339165 0.18670600
v -0.45688961 0.05224119 0.18375283
v -0.46397063 0.05884478 0.01229472
v -0.45964137 0.07754760 0.00250511
v -0.45607037 0.14523469 -0.02235616
v -0.46119239 0.20223242 -0.05026349
v -0.45984713 0.23974702 -0.08058934
v -0.47320352 0.25327100 0.07586474
v -0.46482733 0.29336217 0.05309315
v -0.45965276 0.31024172 -0.02426446
v -0.46914514 0.29928668 -0.00402523
v -0.44667809 0.33206596 -0.00908097
v -0.50407027 -0.99523579 -0.04547708
v -0.45154480 -0.99540984 0.23741481
v -0.42212741 -0.99557016 0.29514349
v -0.45261222 -0.98394925 0.24618993
v -0.44412689 -0.98462547 0.28490206
v -0.45238148 -0.68217304 0.19807158
v -0.44426543 -0.67160561 0.19990658
v -0.46060178 -0.64895670 0.21411563
v -0.45942630 -0.67444709 0.21311677
v -0.43641360 -0.60983257 0.20049346
v -0.45195179 -0.58550728 0.20184403
v -0.45103187 -0.59555087 -0.23705389
v -0.44094667 -0.59542881 -0.22916161
v -0.46272097 -0.58914124 0.15873160
v -0.44584324 -0.48587091 0.16842470
v -0.44201249 -0.48252627 0.14188581
v -0.44218742 -0.43591180 -0.09165365
v -0.45150040 -0.43730554 -0.07203362
v -0.46633442 -0.44157345 -0.01618671
v -0.45864231 -0.42294300 -0.08550172
v -0.45001192 -0.38588864 -0.02039503
v -0.43787842 -0.14474309 0.09754069
v -0.46051900 -0.13055610 0.11688574
v -0.45822875 -0.13379017 0.17567544
v -0.44307701 -0.14452724 0.18579487
v -0.45884629 -0.11247981 0.20224271
v -0.46065732 -0.10292421 0.09082694
v -0.46201127 -0.10714438 0.19923750
v -0.45134877 -0.08253713 0.09011888
v -0.44893706 -0.07983937 0.22479303
v -0.45246699 -0.05486046 0.07858839
v -0.45114703 -0.05810586 0.23700834
v -0.45213180 -0.02917900 0.06726286
v -0.45149876 -0.02096340 0.22806104
v -0.45193691 0.02748430 0.19716662
v -0.45208333 0.06106151 0.01456516
v -0.45406863 0.09781698 -0.00970552
v -0.45373408 0.09369785 0.16247676
v -0.45209936 0.11864911 -0.01858198
v -0.44427949 0.13328326 -0.03121358
v -0.44449851 0.17394523 -0.05421521
v -0.44647125 0.20550903 -0.06789493
v -0.45194551 0.24758755 -0.07889528
v -0.45346987 0.24782592 -0.05927285
v -0.44412577 0.24135799 -0.07489084
v -0.45302618 0.30108790 0.04762419
v -0.45580641 0.29569993 0.05915288
v -0.45220318 0.30277712 0.06844083
v -0.45126093 0.29831986 0.08766131
v -0.47497713 0.29015763 0.01456302
v -0.45349474 0.44428468 0.02116673
v -0.44334892 -0.98582365 -0.26652328
v -0.45392126 -0.98344973 -0.24302451
v -0.38732330 -0.98323955 0.12373823
v -0.44717700 -0.98474771 0.21299146
v -0.44329728 -0.98182482 0.22826419
v -0.43102176 -0.98548811 0.30045643
v -0.44299343 -0.67449004 0.20856731
v -0.44703220 -0.63958524 0.22309630
v -0.44801697 -0.61727236 0.22289405
v -0.44559042 -0.58559497 -0.24715339
v -0.44807561 -0.57771782 -0.24186275
v -0.42990237 -0.54487617 -0.22529925
v -0.44082192 -0.54890718 0.20242042
v -0.43523722 -0.48553053 -0.17413569
v -0.43831823 -0.40221532 -0.09361072
v -0.44903503 -0.40923369 -0.00464773
v -0.44257589 -0.37689102 0.07161836
v -0.44823423 -0.35288293 0.08110640
v -0.45145429 -0.14449037 0.14248353
v -0.45520086 -0.14169274 0.16927316
v -0.44186808 -0.13348904 0.09420432
v -0.43725092 -0.13080647 0.09339318
v -0.44439528 -0.09785273 0.10360883
v -0.43914853 -0.08305664 0.23565890
v -0.44966484 -0.06583319 0.22526430
v -0.44668630 -0.05911327 0.23304209
v -0.44504724 -0.04904492 0.24638396
v -0.44457361 -0.03125475 0.07185857
v -0.44380317 -0.02356869 0.23130892
v -0.43884590 -0.00471823 0.06102745
v -0.44441035 0.01831556 0.20069980
v -0.44401176 0.04227227 0.18362048
v -0.45923803 0.03005219 0.04648542
v -0.44435464 0.06726722 0.02756322
v -0.45072916 0.05242615 0.03570314
v -0.44289514 0.06576297 0.19596785
v -0.43840062 0.07557377 0.19439849
v -0.44936661 0.07735952 0.00122668
v -0.44476626 0.07613948 0.01687423
v -0.44321165 0.09384913 -0.00771589
v -0.44403631 0.11213969 -0.02064800
v -0.46572883 0.12841605 0.13328517
v -0.43468405 0.23743793 0.10331923
v -0.45105633 0.24299575 -0.08261765
v -0.44408560 0.24138834 -0.06680934
v -0.44973978 0.25866788 0.09094606
v -0.44756957 0.28497763 0.09402935
v -0.44431581 0.29925978 0.05981189
v -0.45669903 0.30964130 0.07494631
v -0.43871389 0.29080668 0.07383448
v -0.44521037 0.33042460 0.02138382
v -0.44396878 0.43431400 -0.00280750
v -0.44700133 0.43410348 0.03281819
v -0.44572207 0.43467016 0.05999737
v -0.45010693 0.44400645 0.05957717
v -0.45036701 0.45274175 0.01935591
v -0.44406614 0.45198395 0.06839117
v -0.43623360 -0.99494897 0.19781451
v -0.43621838 -0.98365250 -0.26125377
v -0.38980280 -0.98339580 -0.15669938
v -0.47636691 -0.98384066 0.12749509
v -0.42972070 -0.98472022 0.18844691
v -0.43514903 -0.98140361 0.21323003
v -0.43955317 -0.98078527 0.26675319
v -0.44402852 -0.97871848 0.24787438
v -0.44130261 -0.96237372 0.24647786
v -0.43741873 -0.95542962 0.22945108
v -0.44185495 -0.66230393 0.21634797
v -0.44257609 -0.59680556 0.22580076
v -0.42079028 -0.49037653 -0.16280481
v -0.41745270 -0.30894892 0.06701091
v -0.44202360 -0.34875732 0.09060787
v -0.45910909 -0.13113325 0.12919412
v -0.43086177 -0.16186563 0.16774454
v -0.44273389 -0.14232777 0.20336326
v -0.43611977 -0.11407324 0.12849262
v -0.44042751 -0.10775544 0.10130676
v -0.44220250 -0.11788092 0.21882360
v -0.44324117 -0.10222665 0.23194010
v -0.44127085 -0.10143253 0.12327592
v -0.44928982 -0.09250511 0.09553119
v -0.43799946 -0.09379675 0.13394869
v -0.43231990 -0.06135976 0.23350537
v -0.43820872 -0.05299601 0.24133845
v -0.42538685 -0.00395173 0.07147783
v -0.44293805 -0.04786134 0.08472429
v -0.43609189 0.00431087 0.05376793
v -0.43983311 0.03036603 0.04909408
v -0.42806891 0.04589974 0.04364502
v -0.43864391 0.08288712 0.01619626
v -0.43747774 0.10870097 -0.01414404
v -0.43046913 0.11839298 0.16707709
v -0.43536097 0.13158077 -0.03351934
v -0.44343014 0.13367103 0.14335528
v -0.43626109 0.14632338 -0.04379515
v -0.43243512 0.18700566 -0.06848405
v -0.44042558 0.21940183 -0.08316537
v -0.44506916 0.24904211 -0.06096382
v -0.43475396 0.28656261 0.09828820
v -0.43967346 0.29640376 0.08582334
v -0.43500463 0.29731338 0.06671079
v -0.45270095 0.30302405 -0.04019565
v -0.42894690 0.35456054 -0.02375216
v -0.43020853 0.35908739 0.03002421
v -0.44092425 0.33215912 0.03366379
v -0.43513410 0.43374038 0.05947333
v -0.43316084 0.43228753 0.07714046
v -0.43273982 0.43590177 0.09813357
v -0.44373137 0.44422884 -0.01690819
v -0.41173897 0.46245621 0.01871290
v -0.43917426 0.45045011 -0.02208326
v -0.43747597 0.44635565 0.09161852
v -0.42620770 0.47504359 0.00443574
v -0.43686234 0.52191675 0.00550116
v -0.44270478 0.53092354 0.03648594
v -0.43437844 0.53072978 0.08522768
v -0.43784066 0.53932747 0.03626722
v -0.43860375 -0.99488734 -0.26614324
v -0.41395162 -0.99900974 0.22748077
v -0.42359476 -0.98367380 -0.27359397
v -0.42937812 -0.95172950 0.21313441
v -0.43613399 -0.66028111 0.20807041
v -0.43184666 -0.63945370 0.20876431
v -0.43310643 -0.63769641 0.22324885
v -0.43467481 -0.61392298 0.23001373
v -0.43837041 -0.59523414 -0.25058641
v -0.41415292 -0.59365362 -0.26678729
v -0.43057349 -0.60002123 -0.23953358
v -0.42763997 -0.58547162 -0.25628937
v -0.43226784 -0.57904179 0.23418371
v -0.42731298 -0.55566094 0.23281483
v -0.43645063 -0.40062628 0.10260231
v -0.42573634 -0.38694303 -0.03885584
v -0.41482677 -0.38837796 0.15735053
v -0.41750527 -0.36519691 -0.01873638
v -0.43708282 -0.37624834 0.02162285
v -0.43091050 -0.35753702 0.11183443
v -0.42608171 -0.32566261 0.09705015
v -0.42449192 -0.31905461 0.08902405
v -0.42790524 -0.16236273 0.19071081
v -0.43061330 -0.14431479 0.21579310
v -0.42300963 -0.15343950 0.23183740
v -0.43453330 -0.13465910 0.23190926
v -0.43257269 -0.11858936 0.24240041
v -0.42629690 -0.12562430 0.12225950
v -0.42722170 -0.12083069 0.14646360
v -0.42871335 -0.11890811 0.16279950
v -0.43584028 -0.10068904 0.15837653
v -0.42313197 -0.10112851 0.24404156
v -0.44372262 -0.08688305 0.10442869
v -0.43055780 -0.06934262 0.12066097
v -0.42826962 -0.04639345 0.23039363
v -0.43550361 -0.04303476 0.24064501
v -0.43065590 -0.02823945 0.22129960
v -0.43483683 -0.00585583 0.20876170
v -0.43507894 0.01227060 0.19786925
v -0.43403843 0.04601004 0.17872716
v -0.41776212 0.05381331 0.17911339
v -0.41292148 0.06514588 0.03609535
v -0.44068567 0.08461797 0.18161396
v -0.43195700 0.10722087 -0.00187651
v -0.42899205 0.08755037 0.18289495
v -0.42813349 0.12669696 -0.01535039
v -0.42952835 0.13524832 0.15837102
v -0.43030110 0.13474140 -0.03251896
v -0.42347615 0.14541328 -0.04400637
v -0.42297620 0.16140677 0.14884516
v -0.42499127 0.15490154 -0.05243707
v -0.43502710 0.23364030 -0.07423515
v -0.43571971 0.23998677 -0.06696432
v -0.43061160 0.27589689 0.10570531
v -0.43028412 0.28175233 -0.06199991
v -0.42836828 0.28678178 0.09039654
v -0.43171005 0.28817788 0.07650122
v -0.42308938 0.31095872 0.06392556
v -0.42967203 0.35023741 0.05296395
v -0.42921113 0.36105413 -0.00889122
v -0.42152355 0.43606148 -0.05046618
v -0.43358948 0.43517627 -0.03245929
v -0.42955719 0.43240713 -0.01549515
v -0.43546569 0.43435876 0.00679074
v -0.42915311 0.43489444 0.07121262
v -0.43138583 0.44428534 -0.04004446
v -0.44918690 0.45377531 0.04150881
v -0.43166510 0.52114714 -0.01903348
v -0.42815445 0.51812648 -0.00501948
v -0.43187997 0.52290114 0.06530728
v -0.43394762 0.53063503 -0.01435854
v -0.42805419 0.53909393 0.08714777
v -0.43059805 0.54174808 0.01399858
v -0.39028291 -0.99514282 -0.25048594
v -0.41526640 -0.99480137 0.17394353
v -0.42373861 -0.99072978 0.30296353
v -0.42009572 -0.98072385 0.19083168
v -0.42334930 -0.97849240 0.30024987
v -0.42435971 -0.96312546 0.29590270
v -0.41651172 -0.94923834 0.19511351
v -0.42984596 -0.95465438 0.26608356
v -0.41535549 -0.94339540 0.20090544
v -0.39415024 -0.93829134 0.24739643
v -0.42689918 -0.63661599 0.21741110
v -0.42065476 -0.61311020 0.21647029
v -0.42477378 -0.60233738 -0.25291952
v -0.41295804 -0.60221267 -0.24638571
v -0.42056868 -0.60396639 0.23142927
v -0.41859305 -0.59561287 -0.23952178
v -0.42112425 -0.57313129 0.23878679
v -0.44999977 -0.58607535 -0.21844689
v -0.41946296 -0.54763316 0.24022675
v -0.41938012 -0.51278447 0.18750008
v -0.41328925 -0.47854915 0.21661113
v -0.39697290 -0.42530401 -0.15347313
v -0.44032237 -0.43596917 0.11925594
v -0.42714117 -0.35471122 0.08539190
v -0.42991573 -0.37567463 -0.07251215
v -0.41002162 -0.33574160 0.00908972
v -0.43238845 -0.15501447 0.10804395
v -0.41671092 -0.16371531 0.12190822
v -0.41724116 -0.16868446 0.13256222
v -0.43802566 -0.15290395 0.17907053
v -0.41921975 -0.16929026 0.20057170
v -0.41365488 -0.15549775 0.24049406
v -0.42442261 -0.14114946 0.24262159
v -0.40710792 -0.14995445 0.09047401
v -0.42957598 -0.12336317 0.12958360
v -0.41702955 -0.13954397 0.24614004
v -0.42968392 -0.11841730 0.10845206
v -0.42444240 -0.10096005 0.18302593
v -0.42314724 -0.07146983 0.15963565
v -0.41502758 -0.07667198 0.23320016
v -0.42477467 -0.03835537 0.11172617
v -0.42552999 0.00371475 0.06164739
v -0.43509759 0.00987969 0.03954236
v -0.40952222 0.01947251 0.19858900
v -0.42148742 0.04238445 0.17962144
v -0.42109086 0.08475650 0.16113096
v -0.41933946 0.09330048 0.15303409
v -0.41899689 0.10166886 0.17116676
v -0.42104568 0.11324003 0.16922447
v -0.42064298 0.14100317 0.15919650
v -0.41541400 0.19026427 0.13902917
v -0.42096295 0.19768743 -0.07853598
v -0.42960438 0.18404864 0.12491794
v -0.43525810 0.22251089 -0.08533970
v -0.41736129 0.22176135 0.11794544
v -0.41528056 0.22696205 -0.07176795
v -0.41892188 0.25952883 0.11451662
v -0.41770733 0.25199340 -0.07232793
v -0.41932687 0.27625262 0.10626988
v -0.42223895 0.28045782 0.08384488
v -0.41424589 0.29067971 0.07513608
v -0.41240402 0.30689071 0.06904675
v -0.43239926 0.31791454 0.05282241
v -0.41586825 0.35598566 -0.03910925
v -0.41332776 0.43571682 -0.05946877
v -0.42067723 0.43189916 -0.04081834
v -0.41604851 0.43429994 -0.02856116
v -0.42714075 0.43248251 0.09590622
v -0.42424726 0.44429735 0.11200871
v -0.43629395 0.43623346 0.03948712
v -0.42673520 0.48000565 0.03460281
v -0.41986270 0.51369587 -0.03624615
v -0.41889051 0.52343940 -0.04625867
v -0.42772809 0.52263890 -0.03037377
v -0.41703454 0.51706243 -0.01769551
v -0.41212390 0.52144924 -0.00038474
v -0.43606625 0.52187059 0.03841057
v -0.42020338 0.52574200 0.05939614
v -0.42717405 0.52127938 0.08830059
v -0.42054839 0.52538724 0.03148896
v -0.42162446 0.52445024 0.10826632
v -0.42705533 0.54404342 0.07037183
v -0.41111762 -0.99504365 0.31333792
v -0.41027760 -0.98550254 -0.29321316
v -0.41483735 -0.98368014 0.16990510
v -0.41200339 -0.96501641 0.32248364
v -0.41827307 -0.61571625 0.22408425
v -0.41256504 -0.60151358 -0.26634103
v -0.40813261 -0.56602873 -0.22680588
v -0.40757638 -0.56611097 0.22214995
v -0.40198964 -0.53550341 0.24650640
v -0.41939323 -0.56026931 0.20733187
v -0.41194219 -0.51910101 0.24175679
v -0.43923786 -0.54232698 -0.19131719
v -0.40630441 -0.45743375 -0.17403260
v -0.41879237 -0.40405747 -0.08738671
v -0.41529097 -0.38286386 -0.06691417
v -0.40907164 -0.35447411 -0.08074197
v -0.40694541 -0.32561714 0.09436052
v -0.41053272 -0.33578348 -0.04583576
v -0.40791867 -0.32191920 0.07575625
v -0.40943078 -0.16724881 0.09972244
v -0.41536866 -0.15345863 0.09113094
v -0.43048196 -0.12402725 0.09824299
v -0.40847631 -0.13266169 0.24564549
v -0.41907006 -0.11493223 0.18901142
v -0.41792415 -0.10711549 0.19671529
v -0.41335195 -0.04715747 0.22310431
v -0.41990522 -0.04405594 0.13634582
v -0.40709008 -0.03434641 0.21232383
v -0.41623959 -0.04808963 0.15581585
v -0.40571658 -0.02753811 0.14027954
v -0.41369650 -0.03012222 0.21632886
v -0.40679580 0.00072252 0.20964792
v -0.41274384 0.00604561 0.07751602
v -0.42079749 -0.01852988 0.09542949
v -0.41733014 0.02400347 0.04691292
v -0.41802842 0.00399720 0.05257914
v -0.41101763 0.01965001 0.04763599
v -0.41726639 0.03560268 0.05048716
v -0.42389910 0.06738230 0.19210104
v -0.40839825 0.06707762 0.17706098
v -0.42463291 0.07589645 0.19091804
v -0.42091211 0.08937145 0.17305818
v -0.41988456 0.09807289 0.16115040
v -0.41551158 0.11061952 0.14612497
v -0.41702167 0.11297309 0.15298581
v -0.41304571 0.12150440 0.15881927
v -0.42108720 0.13936875 -0.02639412
v -0.41319912 0.16705995 0.15048434
v -0.41874148 0.21540827 -0.08235672
v -0.40906236 0.20377875 -0.08200087
v -0.41709148 0.21981122 -0.07538074
v -0.40233313 0.25982085 -0.07499796
v -0.41253988 0.27927105 -0.07103435
v -0.41599376 0.31876789 0.06980354
v -0.41628702 0.34944916 0.06840728
v -0.41694194 0.38871792 0.01934605
v -0.40845906 0.38372235 0.05936448
v -0.41643235 0.43203524 0.10040916
v -0.40228708 0.43561076 0.13352335
v -0.41113714 0.45947623 0.05911540
v -0.41361390 0.47284420 0.09079309
v -0.42336267 0.47274024 0.07101471
v -0.40866513 0.48802726 0.08338002
v -0.41354168 0.50411719 0.01184827
v -0.41878738 0.49433724 0.04648699
v -0.41273298 0.52201763 0.01192776
v -0.41232525 0.51648543 0.03188300
v -0.41375583 0.52263552 0.03266329
v -0.40994111 0.52467526 0.08313064
v -0.41374769 0.51926983 0.10205309
v -0.41150106 0.52456015 0.07141181
v -0.40600445 0.53055750 0.12862103
v -0.42199932 0.53445419 -0.02743751
v -0.40765065 0.54469823 0.09598350
v -0.41380426 0.54920694 0.04509103
v -0.41022445 -0.98741228 0.32010034
v -0.41099913 -0.97915973 0.17668090
v -0.41116172 -0.95289724 0.31190227
v -0.42498334 -0.94772229 0.22316082
v -0.39814037 -0.60806905 -0.25923000
v -0.41103924 -0.59713403 0.22486810
v -0.39201342 -0.56072002 -0.25343310
v -0.39247818 -0.53879137 0.23183230
v -0.40536551 -0.48233820 -0.19519133
v -0.41284361 -0.43479691 0.15962882
v -0.41197545 -0.33181024 0.05136836
v -0.39043997 -0.30248677 -0.03871710
v -0.40934345 -0.29551785 0.08619145
v -0.40770200 -0.18245609 0.14598947
v -0.40282715 -0.17894375 0.17414281
v -0.38990905 -0.19198728 0.18909989
v -0.39606277 -0.17581664 0.12119289
v -0.39742530 -0.14861537 0.09608685
v -0.39197279 -0.15886666 0.24333955
v -0.39438643 -0.14640919 0.10768743
v -0.40686633 -0.14032184 0.14581106
v -0.40295100 -0.13729817 0.20694296
v -0.41331769 -0.11784121 0.20499921
v -0.40573269 -0.08360255 0.21440559
v -0.40313698 -0.10907714 0.23321090
v -0.40716107 -0.07476808 0.22135811
v -0.40638176 -0.07372100 0.20556171
v -0.40625111 -0.04976604 0.18490801
v -0.40619758 -0.03756164 0.15749298
v -0.41382005 0.01089397 0.04747182
v -0.40502403 0.00551297 0.06675099
v -0.40522773 0.07442386 0.16707487
v -0.39680037 0.06695326 0.16599173
v -0.41299487 0.09287133 0.01180330
v -0.40173303 0.08165993 0.14865599
v -0.42079259 0.13167825 -0.01901210
v -0.40992356 0.13935417 0.13769355
v -0.41066187 0.13114164 0.13877743
v -0.41223772 0.13100521 0.15853891
v -0.40475171 0.15311817 0.14661528
v -0.41026461 0.14903934 0.15518132
v -0.40478607 0.18470808 0.14393280
v -0.40409629 0.20631861 0.13755211
v -0.39585793 0.19998697 -0.07755613
v -0.40003530 0.21131196 -0.07094701
v -0.40704437 0.22195863 0.12999760
v -0.40622810 0.25804280 0.12120141
v -0.40875745 0.26724336 0.09654959
v -0.40794662 0.26837128 0.11015527
v -0.40478874 0.30199728 0.08207899
v -0.40480998 0.37478327 0.07120239
v -0.40998467 0.39754935 -0.02216399
v -0.41102278 0.40829276 0.00539576
v -0.40294845 0.43136659 0.02044385
v -0.40191739 0.43525579 -0.07227211
v -0.40081927 0.43087433 -0.05883677
v -0.40918054 0.43182038 -0.04902646
v -0.41840729 0.43792549 0.08549194
v -0.39277168 0.46514446 0.08882590
v -0.39983512 0.46374879 -0.05577564
v -0.41307743 0.47094163 -0.03019472
v -0.39856203 0.48317188 0.01896091
v -0.39278715 0.48050555 0.06987821
v -0.41095621 0.49079086 -0.01465787
v -0.41084557 0.51109852 0.06170572
v -0.40956161 0.51196980 -0.00003319
v -0.41191928 0.51142274 -0.05221505
v -0.40408272 0.51469406 -0.03065320
v -0.40803456 0.51347188 0.07338868
v -0.39957591 0.52193211 0.10399693
v -0.40655900 0.52090297 0.13117861
v -0.40340554 0.54707285 0.08500699
v -0.40925572 -0.99926505 0.26491271
v -0.39560401 -0.98566495 -0.30350775
v -0.39461970 -0.98356060 -0.29270879
v -0.37368858 -0.98358383 -0.22760124
v -0.43525168 -0.98331696 -0.00204798
v -0.40147045 -0.98332805 0.14659291
v -0.39627621 -0.97860858 0.15405966
v -0.38954880 -0.96261926 0.36510532
v -0.38881797 -0.94788800 0.34405289
v -0.39364957 -0.60021879 -0.27893340
v -0.40662155 -0.56871077 0.23970630
v -0.39828114 -0.56461855 0.23169127
v -0.39226725 -0.54872584 0.24066750
v -0.40365903 -0.51384576 0.24894513
v -0.39483647 -0.46884727 0.24868742
v -0.39280090 -0.48350955 0.25428916
v -0.40816729 -0.45991815 0.18232274
v -0.39841402 -0.44446644 0.21893591
v -0.38401489 -0.44353725 -0.15282588
v -0.38907443 -0.37682174 0.18501201
v -0.40719071 -0.38708856 0.13748095
v -0.39911482 -0.34757962 -0.04112966
v -0.38592707 -0.31700079 0.14675791
v -0.41965224 -0.32328255 0.00084201
v -0.39822637 -0.27623653 0.07605697
v -0.39257384 -0.18677224 0.19858518
v -0.38594571 -0.17933398 0.20875634
v -0.40182190 -0.16930762 0.21556665
v -0.39909090 -0.17226243 0.23055692
v -0.39735946 -0.16429215 0.09548571
v -0.39834456 -0.16899960 0.11389004
v -0.39068237 -0.16831181 0.24038102
v -0.39723440 -0.15118542 0.12209979
v -0.41802050 -0.13142679 0.16233876
v -0.40957705 -0.13147913 0.17564373
v -0.40716178 -0.11662818 0.24174223
v -0.40229329 -0.11124868 0.22400168
v -0.40310932 -0.05064038 0.20450957
v -0.39628448 -0.04518117 0.19829329
v -0.39688283 -0.04151412 0.17674724
v -0.39651235 -0.03587677 0.21251614
v -0.41096664 -0.01798907 0.21314355
v -0.39785437 0.00889835 0.06290388
v -0.38595970 0.01549942 0.19988846
v -0.39294429 0.03138867 0.18242185
v -0.39365313 0.02565015 0.05852619
v -0.39978591 0.04259979 0.16948609
v -0.39839382 0.11551514 -0.00774366
v -0.40414627 0.14152987 0.13235858
v -0.40458308 0.16185948 0.13034265
v -0.40063438 0.17423486 0.14131802
v -0.39692019 0.18090554 0.12127693
v -0.39639836 0.19314832 0.13618662
v -0.39523821 0.21640861 0.13387874
v -0.39094699 0.23929844 0.13178002
v -0.39883861 0.24538745 0.12962784
v -0.39633913 0.25400731 0.10163822
v -0.40495237 0.27172751 0.08788402
v -0.39911752 0.28380006 0.08247442
v -0.40006580 0.34144364 -0.05589254
v -0.39797144 0.36904574 0.07772427
v -0.38683483 0.43560677 -0.03194205
v -0.40121014 0.42658177 -0.01545331
v -0.40100467 0.42890100 0.03764262
v -0.39352366 0.42289261 0.06810306
v -0.39298123 0.43033137 -0.06670948
v -0.40697785 0.43482627 -0.04218970
v -0.39711934 0.44461979 0.00312346
v -0.39848153 0.43650934 0.11372645
v -0.40508807 0.44420320 -0.07040321
v -0.41617529 0.45223485 0.11577400
v -0.38706874 0.44407424 0.14863795
v -0.38852862 0.46418523 -0.02507422
v -0.39470797 0.45248785 0.13590932
v -0.40855243 0.45678984 -0.00417415
v -0.40256828 0.49546398 -0.02803934
v -0.40199085 0.50647037 -0.06479001
v -0.40056010 0.50700323 -0.02723037
v -0.39731454 0.51469687 0.09653231
v -0.37982576 0.50901549 0.14599924
v -0.40306020 0.52336572 0.09533730
v -0.39994847 0.51584990 0.12488232
v -0.40108926 0.52328725 0.13873089
v -0.40185112 0.53916822 0.12012615
v -0.40311198 0.54745585 -0.00050489
v -0.39699195 0.55448492 0.00782131
v -0.39396253 0.56554742 0.03366888
v -0.39232414 0.55452497 0.08570103
v -0.40091397 -0.99503632 -0.29628342
v -0.39462640 -0.99494333 0.02984942
v -0.38684133 -0.99581720 0.17716877
v -0.38767826 -1.00038815 0.32844769
v -0.39956367 -0.99666991 0.32865576
v -0.38099007 -0.95684535 0.37437934
v -0.39036263 -0.95439264 0.36300727
v -0.40228364 -0.94934734 0.17189663
v -0.38651080 -0.93828416 0.15121726
v -0.40010880 -0.93788616 0.17957570
v -0.38481962 -0.49837726 0.25482715
v -0.38454966 -0.49449497 -0.21492288
v -0.39535693 -0.50199984 0.22356166
v -0.38953976 -0.34850481 0.13537873
v -0.40339725 -0.36979869 -0.07104084
v -0.38570260 -0.33015987 -0.04471027
v -0.39394574 -0.32947088 -0.07292878
v -0.38508442 -0.30171279 0.11068253
v -0.38603083 -0.31660567 -0.02280956
v -0.39042456 -0.29418705 0.07600632
v -0.39557227 -0.28312203 0.11239442
v -0.42328383 -0.32371899 0.01621474
v -0.40993248 -0.30242312 0.10464144
v -0.38856642 -0.18592543 0.13113888
v -0.38366927 -0.18845599 0.16870572
v -0.38199007 -0.17862409 0.21674823
v -0.39279144 -0.16219176 0.11212134
v -0.38987895 -0.15384263 0.13360860
v -0.37451338 -0.16775575 0.14110695
v -0.39563203 -0.15193634 0.17006719
v -0.38125192 -0.15914572 0.24022318
v -0.37059797 -0.16404573 0.18377708
v -0.39293208 -0.13301629 0.22405446
v -0.39251184 -0.13255417 0.23331533
v -0.38835253 -0.04983038 0.19460768
v -0.39112907 -0.04989084 0.21113515
v -0.39773239 -0.01103462 0.13286718
v -0.39021531 0.01129479 0.08421404
v -0.39421119 0.01396216 0.12173264
v -0.40230336 0.01204088 0.09624153
v -0.38133778 0.02483344 0.12803677
v -0.38941222 0.03815359 0.16130714
v -0.40079919 0.04395003 0.05747524
v -0.39855321 0.05787875 0.17013746
v -0.39599033 0.07744893 0.14932290
v -0.39544741 0.08544582 0.02618615
v -0.39313845 0.11132547 0.13395109
v -0.39194080 0.14120036 -0.04492760
v -0.39707539 0.16051067 0.12469018
v -0.38978155 0.18505028 -0.07386553
v -0.38618261 0.20430969 -0.06580369
v -0.40116128 0.21975750 -0.07082446
v -0.38883421 0.25046929 0.12306782
v -0.37562128 0.26293077 -0.07530849
v -0.39686560 0.25918658 0.11415250
v -0.39794809 0.31574752 0.08717750
v -0.39009293 0.43552104 -0.08333988
v -0.39643069 0.43170250 0.12273384
v -0.39276646 0.43119494 0.13405681
v -0.38348729 0.44423597 -0.08780578
v -0.39113691 0.48134706 0.11245313
v -0.38898306 0.47550965 -0.01428871
v -0.38488867 0.49841270 0.00345210
v -0.40734425 0.46968177 0.04019157
v -0.38716782 0.49884857 -0.05057632
v -0.39055138 0.50394633 -0.06887994
v -0.39650240 0.50957235 -0.03707197
v -0.38478535 0.50674238 0.04558165
v -0.38799929 0.50678190 -0.05580461
v -0.38177743 0.50876987 0.15397702
v -0.39968934 0.51767751 -0.07532840
v -0.37962656 0.51711007 0.12411884
v -0.38077286 0.51888729 0.15842171
v -0.38491701 0.53202643 0.14270412
v -0.40207616 0.53309034 -0.04777941
v -0.37283546 0.53928240 0.12572334
v -0.40055748 0.55690123 0.05326555
v -0.37469562 -0.99459582 -0.31202739
v -0.37116051 -0.99486248 -0.18738629
v -0.39198138 -0.99494265 -0.11210449
v -0.38667638 -0.99388540 0.13792321
v -0.37727516 -1.00001011 0.35177085
v -0.37996910 -0.98595407 -0.31377661
v -0.40933800 -0.99459702 0.07734605
v -0.37767030 -0.98364412 -0.30649072
v -0.38304384 -0.97934404 0.13233615
v -0.38090034 -0.99295938 0.36264035
v -0.36375874 -0.92172348 0.21037788
v -0.37833522 -0.61327131 -0.28206667
v -0.39785428 -0.60935388 -0.26792367
v -0.38932862 -0.60127279 -0.25534161
v -0.35797175 -0.49561662 -0.22774695
v -0.38222356 -0.52238146 0.23916973
v -0.38583928 -0.52422000 0.24749071
v -0.38679550 -0.51097623 -0.20221255
v -0.36410056 -0.49248544 -0.20075148
v -0.38447571 -0.47455021 -0.17796855
v -0.37020905 -0.42046799 -0.17086902
v -0.38176159 -0.43538657 0.20793952
v -0.38485111 -0.45797412 0.25809115
v -0.36639640 -0.39784722 0.20180720
v -0.37350224 -0.33391494 -0.09779078
v -0.38308148 -0.34232767 -0.06645794
v -0.37404089 -0.29756342 -0.06337686
v -0.38683986 -0.29506336 0.01037852
v -0.38273211 -0.25468270 0.11078970
v -0.38793690 -0.25584465 0.09564577
v -0.37488489 -0.18660181 0.13685766
v -0.38168106 -0.18917534 0.14618609
v -0.37185883 -0.17847637 0.13207159
v -0.38342725 -0.17861257 0.23026243
v -0.37616759 -0.16965675 0.23554158
v -0.38686150 -0.16606407 0.12198627
v -0.38011135 -0.16678914 0.16104207
v -0.39177741 -0.14857374 0.18218159
v -0.37984716 -0.15899120 0.20592144
v -0.38212516 -0.07628901 0.20556774
v -0.37916181 -0.05614928 0.22503821
v -0.39651292 -0.02793101 0.15217989
v -0.39118174 -0.02368487 0.21789668
v -0.37581205 -0.00324773 0.14882325
v -0.38584572 0.02024395 0.13355030
v -0.37300320 -0.00148893 0.21118648
v -0.38313841 0.02970758 0.14880302
v -0.37961599 0.02594406 0.17550257
v -0.38179602 0.03089793 0.07209131
v -0.38671513 0.04653300 0.07351344
v -0.38129717 0.07141487 0.12898543
v -0.38512574 0.07025472 0.05299723
v -0.38667959 0.08343868 0.13307001
v -0.38734624 0.13465982 -0.02614281
v -0.36064195 0.13735452 -0.03162550
v -0.39258724 0.15647181 -0.05632883
v -0.38283071 0.18570453 0.11580885
v -0.38727449 0.20464439 0.12192670
v -0.38838381 0.24708717 0.10631316
v -0.38527110 0.25023800 0.09830553
v -0.38038051 0.24032871 0.12030151
v -0.38015504 0.26852360 0.08490749
v -0.37552847 0.29521273 -0.07539975
v -0.37376554 0.31763136 0.09829402
v -0.37585209 0.37587888 -0.05942966
v -0.39069652 0.35831657 0.08291697
v -0.39057829 0.38974671 -0.04700691
v -0.38848791 0.39005511 0.08596055
v -0.38525463 0.42965655 -0.07457994
v -0.37673941 0.43065199 0.14209188
v -0.37880040 0.43513946 0.15287656
v -0.37472325 0.43983766 -0.04147939
v -0.37774126 0.46725626 -0.07472613
v -0.38423600 0.45891320 -0.02311040
v -0.38331837 0.46737824 -0.01169591
v -0.37989816 0.47938235 0.01505354
v -0.38923959 0.48594287 -0.05172899
v -0.38033004 0.47492716 -0.01825587
v -0.38110340 0.49127695 -0.01028392
v -0.37656167 0.49761744 -0.09615015
v -0.39358418 0.50448952 -0.08050744
v -0.37415164 0.50125311 -0.07167569
v -0.38156470 0.50426942 0.06571257
v -0.37548898 0.51378259 0.13200963
v -0.38810937 0.52649887 -0.06847980
v -0.38197644 0.55214638 -0.02268571
v -0.38157568 0.57157671 0.07733690
v -0.37982299 -0.99459451 -0.11387217
v -0.36267636 -0.99444713 0.03534500
v -0.37434860 -0.99795502 0.36095184
v -0.37429559 -0.98306910 0.08854442
v -0.37759192 -0.98294123 0.10889765
v -0.36793056 -0.97949219 0.10688020
v -0.37044744 -0.96995064 0.11715201
v -0.37462809 -0.95692872 0.37209602
v -0.38044526 -0.94889887 0.36574565
v -0.36321180 -0.93865181 0.32012008
v -0.36674686 -0.93350041 0.28849170
v -0.35239965 -0.92184609 0.24615747
v -0.37038696 -0.61528619 -0.27225483
v -0.38059932 -0.60924625 -0.26319704
v -0.36787925 -0.54032675 -0.22906258
v -0.37479102 -0.50337460 0.24747730
v -0.37732670 -0.49836449 0.23971148
v -0.37410326 -0.48415205 0.25825518
v -0.38386027 -0.47239602 0.22855991
v -0.37853087 -0.43861812 0.25693874
v -0.35442857 -0.40402830 -0.14698743
v -0.38302332 -0.36399912 -0.08804856
v -0.37791996 -0.28368370 0.00280260
v -0.38675865 -0.29018962 0.09378224
v -0.38306112 -0.27523904 -0.01932205
v -0.37044201 -0.26124476 0.07039513
v -0.37495974 -0.23178144 0.10341739
v -0.38022445 -0.24933395 0.04801570
v -0.37422740 -0.19377332 0.19120630
v -0.37485038 -0.17742437 0.15826254
v -0.36564139 -0.18056527 0.19107663
v -0.37577356 -0.16890965 0.20834076
v -0.37142359 -0.17362389 0.22366632
v -0.37255491 -0.15923930 0.22039252
v -0.37564383 -0.08502368 0.21163747
v -0.37480464 -0.07984658 0.22457125
v -0.37266339 -0.05991965 0.18975191
v -0.37357066 -0.04583107 0.18208059
v -0.37941513 -0.01386370 0.21807296
v -0.37417291 -0.01767216 0.15874003
v -0.37480017 0.00827323 0.14981752
v -0.37639013 0.01413882 0.19627027
v -0.37970362 0.01886159 0.10323676
v -0.37202850 0.01788821 0.17132137
v -0.37949030 0.01937879 0.08191479
v -0.37256594 0.02770561 0.11055697
v -0.36922730 0.04061779 0.10647061
v -0.37834879 0.05361374 0.09178299
v -0.37929242 0.05482458 0.15043455
v -0.37953371 0.06397095 0.14415650
v -0.37172064 0.05532676 0.12451247
v -0.37654529 0.06405687 0.11085748
v -0.37536496 0.09193076 0.03808053
v -0.37434862 0.10033011 0.11827181
v -0.37050904 0.13786175 0.11688833
v -0.37710069 0.18912943 -0.07000198
v -0.37641604 0.23122474 0.12133238
v -0.37235121 0.24062002 0.10724340
v -0.38487971 0.28067757 0.08457108
v -0.38343620 0.29586660 0.09153733
v -0.38772731 0.32463272 -0.06599944
v -0.36414416 0.33011634 0.09946744
v -0.37481188 0.38634069 0.09502143
v -0.36873718 0.42125094 -0.05162679
v -0.37611173 0.41382179 0.09115186
v -0.37537894 0.43099539 -0.08859085
v -0.37768136 0.42916957 -0.08253559
v -0.37648972 0.43432161 -0.07057903
v -0.37507958 0.44561878 0.09328731
v -0.37600101 0.43470274 0.13357630
v -0.39302770 0.43609665 -0.05533130
v -0.37454468 0.45980546 -0.03536965
v -0.38257500 0.46658353 -0.02999585
v -0.38687231 0.44442752 0.07474608
v -0.37333629 0.47531707 0.10025027
v -0.36833152 0.44604616 0.16057158
v -0.37989809 0.47188315 0.06167692
v -0.37745103 0.48260270 0.03753049
v -0.36869498 0.49099690 -0.07417735
v -0.37416386 0.49122455 -0.00377162
v -0.37271979 0.49814269 0.08532994
v -0.37444469 0.49832782 -0.07923673
v -0.38098827 0.49959867 -0.05890282
v -0.37335229 0.50014330 -0.00878596
v -0.36865210 0.50575939 -0.00297243
v -0.37480242 0.50712200 -0.10166038
v -0.38005641 0.50027756 -0.00337090
v -0.37718099 0.50541107 0.12183146
v -0.37733018 0.51538725 -0.09252628
v -0.37340106 0.51499151 -0.00019485
v -0.37847952 0.51779885 0.02145783
v -0.36646840 0.52264658 0.08100450
v -0.38621899 0.54116452 -0.03023701
v -0.38361847 0.54809459 0.10471761
v -0.37705635 0.58082651 0.00628922
v -0.36104549 -0.99651693 0.35446535
v -0.35942566 -0.99281886 0.08672753
v -0.36280777 -0.98289727 0.08478742
v -0.37283556 -0.98435001 0.36611483
v -0.35732694 -0.93297244 0.29931462
v -0.37851176 -0.92725572 0.18813756
v -0.37979609 -0.92829474 0.15534152
v -0.36054159 -0.62097412 -0.28545274
v -0.36527345 -0.60716122 -0.29342009
v -0.36064438 -0.44922001 0.24783861
v -0.36122450 -0.43030955 0.23787639
v -0.37137387 -0.45249272 0.26373807
v -0.37156006 -0.39082796 0.22081595
v -0.35752902 -0.35886088 -0.13492361
v -0.36187678 -0.32239175 0.15630875
v -0.37027870 -0.29967275 -0.03268960
v -0.36507263 -0.28253505 0.12794234
v -0.37045481 -0.26144986 0.10146694
v -0.37822338 -0.27812732 0.02534986
v -0.35976214 -0.24022779 0.10559211
v -0.38123999 -0.25648774 0.00264064
v -0.36664103 -0.17896201 0.17622765
v -0.37107096 -0.16376705 0.22972547
v -0.36490934 -0.08534825 0.19658688
v -0.36501814 -0.01052827 0.16510428
v -0.36546268 -0.01413786 0.21562117
v -0.36546286 0.00268821 0.16895757
v -0.37323198 0.03880103 0.13638794
v -0.37159182 0.07857417 0.08147522
v -0.36628160 0.09732382 0.04649004
v -0.35428104 0.14754137 0.10136950
v -0.36204311 0.11736781 0.01189878
v -0.38004878 0.11560185 -0.00125255
v -0.35935350 0.13388136 -0.01190741
v -0.36500348 0.17352051 -0.06081144
v -0.37155050 0.19671020 -0.05845750
v -0.36537344 0.19283006 -0.05382707
v -0.35521412 0.23854097 0.08944223
v -0.37143317 0.36828623 0.08943193
v -0.36563405 0.42857782 -0.08433199
v -0.36727397 0.43779673 -0.10049960
v -0.36619647 0.46528633 -0.04880726
v -0.36766096 0.46664047 0.09697512
v -0.37133298 0.47898530 0.08294683
v -0.36842854 0.47784243 0.09590013
v -0.36216263 0.49259119 -0.10580235
v -0.36504859 0.51118861 0.00471709
v -0.35859527 0.51990055 0.07454926
v -0.36774919 0.49489634 0.08190818
v -0.35897196 0.50434316 0.14544514
v -0.36966694 0.50500255 0.15629014
v -0.36625166 0.50618411 0.16970745
v -0.36657248 0.51653554 -0.00138796
v -0.35498420 0.51384821 0.17673267
v -0.36548042 0.52639030 0.15890133
v -0.36581263 0.52968708 0.00701808
v -0.36903966 0.53535538 -0.05434152
v -0.36473363 0.53526167 0.13877343
v -0.36327739 0.54886826 0.12094571
v -0.36963802 0.56215431 0.10529818
v -0.36084694 0.60292695 0.08365254
v -0.37284951 0.59493967 0.04805443
v -0.36189037 0.61331674 0.06017934
v -0.36255152 0.61022429 0.03246614
v -0.34609370 -0.98338897 -0.06123091
v -0.35311500 -0.98319934 0.05835607
v -0.35842410 -0.96350308 0.35719764
v -0.36932274 -0.92567286 0.12709439
v -0.35043161 -0.61647011 -0.29896776
v -0.35003201 -0.61653050 -0.27646881
v -0.34449104 -0.60541366 -0.29734463
v -0.36295855 -0.57583165 -0.27342594
v -0.36657817 -0.47804074 0.24833161
v -0.36061068 -0.46134495 0.25622402
v -0.35903362 -0.42278181 0.26902614
v -0.35713871 -0.29984614 -0.05382336
v -0.35465786 -0.30620831 0.18615681
v -0.35790014 -0.26955901 -0.02184813
v -0.35870810 -0.25609002 0.00280547
v -0.36013567 -0.25347376 0.14718295
v -0.36255863 -0.25161728 0.03029231
v -0.34925911 -0.22429554 0.05124256
v -0.34661104 -0.21582732 0.11099351
v -0.36797478 -0.22681825 0.11698781
v -0.35273570 -0.20064330 0.05688218
v -0.35929327 -0.20195765 0.10925912
v -0.35168971 -0.09397908 0.21150561
v -0.36172931 -0.09006125 0.22410987
v -0.35384448 -0.05289381 0.18977426
v -0.36163013 -0.08145020 0.22755201
v -0.36736479 -0.04488612 0.22776896
v -0.35000438 -0.04746699 0.22285787
v -0.35731485 -0.03679046 0.18447459
v -0.35917639 -0.00734375 0.20591590
v -0.35450785 -0.01110690 0.18950949
v -0.36493188 0.00775287 0.18786922
v -0.36468247 0.09526085 0.06245820
v -0.36325633 0.10199074 0.09258639
v -0.36266399 0.15723965 0.12957446
v -0.36800322 0.17106103 0.13041987
v -0.36078247 0.17170810 0.10687536
v -0.35977986 0.18026320 -0.06069828
v -0.36409615 0.19683299 0.11859145
v -0.35938289 0.21937207 -0.06231371
v -0.36381960 0.24671118 -0.07103477
v -0.35925917 0.26160526 0.07929544
v -0.34146730 0.38219854 0.11108983
v -0.36117512 0.41011418 0.10056284
v -0.35708063 0.42617455 -0.09779384
v -0.34279350 0.42685550 -0.09239309
v -0.35695101 0.43571544 -0.08144764
v -0.35795947 0.46637220 0.10852608
v -0.35823048 0.46407582 0.15293738
v -0.36398764 0.46011503 -0.04338333
v -0.35671055 0.47404196 0.11503889
v -0.35225610 0.47906134 -0.09054406
v -0.35913271 0.49937600 -0.11369623
v -0.35512790 0.49134015 -0.09254189
v -0.37037815 0.49285036 0.06761546
v -0.34784453 0.50208714 0.15503446
v -0.35829335 0.50635476 0.17736689
v -0.36105382 0.51504672 0.07750990
v -0.35667212 0.52777702 0.01340474
v -0.35956020 0.53950383 0.00672016
v -0.35903421 0.52848584 -0.07299253
v -0.36691862 0.53796826 0.05633653
v -0.35687879 0.53439555 0.08075962
v -0.36564242 0.54282329 0.02876174
v -0.34876327 0.57221889 0.05850590
v -0.36285991 0.57731247 -0.02796471
v -0.35622733 -0.99503396 -0.32391621
v -0.34512069 -0.99665086 0.17018353
v -0.34520682 -0.97961089 0.06493006
v -0.34399872 -0.92196323 0.26414782
v -0.34991871 -0.90887551 0.03917763
v -0.35567718 -0.91829661 0.10453189
v -0.34504273 -0.90155945 0.09990000
v -0.36100177 -0.91526138 0.12746718
v -0.35017270 -0.90060189 0.02663925
v -0.35732409 -0.90032710 0.04537443
v -0.35594883 -0.90059617 0.06196102
v -0.34809239 -0.89136705 0.02777290
v -0.35684693 -0.89295213 0.06489054
v -0.34942908 -0.89339127 0.08349787
v -0.32826537 -0.85863716 0.04186970
v -0.33905461 -0.62584917 -0.29487176
v -0.32774104 -0.56421769 -0.25500827
v -0.35787598 -0.56503574 -0.24695229
v -0.36018398 -0.46110802 -0.18231207
v -0.34429073 -0.41945732 0.27221965
v -0.35222437 -0.40806582 0.27217966
v -0.35698346 -0.40448182 0.26302443
v -0.35004105 -0.36820581 0.23833407
v -0.35228947 -0.23050103 -0.02336807
v -0.34791193 -0.22057080 0.08110215
v -0.36040498 -0.22375472 0.01770356
v -0.34845152 -0.08699935 0.22557108
v -0.34886959 -0.08005539 0.19459137
v -0.35258954 -0.02640922 0.19077735
v -0.34753225 0.12142858 0.04296079
v -0.35729040 0.10834059 0.07527441
v -0.34470973 0.15971262 0.08754604
v -0.35280005 0.15602975 0.12494755
v -0.34409216 0.14603496 0.12896660
v -0.35401691 0.17880555 -0.05559696
v -0.35172445 0.19238467 -0.04330537
v -0.36342935 0.18554465 0.11639360
v -0.34491096 0.18107424 0.10706486
v -0.33886117 0.19341896 0.10485816
v -0.36102732 0.27086785 0.08338316
v -0.35144983 0.28143515 0.09301185
v -0.34966817 0.29360105 -0.07419327
v -0.36297249 0.30170362 0.09855657
v -0.34925925 0.35432632 0.09576722
v -0.35728597 0.35149579 -0.06849863
v -0.35353441 0.43667236 0.14598730
v -0.35710140 0.43027130 0.15180380
v -0.35669193 0.43005238 0.15895777
v -0.34941432 0.46450550 -0.09680720
v -0.34648486 0.47509536 0.12494808
v -0.34970252 0.46779816 0.11416658
v -0.33390328 0.47159630 0.16382213
v -0.35036188 0.47498945 -0.05771248
v -0.35980554 0.47314490 0.14757205
v -0.33893013 0.49126699 -0.12665918
v -0.36155310 0.49442522 0.14014574
v -0.35285600 0.49932244 0.17018396
v -0.33411931 0.49260444 0.17974799
v -0.34808778 0.49883141 0.18252597
v -0.35886290 0.51039933 -0.10552608
v -0.34264771 0.52293307 -0.08701680
v -0.35696856 0.52347189 0.07720815
v -0.34447408 0.54529636 0.07589192
v -0.34183296 0.55698574 -0.07059002
v -0.34852034 0.55186442 0.07907784
v -0.34984879 0.55977548 0.07285975
v -0.35769876 0.55655692 0.01619197
v -0.35614694 0.59535889 -0.01877802
v -0.34634666 0.58286242 0.11766532
v -0.35415735 0.61169595 0.00317419
v -0.35317279 0.63628626 0.03677520
v -0.35188689 0.63532147 0.06614028
v -0.33172080 -0.99512168 -0.07129261
v -0.34025539 -0.99930783 0.33129748
v -0.35054658 -0.98565230 -0.33140110
v -0.29547393 -0.98343290 -0.29004218
v -0.31892138 -0.98373616 -0.00904878
v -0.35148028 -0.96012651 0.08765795
v -0.36845515 -0.95185947 0.36076706
v -0.35182788 -0.91190848 0.18743972
v -0.34213638 -0.90618091 0.03629559
v -0.34723007 -0.90417938 0.06440598
v -0.34089063 -0.90326563 0.07276116
v -0.34073970 -0.89882650 0.14618254
v -0.35070149 -0.88374108 0.08413147
v -0.34093374 -0.53102844 -0.25527552
v -0.35128994 -0.44065195 0.26339707
v -0.35450897 -0.44256130 -0.19557180
v -0.34723694 -0.43730978 0.25531313
v -0.32660994 -0.37822925 -0.17207959
v -0.33997548 -0.38306956 0.27284633
v -0.32684625 -0.36617454 0.27992337
v -0.33400793 -0.28217340 0.17075164
v -0.34225691 -0.25015038 0.14221349
v -0.34289223 -0.20748143 0.15481374
v -0.34673215 -0.18088495 0.10118364
v -0.34327977 -0.07579932 0.22570793
v -0.34237551 -0.05659399 0.20104959
v -0.33883682 -0.06133494 0.21220498
v -0.35021310 -0.02623755 0.20455324
v -0.33823286 0.15048573 0.06875796
v -0.34748377 0.15115731 0.13653530
v -0.33935690 0.15386812 0.12789566
v -0.34220967 0.15589099 0.13107604
v -0.34019461 0.16901442 -0.04305870
v -0.33598671 0.16854439 0.09239426
v -0.35117781 0.22000626 0.11024975
v -0.35111363 0.23258646 0.10398827
v -0.33457456 0.22435306 0.09434999
v -0.34320839 0.23242039 0.08241483
v -0.34257689 0.25295672 0.07130286
v -0.32104951 0.33694978 0.10028970
v -0.32252945 0.35042005 0.10193996
v -0.32975596 0.42892220 0.16536494
v -0.33040988 0.42840937 0.17231124
v -0.35177325 0.43592393 0.16998938
v -0.32188210 0.44336745 0.18278451
v -0.35332472 0.44769139 0.11064420
v -0.35261337 0.46233749 -0.06714844
v -0.34781154 0.46762563 -0.05085140
v -0.33676321 0.48324526 -0.05996651
v -0.34194222 0.47467537 -0.05388915
v -0.33489875 0.48274886 -0.10668138
v -0.33926235 0.48315489 -0.11996843
v -0.34252070 0.49960748 0.16507857
v -0.33828229 0.49960364 -0.12243959
v -0.34389779 0.50649564 0.18662284
v -0.33723654 0.53010962 0.15772041
v -0.34812843 0.54510156 0.01206002
v -0.34204180 0.55325070 0.08338515
v -0.33430957 0.55042360 0.14449432
v -0.34753347 0.55726711 0.00470407
v -0.34186754 0.56938116 0.08339722
v -0.34477811 0.56620929 0.00450555
v -0.35045738 0.57517625 0.02405302
v -0.34994158 0.58900933 -0.03401800
v -0.33311162 0.61173178 -0.03420730
v -0.35040968 0.61474637 0.08833045
v -0.35475473 -1.00084059 0.25104243
v -0.30805819 -1.00143278 0.28976060
v -0.34251423 -0.98365174 -0.32748803
v -0.33406117 -0.98359865 0.01795636
v -0.33897948 -0.98320957 0.03472737
v -0.32809421 -0.95349007 0.32820908
v -0.34272191 -0.90401366 0.07996932
v -0.33289717 -0.91258543 0.05304329
v -0.33359632 -0.91099984 0.23654635
v -0.34152631 -0.90186290 0.01811711
v -0.34178383 -0.89167768 0.01500510
v -0.34150192 -0.89463676 0.09215411
v -0.33309254 -0.88670131 0.11343524
v -0.34071469 -0.88342542 0.10488997
v -0.34212462 -0.87493637 0.10406758
v -0.34996376 -0.62391860 -0.28622451
v -0.30905773 -0.41993087 -0.18228815
v -0.33155752 -0.41923929 0.26332276
v -0.33528279 -0.39752269 0.27874730
v -0.35092367 -0.33224173 0.21160569
v -0.35208705 -0.23980330 -0.03670272
v -0.33029388 -0.22994861 -0.01977725
v -0.32925419 -0.20966072 0.14239783
v -0.32937814 -0.23595468 0.18043305
v -0.35674602 -0.20219062 0.11851007
v -0.33801521 -0.08296686 0.20793034
v -0.33836718 -0.08248417 0.21718332
v -0.34388325 0.13580104 0.00662338
v -0.33177760 0.14228363 -0.00739113
v -0.32979492 0.17694909 0.09300970
v -0.33409638 0.17683945 -0.03844469
v -0.33730874 0.18701835 -0.02678221
v -0.34216263 0.21121442 -0.04734128
v -0.33731762 0.28003508 -0.07037187
v -0.32345404 0.27653023 0.08731041
v -0.32283882 0.28826652 0.09418313
v -0.32858394 0.29750747 -0.07020597
v -0.32694443 0.37083219 0.11209051
v -0.33355681 0.41126491 0.11233452
v -0.34980771 0.39304604 -0.06708436
v -0.33791882 0.43645039 -0.11446757
v -0.34698277 0.42945875 -0.06126126
v -0.32186647 0.45277543 -0.06824843
v -0.34557259 0.46397253 -0.05308663
v -0.33066878 0.48279618 -0.12893019
v -0.33006117 0.48077508 0.12927130
v -0.33916359 0.49173248 0.15954683
v -0.33422202 0.49849816 0.19294495
v -0.32188501 0.51425038 -0.10156429
v -0.32396042 0.53392993 0.16414265
v -0.34560316 0.53804803 0.14432872
v -0.34391078 0.54763165 0.06007089
v -0.33363873 0.56316384 0.08630663
v -0.33645657 0.56700376 0.01395716
v -0.33592860 0.55936136 0.07371087
v -0.33406660 0.57782888 0.08944713
v -0.34360284 0.57764517 0.00880823
v -0.33491308 0.59865769 0.07710561
v -0.33524644 0.60250355 0.02300829
v -0.34248705 0.59218681 0.03987538
v -0.33084224 0.60746531 0.11496768
v -0.33779365 0.60986224 0.05139181
v -0.33950010 0.63237142 0.09151385
v -0.32359860 -0.99479276 -0.34054108
v -0.31035074 -0.99586146 0.15957840
v -0.32435639 -0.98623382 -0.34350316
v -0.33042271 -0.96309678 0.33558448
v -0.33202581 -0.92087691 0.26027389
v -0.33406347 -0.90713942 0.04983888
v -0.32345759 -0.90815270 0.23108442
v -0.32929538 -0.90204697 0.02610559
v -0.32971839 -0.89164385 0.00137114
v -0.33298781 -0.89858380 0.01084492
v -0.32643872 -0.89965355 0.21131103
v -0.32670946 -0.88426309 -0.00196088
v -0.32435531 -0.88005472 0.12931353
v -0.30800978 -0.85521685 -0.00495464
v -0.33413895 -0.87525244 0.11980272
v -0.32268092 -0.86469469 0.13862283
v -0.30741200 -0.84020984 0.10957754
v -0.32741231 -0.62551085 -0.30351223
v -0.32160820 -0.61723701 -0.30757117
v -0.31155688 -0.47030143 -0.20850255
v -0.32651383 -0.41073659 0.27206918
v -0.32202027 -0.41683765 -0.19638279
v -0.33328949 -0.38413598 0.28048023
v -0.33229505 -0.34251316 -0.14464735
v -0.31678198 -0.33002837 0.25856011
v -0.31511961 -0.17689707 0.06430432
v -0.33407087 -0.19490126 0.15891443
v -0.32663914 -0.16916833 0.04522535
v -0.32362568 -0.16001706 0.06890319
v -0.32753217 -0.16206532 0.11485331
v -0.33187417 0.13771637 0.12934956
v -0.33099463 0.14228273 0.12366387
v -0.33325492 0.14434801 0.13550432
v -0.33495843 0.14426133 0.04887147
v -0.31855595 0.15186917 0.04887631
v -0.32182119 0.14870898 0.05488393
v -0.32695149 0.15333997 0.06691592
v -0.34628205 0.13790644 -0.02184283
v -0.32498696 0.16896759 -0.02594280
v -0.32379114 0.21486606 0.08838702
v -0.33433861 0.22556760 0.07922729
v -0.33019115 0.24612304 0.06050700
v -0.30700717 0.26542023 0.06876072
v -0.33759029 0.25894537 0.07279367
v -0.32947630 0.34063830 -0.07028840
v -0.33964379 0.42725274 -0.11253714
v -0.32439140 0.43560481 0.18291745
v -0.32360557 0.46034370 0.17147733
v -0.33299840 0.47330156 0.12432992
v -0.31210590 0.47833384 -0.08269447
v -0.33102885 0.47550247 -0.05849336
v -0.31589888 0.47653166 0.13055107
v -0.32446621 0.47694015 0.13966023
v -0.33207622 0.48428516 -0.06640812
v -0.32663940 0.49572951 -0.12912796
v -0.32069305 0.48987544 0.17439741
v -0.33127198 0.51307574 0.18529548
v -0.32147893 0.52297898 0.16983841
v -0.32671317 0.54078539 -0.08381507
v -0.33139006 0.57198467 -0.06854843
v -0.32723005 0.56975917 0.08237896
v -0.32953297 0.58094865 0.00679455
v -0.32979362 0.57806052 0.04226236
v -0.32609397 0.57380026 0.09267157
v -0.32678426 0.58914564 0.00654498
v -0.32684059 0.58648613 0.09400666
v -0.33313245 0.59155036 0.00805083
v -0.32809674 0.61684007 0.07266221
v -0.32781338 0.61852866 0.03049437
v -0.34244527 0.63327869 0.00730809
v -0.34312052 0.64393686 0.05910640
v -0.34002093 -0.99445858 0.03056324
v -0.30923679 -1.00042355 0.30770497
v -0.31808684 -1.00004648 0.31555018
v -0.32818748 -0.99662818 0.33076942
v -0.31550669 -0.99335813 0.05938413
v -0.33382133 -0.99480593 0.33604793
v -0.32179491 -0.98206898 0.01112222
v -0.32999092 -0.97792318 0.03633149
v -0.31713316 -0.96909598 0.01490229
v -0.33864895 -0.93256495 0.29049117
v -0.32603953 -0.93739612 0.03801887
v -0.32395714 -0.90945492 0.03162566
v -0.31578851 -0.89145712 -0.00538319
v -0.31863216 -0.89667605 0.20749376
v -0.31834810 -0.88676880 0.17939503
v -0.31317653 -0.87618552 -0.01478803
v -0.32951571 -0.86419015 0.12447325
v -0.32033288 -0.84990045 0.09296377
v -0.33398600 -0.86200103 0.06649770
v -0.31015580 -0.62483576 -0.31076951
v -0.29847815 -0.63533491 -0.30227458
v -0.32509363 -0.62363028 -0.28462702
v -0.31557704 -0.50847683 -0.22820731
v -0.32582080 -0.38203798 0.25227416
v -0.31901529 -0.37211257 0.28576946
v -0.32536409 -0.26449904 0.20153197
v -0.30751114 -0.20951196 -0.05739960
v -0.33667795 -0.28986307 -0.06932468
v -0.33801808 -0.25568050 -0.03767473
v -0.31428113 -0.19471250 -0.03716386
v -0.31285146 -0.19323121 0.15906433
v -0.32349018 -0.18130978 0.16867898
v -0.30848658 -0.17742635 -0.02665248
v -0.33359277 -0.19402457 0.10115441
v -0.30237192 0.11430151 0.13761287
v -0.31705236 0.13862976 0.12946074
v -0.32171691 0.14601381 0.01959741
v -0.31560154 0.14034730 0.05671772
v -0.31495753 0.15075978 0.06663849
v -0.32762844 0.19250839 -0.01482054
v -0.31411920 0.17863241 -0.01186313
v -0.31473404 0.19338062 0.01085106
v -0.31744251 0.20072466 0.01043471
v -0.31586449 0.20981666 0.07693450
v -0.32216758 0.21705929 0.06565441
v -0.32182388 0.23773238 -0.03987096
v -0.32032920 0.21929640 0.05451951
v -0.31796723 0.24071843 0.04678688
v -0.34292521 0.23387188 -0.05856458
v -0.33488461 0.31109049 0.10103161
v -0.31772425 0.38173401 -0.07316870
v -0.32205475 0.38551155 0.11704392
v -0.33037705 0.42209255 -0.10549436
v -0.32609572 0.42743635 -0.09728211
v -0.29643829 0.46054201 0.13255580
v -0.32393298 0.47234129 -0.10688644
v -0.31523516 0.47470132 -0.11488530
v -0.31550062 0.47459748 -0.12416313
v -0.31832686 0.48328879 0.13754864
v -0.30926806 0.47656782 0.17584710
v -0.31183389 0.48457964 -0.07754789
v -0.31559541 0.48436271 0.19674502
v -0.31073339 0.54286471 -0.09655745
v -0.32122850 0.57647478 0.08825626
v -0.31471638 0.58488098 0.10303744
v -0.31923166 0.59351857 0.01190286
v -0.31578046 0.60898298 -0.06416497
v -0.31903112 0.62630816 0.12233069
v -0.34079494 0.63952765 0.01969852
v -0.29858546 0.65235459 0.02976627
v -0.32576457 0.64065666 0.08762934
v -0.30945522 -0.99462795 -0.34572286
v -0.30089541 -0.99542771 -0.34104673
v -0.29645639 -1.00138079 0.23973096
v -0.30471491 -0.98128854 -0.01287800
v -0.30066572 -0.96947490 -0.01192602
v -0.30577610 -0.90404113 0.21163374
v -0.30883521 -0.91102309 0.00815667
v -0.31308343 -0.89767010 0.00892964
v -0.31392320 -0.84471521 0.01637122
v -0.31322212 -0.85358171 0.14343313
v -0.30938119 -0.83272106 0.08739983
v -0.32354553 -0.84389818 0.06391169
v -0.31523145 -0.81804917 0.04971988
v -0.31617800 -0.82165130 0.06123647
v -0.30996481 -0.78658712 0.05728846
v -0.31928150 -0.63036769 -0.29447828
v -0.30600623 -0.60277693 -0.27748647
v -0.31315344 -0.58207554 -0.28765694
v -0.32086773 -0.47680960 -0.23059873
v -0.31627273 -0.39847568 0.26918525
v -0.31740691 -0.39043130 0.28047390
v -0.30439456 -0.36901934 0.28711349
v -0.30362266 -0.35152698 0.29216787
v -0.31168878 -0.34620746 0.28857092
v -0.32386199 -0.34905734 0.22914874
v -0.27904522 -0.26687907 -0.13471421
v -0.31482972 -0.27705890 -0.11081371
v -0.31784512 -0.19828430 0.18654320
v -0.31709553 -0.18862576 0.03619666
v -0.31231585 -0.17149170 -0.01114473
v -0.29739347 -0.12164526 0.11128658
v -0.31696812 0.12837263 0.12425135
v -0.30318746 0.11137802 0.12988361
v -0.30778888 0.12688912 0.12575920
v -0.31621447 0.14017214 0.06777233
v -0.31262185 0.14964718 0.05654962
v -0.30967812 0.17299567 0.04507419
v -0.31783394 0.16658694 0.06647209
v -0.30858363 0.20087583 0.05792295
v -0.30436821 0.18879396 0.02538513
v -0.31552873 0.20479411 0.02994061
v -0.31539915 0.20911825 0.05250645
v -0.31523536 0.22091419 0.03707311
v -0.31638837 0.23186018 -0.02393740
v -0.31024827 0.23750383 0.00730874
v -0.30805368 0.27978298 -0.04870602
v -0.30761594 0.41193231 0.11750556
v -0.31029989 0.40825796 -0.07582790
v -0.31829445 0.42065483 -0.11395978
v -0.30925858 0.42257532 -0.10434704
v -0.31395955 0.43704383 -0.12115381
v -0.31011223 0.46824057 -0.11371054
v -0.31069654 0.45302204 -0.09455394
v -0.31828923 0.48337123 -0.13625753
v -0.30115959 0.48026314 -0.14226103
v -0.30372661 0.47387468 -0.07512195
v -0.32380705 0.48449162 -0.06414190
v -0.30248823 0.48630084 0.14513765
v -0.30853772 0.49205905 -0.13233837
v -0.31381498 0.49212553 0.20319481
v -0.31790231 0.49956335 0.19884690
v -0.31495423 0.50721808 -0.11039599
v -0.31513932 0.56144314 0.16146623
v -0.31404836 0.57282117 -0.08164780
v -0.32160411 0.57358456 0.14530433
v -0.32172745 0.59075465 -0.06068195
v -0.32184694 0.58735358 0.05686024
v -0.31479361 0.60841384 0.09424481
v -0.31426656 0.59699356 0.13816082
v -0.32656550 0.60275311 0.00856935
v -0.30819807 0.61297825 -0.00237463
v -0.31355058 0.61836013 0.13357478
v -0.32437452 0.62445249 0.05189684
v -0.30998428 -0.99509356 0.31876685
v -0.31115393 -0.98380085 -0.34193823
v -0.28973448 -0.98351069 -0.03930125
v -0.31113949 -0.88723932 0.18656474
v -0.29575401 -0.87649862 -0.02683761
v -0.31203868 -0.88488197 -0.01594290
v -0.30986826 -0.87578950 0.15402362
v -0.30145913 -0.87643838 0.16196321
v -0.31052168 -0.86900273 0.14729937
v -0.30748453 -0.85998573 0.15707434
v -0.29221571 -0.84063791 0.15461280
v -0.29803380 -0.85129945 0.16590571
v -0.30168969 -0.80297865 0.02304350
v -0.30867112 -0.78466127 0.06640915
v -0.30776524 -0.76174125 0.06254018
v -0.30697254 -0.70310228 0.07160792
v -0.30646444 -0.67991941 0.07481339
v -0.30485478 -0.67465417 0.08315275
v -0.30720047 -0.65612997 0.07967984
v -0.30856332 -0.62535649 0.08357435
v -0.30478845 -0.60190076 0.10061427
v -0.30570008 -0.56011296 0.11981722
v -0.30806360 -0.55403649 0.11227040
v -0.30234530 -0.54120885 0.08912028
v -0.30902930 -0.54709535 0.11488912
v -0.30101978 -0.52433074 0.10119446
v -0.30317389 -0.52339446 0.12670991
v -0.31785183 -0.39087352 -0.16215641
v -0.30288236 -0.37214096 0.27164612
v -0.30474001 -0.38104906 0.27949161
v -0.29885452 -0.33152703 0.29699455
v -0.30959234 -0.30025121 0.24718543
v -0.32956980 -0.31313182 -0.09771800
v -0.31036368 -0.24579170 0.18297347
v -0.28633407 -0.24573235 -0.08645564
v -0.30685820 -0.21018489 -0.03142669
v -0.31547854 -0.20733366 0.16396189
v -0.30009539 -0.17611590 0.17472842
v -0.30399840 -0.16317013 0.19593320
v -0.28963011 -0.14999780 0.20959541
v -0.31136150 -0.16301861 0.18194409
v -0.31011454 -0.14087016 0.12453087
v -0.30177872 -0.12852218 0.13410721
v -0.29814075 -0.11828236 0.05426077
v -0.29967657 0.12259305 0.13192544
v -0.30228545 0.12788970 0.06765291
v -0.30452365 0.13777034 0.05952570
v -0.30834797 0.17986386 0.00463580
v -0.30956976 0.24751821 0.04245389
v -0.30045973 0.26379998 -0.02917068
v -0.30788303 0.31596255 0.09827683
v -0.30889211 0.32980866 -0.06629656
v -0.30012737 0.34486532 0.10198333
v -0.30213780 0.37912598 -0.07202352
v -0.28406914 0.40764268 0.11785543
v -0.30933520 0.43516417 -0.07483664
v -0.30311044 0.42699468 0.17346212
v -0.31188669 0.46045275 -0.11350449
v -0.29318978 0.47443553 -0.09031207
v -0.29515178 0.47766977 0.15428979
v -0.30703419 0.48633580 -0.07473392
v -0.30223573 0.48764029 0.14136663
v -0.30387877 0.51481840 0.17791253
v -0.30371194 0.56269639 0.16654651
v -0.30247983 0.58215048 0.11856476
v -0.30186855 0.58647457 -0.08979931
v -0.30930048 0.58614589 0.09997103
v -0.30585591 0.59610478 0.11104482
v -0.30600124 0.60046193 -0.08019112
v -0.31518984 0.59800118 0.00619519
v -0.30433554 0.60616800 0.03682807
v -0.30151316 0.60875104 -0.07594137
v -0.31140620 0.61634236 -0.05975233
v -0.31846272 0.62828782 -0.02568289
v -0.30931347 -0.99491741 -0.21562334
v -0.28543935 -0.99672937 0.29933700
v -0.29246197 -0.99014544 0.09563337
v -0.28955824 -0.92186433 -0.01788730
v -0.31438599 -0.95345920 0.31781984
v -0.29604836 -0.88545242 -0.01627626
v -0.28798215 -0.88058832 0.15965082
v -0.29319171 -0.86896572 0.15431044
v -0.28999599 -0.83396220 0.14539581
v -0.30119241 -0.81999119 0.01033920
v -0.29372139 -0.78323734 0.01671844
v -0.30669223 -0.72117641 0.06619136
v -0.30482864 -0.71312466 0.07645296
v -0.29881295 -0.68343558 0.03916606
v -0.29683933 -0.64400368 0.01993336
v -0.30641830 -0.62555823 0.09352925
v -0.28045425 -0.61092064 0.13614725
v -0.28633656 -0.63559206 -0.31159885
v -0.29504470 -0.63534124 0.01154196
v -0.29344007 -0.63196495 -0.29399304
v -0.29904526 -0.62985220 0.02936439
v -0.29574933 -0.61970198 0.01325540
v -0.29478442 -0.60829742 0.01786076
v -0.30170966 -0.59238278 0.10632321
v -0.29482168 -0.57299406 0.12409762
v -0.29651084 -0.56943504 0.10686964
v -0.30218195 -0.56767229 0.13100643
v -0.29499323 -0.56465388 0.09998615
v -0.29619694 -0.56198442 0.10610895
v -0.30739998 -0.55415987 0.12746944
v -0.29274357 -0.54265334 0.07687741
v -0.29828249 -0.53558578 0.14768610
v -0.29904298 -0.52889244 0.08470459
v -0.30164310 -0.52107873 0.14063663
v -0.29454609 -0.51413447 0.09363833
v -0.29584716 -0.51578691 0.12369708
v -0.28171781 -0.50176676 0.13377820
v -0.29542294 -0.49309247 0.15086562
v -0.29575669 -0.50652462 0.16045910
v -0.32355537 -0.33863292 -0.12309547
v -0.29728176 -0.24821484 0.23456857
v -0.29878446 -0.19735861 0.21174109
v -0.30684170 -0.19348618 -0.01038809
v -0.29749721 -0.15258333 0.09527724
v -0.30504992 -0.16557915 0.12627696
v -0.27349413 -0.10698841 -0.01550160
v -0.30426094 -0.14358533 0.15817056
v -0.29801484 -0.14299830 0.19124998
v -0.29252374 -0.11326257 0.02596162
v -0.29604427 0.10610303 0.12921808
v -0.29466669 0.11293434 0.13641228
v -0.30195506 0.12664163 0.07581370
v -0.30014890 0.13451466 0.07519779
v -0.30050835 0.31105846 -0.05733506
v -0.29198349 0.35042166 -0.06579222
v -0.31134589 0.42771888 -0.12475955
v -0.32061189 0.43611189 0.16076506
v -0.29241492 0.45451704 0.18649315
v -0.30154196 0.47060928 -0.13911822
v -0.29815028 0.46788650 -0.12198781
v -0.29143989 0.45869537 -0.12074093
v -0.29834785 0.48104059 -0.07866043
v -0.28932039 0.47049867 0.18858805
v -0.27398074 0.49584910 -0.08277745
v -0.29689159 0.47967861 0.20797514
v -0.29429857 0.49284890 0.14525419
v -0.27738716 0.49537930 -0.12262846
v -0.30797809 0.51427822 -0.10739296
v -0.29544775 0.50516865 -0.11400733
v -0.28994814 0.55011557 -0.10626990
v -0.30559708 0.56443113 -0.09384301
v -0.29471665 0.56933568 0.13039311
v -0.29684681 0.57761718 -0.04850561
v -0.29530596 0.58072652 0.11442028
v -0.29465653 0.59049873 -0.04378608
v -0.29491458 0.57810810 -0.10244250
v -0.29583565 0.59835345 -0.08865257
v -0.29704491 0.60163789 0.16106694
v -0.30716055 0.61173497 0.14553814
v -0.30057748 0.62432122 0.13399486
v -0.29784812 0.64325327 -0.01187231
v -0.28891130 0.65421195 0.06798651
v -0.28921302 -0.99534291 -0.35280730
v -0.28780394 -0.99415037 -0.03870215
v -0.29437764 -0.99724581 0.01864903
v -0.26390073 -0.98357606 -0.08006569
v -0.30016782 -0.89473408 -0.00518635
v -0.29805859 -0.89312842 0.18650283
v -0.28672872 -0.86100213 0.16235365
v -0.29646625 -0.86637809 -0.02525805
v -0.28430264 -0.85135490 0.16066313
v -0.28758222 -0.82407271 0.13768259
v -0.28824779 -0.80920146 0.00037117
v -0.30071664 -0.80953127 0.08955496
v -0.29139205 -0.73869242 0.02077003
v -0.30383186 -0.75669177 0.07561736
v -0.28862064 -0.68742108 0.01099293
v -0.28121460 -0.68244404 0.00333711
v -0.29395168 -0.61673903 -0.31117102
v -0.28999382 -0.58423338 0.12857649
v -0.28719925 -0.58510920 0.14544622
v -0.29119314 -0.58075560 0.03379137
v -0.29433997 -0.57717791 0.13755781
v -0.29340247 -0.57622671 0.14471381
v -0.28851249 -0.57749820 0.15308794
v -0.28921091 -0.55527638 0.07590279
v -0.29259734 -0.55421179 0.09385266
v -0.28197295 -0.55152633 0.17322740
v -0.28582491 -0.54380410 0.06986699
v -0.29386418 -0.52797780 0.06483201
v -0.29156344 -0.51066938 0.08266017
v -0.28116913 -0.50850606 0.10129258
v -0.28452395 -0.51229535 0.11988083
v -0.27979296 -0.51339346 0.17323311
v -0.28664825 -0.50453115 0.06565421
v -0.29501201 -0.48100251 0.16370142
v -0.29327195 -0.47315538 0.17337707
v -0.28784893 -0.47725557 0.15456952
v -0.28199750 -0.46068338 0.19614246
v -0.29103582 -0.35990040 0.27951370
v -0.30119325 -0.34438797 -0.14431414
v -0.29090444 -0.35933760 0.28779581
v -0.28883364 -0.34554057 0.29503275
v -0.28612063 -0.31895344 -0.16002105
v -0.29341744 -0.34051925 0.26746257
v -0.28700314 -0.32749374 0.30110874
v -0.29964581 -0.31274346 0.23808874
v -0.28470808 -0.31386821 0.30300363
v -0.29601547 -0.31851429 0.29345594
v -0.29136526 -0.29020671 0.26725653
v -0.27651330 -0.22452441 -0.10855861
v -0.28014824 -0.25252732 0.23010144
v -0.28928700 -0.16480516 0.18700732
v -0.29316459 -0.14631968 0.06274623
v -0.28583232 -0.13267734 0.13726742
v -0.29276013 -0.15145737 0.14543619
v -0.28193265 -0.10339433 0.19020838
v -0.27691952 -0.07197511 0.05691636
v -0.29519351 0.10593070 0.13764529
v -0.28767733 0.09815824 0.13751023
v -0.28671083 0.10152688 0.12889988
v -0.28066045 0.09981271 0.14015131
v -0.28535823 0.11436264 0.07488120
v -0.29474635 0.12182902 0.07021112
v -0.28251621 0.10511229 0.08257927
v -0.28705485 0.11998555 0.08241202
v -0.28781203 0.11094554 0.12954221
v -0.28314380 0.10636146 0.13761250
v -0.29279521 0.13010236 0.06732728
v -0.29621453 0.25212381 0.00085348
v -0.29015273 0.26010231 0.04019328
v -0.28805761 0.41529983 -0.07737594
v -0.29094357 0.41834641 -0.12509202
v -0.29221140 0.41609744 -0.11446977
v -0.28286058 0.42413301 -0.10847539
v -0.28123025 0.42830085 -0.12806509
v -0.29039973 0.42695032 0.18586447
v -0.28189275 0.43320021 0.17597473
v -0.29037883 0.43661877 0.19325633
v -0.26719854 0.46545260 0.13779808
v -0.28651565 0.44538917 0.19111488
v -0.28303676 0.44977684 -0.08196148
v -0.29095378 0.47508418 0.19133194
v -0.28620813 0.48454509 0.14003512
v -0.28441308 0.47927467 -0.14487242
v -0.29302892 0.50160574 0.19682873
v -0.28284493 0.53684210 -0.11187118
v -0.28408377 0.55253028 0.17431372
v -0.29019606 0.55630040 -0.06757703
v -0.28769161 0.54634928 -0.06759448
v -0.29214274 0.57073836 -0.05358628
v -0.28583977 0.55758685 -0.05909363
v -0.28883511 0.55946300 0.13772705
v -0.29425022 0.57580676 -0.05860960
v -0.28691759 0.57771603 -0.04507964
v -0.28054998 0.55670310 0.13657270
v -0.28300423 0.56823760 0.12896341
v -0.28878378 0.57042068 0.13788253
v -0.28240341 0.57654312 0.13976360
v -0.29257467 0.58747179 -0.05281597
v -0.28746426 0.58065865 -0.04291079
v -0.28099766 0.59719766 0.09949567
v -0.29432118 0.58207350 0.12929225
v -0.28490484 0.59624555 0.16863484
v -0.28803909 0.60012999 -0.03670821
v -0.30011336 0.60092615 0.07851730
v -0.29875382 0.60883408 -0.00724092
v -0.29208214 0.60887362 0.00256999
v -0.28714508 0.61329238 0.02601988
v -0.29155813 0.61751871 -0.00863969
v -0.28427368 0.64333951 0.10472483
v -0.29624489 -0.98565123 -0.35508413
v -0.27134916 -0.99491837 -0.35951387
v -0.27514201 -1.00025971 0.27866374
v -0.28365384 -1.00004026 0.28974584
v -0.27233764 -0.93005771 -0.03315920
v -0.28704114 -0.88672905 -0.01829841
v -0.28215649 -0.87683876 -0.02725931
v -0.28531174 -0.87617084 0.15388633
v -0.27892011 -0.83457192 0.14473002
v -0.27307983 -0.81391481 -0.01365393
v -0.27605581 -0.81618156 0.14054436
v -0.28087333 -0.80864450 0.13848348
v -0.28626031 -0.76619001 0.01020468
v -0.27408072 -0.59901903 0.15062242
v -0.28367888 -0.58626270 0.16105350
v -0.27935942 -0.59431822 0.16683789
v -0.28196802 -0.59346185 0.13781486
v -0.28014437 -0.58557891 0.16881971
v -0.28395807 -0.57392627 0.02350381
v -0.28718918 -0.52993477 0.05419556
v -0.28212797 -0.53180627 0.16255636
v -0.28533987 -0.51890469 0.04273992
v -0.28081253 -0.49455194 0.05657259
v -0.28522482 -0.44579141 0.17199593
v -0.28592978 -0.44565221 0.18878652
v -0.28102982 -0.41814942 0.18788397
v -0.27558621 -0.33542401 0.29589957
v -0.27431121 -0.32462637 0.30246501
v -0.27110291 -0.29982604 0.30446165
v -0.27953097 -0.28369185 0.27982053
v -0.29156485 -0.19573946 0.19437885
v -0.27639305 -0.20436892 -0.05875392
v -0.29177907 -0.18253844 -0.05219753
v -0.28874841 -0.17099144 -0.01564631
v -0.28195452 -0.14802110 0.18816413
v -0.27619342 -0.13430430 0.00258078
v -0.29823052 -0.15974496 0.03207069
v -0.26878087 -0.09630812 0.04887391
v -0.28216661 -0.08870080 0.03889234
v -0.27524474 -0.07054777 0.11879238
v -0.27835549 0.09058864 0.13758908
v -0.28227964 0.10610895 0.12968871
v -0.27889686 0.10319115 0.13649272
v -0.28056544 0.26754105 0.00838926
v -0.28761057 0.29251795 -0.03325756
v -0.29011077 0.30276253 0.08873501
v -0.27711651 0.33167875 0.09313528
v -0.27950101 0.38222008 -0.06630359
v -0.27947919 0.42081633 -0.12182879
v -0.28152118 0.41823472 -0.11488788
v -0.27834387 0.43576819 0.18516243
v -0.28128234 0.44891185 -0.12391733
v -0.27074204 0.44666304 -0.10484428
v -0.27781743 0.45201494 0.18974988
v -0.27006823 0.46698917 -0.14974246
v -0.26745120 0.47314366 0.16387263
v -0.26551837 0.46366090 0.19938429
v -0.27675117 0.46819604 0.20852584
v -0.28128369 0.48536647 0.21219054
v -0.28137970 0.49590676 0.15356760
v -0.25665510 0.48380515 0.20980896
v -0.28042789 0.51759630 -0.08237979
v -0.28983238 0.51095222 0.18310175
v -0.28536219 0.53312331 -0.07588126
v -0.28142206 0.55571721 -0.07512014
v -0.28006481 0.55413647 0.14543366
v -0.29895177 0.58660100 0.16023804
v -0.27997927 0.58133953 -0.06901455
v -0.27048352 0.57345425 -0.05104888
v -0.28185726 0.59819649 -0.02911858
v -0.28625502 0.60865604 -0.01789648
v -0.28802834 0.62265545 -0.05937555
v -0.27966563 0.61275627 -0.02330705
v -0.29660525 0.61714576 0.09784849
v -0.29264099 0.60918872 0.15729752
v -0.26415602 0.62440530 -0.06832357
v -0.27843509 0.63078446 0.08218987
v -0.29181551 0.63164193 0.06384404
v -0.25588994 -0.99946800 0.26878301
v -0.26946515 -0.99569015 0.28723689
v -0.24735993 -0.98775794 0.12413607
v -0.26910581 -0.95399083 0.28355925
v -0.27692635 -0.92147067 0.21508116
v -0.27603244 -0.88632473 -0.02523658
v -0.26745909 -0.90306445 0.16855620
v -0.28467015 -0.86833714 -0.03403062
v -0.27532651 -0.86495095 0.15933634
v -0.27113421 -0.79453850 0.14017153
v -0.27924789 -0.77375551 0.12362521
v -0.27040249 -0.76498928 0.13830868
v -0.27246571 -0.72322597 0.13045656
v -0.27983325 -0.63018195 -0.31796453
v -0.27106675 -0.58634733 0.00614727
v -0.26731576 -0.60627426 0.16023494
v -0.27355770 -0.60300270 0.17412999
v -0.27222266 -0.59767603 0.18306656
v -0.26439659 -0.58496196 -0.29631016
v -0.27286306 -0.56294849 0.19070450
v -0.26857687 -0.53099748 0.03496489
v -0.28000415 -0.53868555 0.04377292
v -0.27261386 -0.53796036 0.18033664
v -0.25899755 -0.52281803 0.02994945
v -0.26598005 -0.54847005 0.19272531
v -0.27688414 -0.50060064 0.03635917
v -0.26891950 -0.49618214 0.07373531
v -0.27351157 -0.48484275 0.10744772
v -0.28243551 -0.48135226 0.18732224
v -0.27209485 -0.47752707 0.05091970
v -0.27630260 -0.47388466 0.23009194
v -0.27184863 -0.47004365 0.06536442
v -0.27686250 -0.47867737 0.15019551
v -0.27500471 -0.47813598 -0.22184107
v -0.27904524 -0.46367773 0.22021825
v -0.27089817 -0.45014187 0.16279641
v -0.25947165 -0.41962336 0.22126908
v -0.27233489 -0.43314022 0.12923632
v -0.27550806 -0.43374001 0.16820048
v -0.27448384 -0.44223640 0.20531380
v -0.27426474 -0.41967553 0.16033628
v -0.27774231 -0.40724845 0.20065877
v -0.27842666 -0.41963107 0.17212695
v -0.27663748 -0.39315295 0.18850138
v -0.27424799 -0.38509019 0.20343188
v -0.26978923 -0.38975433 0.21639100
v -0.27524441 -0.33585519 0.28722401
v -0.26678997 -0.31238426 0.30833635
v -0.28154106 -0.26141599 0.26163839
v -0.27487589 -0.28713019 -0.12630752
v -0.28027519 -0.18457337 0.22727090
v -0.24514390 -0.20381921 -0.09477557
v -0.27010253 -0.09901346 0.14332462
v -0.28203195 -0.11493074 0.20175546
v -0.28697943 -0.09553533 0.14451834
v -0.26589369 -0.07362501 0.19466287
v -0.26671965 -0.04949763 0.10173229
v -0.26489922 0.08806212 0.14536742
v -0.27259054 0.10605968 0.08968032
v -0.27320152 0.09894954 0.09113015
v -0.26843558 0.10684025 0.08183294
v -0.28619720 0.12169921 0.08194964
v -0.27018139 0.10626547 0.09109102
v -0.27715591 0.29209297 0.06987832
v -0.27475378 0.31099720 0.08285071
v -0.26766898 0.36198751 -0.05584075
v -0.29380488 0.37518998 0.11556077
v -0.27192484 0.42964946 -0.11396887
v -0.26910726 0.43843056 -0.12133743
v -0.27070421 0.45040962 0.18432460
v -0.27602161 0.44692745 -0.12455058
v -0.26442226 0.45656902 0.17602314
v -0.27087381 0.45800268 -0.14601032
v -0.27928284 0.45978598 -0.12973490
v -0.27260719 0.46300761 0.19323209
v -0.27350762 0.47346121 0.21574432
v -0.25689338 0.48295783 -0.08232742
v -0.30078751 0.52186775 0.17492979
v -0.27653947 0.53213469 -0.08252364
v -0.25510242 0.51975034 0.19098908
v -0.27033879 0.55405170 0.14931538
v -0.28597930 0.56834304 -0.10917536
v -0.27813313 0.56550794 0.14522161
v -0.26856267 0.57359602 -0.07792353
v -0.26626127 0.59360581 -0.06562199
v -0.28687480 0.58040903 -0.10455563
v -0.27995197 0.59457845 -0.05677733
v -0.27008252 0.60527837 -0.08735939
v -0.26309316 0.60907927 0.15937963
v -0.29093218 0.60491892 0.11695686
v -0.28564855 0.62815676 0.00430393
v -0.28253466 0.65690046 0.01328335
v -0.29005520 -0.96413489 0.30682901
v -0.26694874 -0.98371346 -0.35361582
v -0.27328978 -0.97950126 -0.03834596
v -0.27375546 -0.93633840 0.24567460
v -0.25263257 -0.89950822 0.14622986
v -0.26847096 -0.88764724 0.15155455
v -0.26105111 -0.86818588 -0.03617220
v -0.27151405 -0.86055916 -0.03787866
v -0.27925687 -0.74037070 0.00585041
v -0.26369010 -0.73549789 0.14583864
v -0.26108710 -0.71001168 0.14826831
v -0.26805303 -0.67752142 0.14131994
v -0.24939857 -0.64090400 0.17653260
v -0.25462359 -0.59917555 -0.28329724
v -0.27123698 -0.61088814 0.15091417
v -0.26117123 -0.61225003 0.17103170
v -0.26764968 -0.61027193 0.18940127
v -0.26532692 -0.57117446 0.20498387
v -0.26382242 -0.54230304 -0.25503200
v -0.27802729 -0.51493732 0.03393163
v -0.27601762 -0.50396510 0.08766582
v -0.27302555 -0.48327811 0.06056629
v -0.26307169 -0.48118434 0.08098759
v -0.26353529 -0.45000718 0.11479672
v -0.26464344 -0.45692744 0.05847462
v -0.26250914 -0.45396454 0.09557945
v -0.26990025 -0.46221152 0.07381236
v -0.27101318 -0.44043689 0.10042121
v -0.27004142 -0.45928719 0.06724749
v -0.27034914 -0.44162193 0.09144225
v -0.26646865 -0.44157451 0.13419661
v -0.26613482 -0.44676989 0.13644272
v -0.26772625 -0.43513783 0.15862687
v -0.27280384 -0.42551366 -0.21697391
v -0.26373785 -0.41226290 0.21243603
v -0.27008521 -0.41645503 0.12984912
v -0.27072675 -0.40476250 0.15667655
v -0.26337659 -0.39128149 0.16772565
v -0.26369650 -0.38417989 0.19518144
v -0.26613321 -0.37973667 0.21192582
v -0.26584212 -0.35362738 -0.16492242
v -0.26275597 -0.32279383 0.29298739
v -0.26406333 -0.23795904 -0.10311964
v -0.26031399 -0.23254568 0.26697469
v -0.28002865 -0.23308084 0.24975319
v -0.26645912 -0.19259309 0.22013356
v -0.24431319 -0.12239574 -0.06236727
v -0.27949116 -0.17629940 -0.03356711
v -0.25764350 -0.11981154 -0.01918556
v -0.26818254 -0.11308730 0.18826485
v -0.26460619 -0.11077620 -0.03342103
v -0.27261354 -0.10397252 0.12391266
v -0.26676940 -0.05101893 0.04683775
v -0.26708056 0.08293008 0.13838925
v -0.26694548 0.09114545 0.08823863
v -0.27115887 0.09817569 0.08248697
v -0.26300903 0.09806141 0.08510838
v -0.26101227 0.10122752 0.08985982
v -0.27248373 0.33200981 -0.04650741
v -0.25771114 0.40246606 0.11419996
v -0.26108630 0.45075896 -0.12648584
v -0.26018447 0.44893902 -0.11373776
v -0.25616596 0.45933436 -0.15187319
v -0.26079478 0.46208303 0.18473659
v -0.26387356 0.49064024 -0.08783410
v -0.27016870 0.49965506 -0.08190920
v -0.25540041 0.50557614 -0.08966513
v -0.27138469 0.50191379 0.14657884
v -0.25683295 0.50372022 -0.08249127
v -0.25653770 0.52114788 0.14621688
v -0.27580117 0.50630281 0.18812730
v -0.27068244 0.51355920 0.15326719
v -0.27161741 0.54224118 0.14548818
v -0.27399992 0.54751204 -0.11448715
v -0.26685174 0.55228451 0.13879213
v -0.26575380 0.58448425 0.11704332
v -0.22826943 0.61704898 0.12771448
v -0.26812553 0.61666086 0.02351404
v -0.28128089 0.61040144 0.06278595
v -0.24968522 0.63367129 0.09716399
v -0.28731350 0.63349580 0.03324560
v -0.25946734 0.67129711 0.05791094
v -0.21662959 -0.99434813 -0.07615987
v -0.27447970 -0.99649235 -0.00889789
v -0.23882045 -0.99794496 0.01093511
v -0.24638171 -0.99445380 0.19518116
v -0.26239699 -0.98568829 -0.36624307
v -0.29611659 -0.98339646 -0.18691759
v -0.25331548 -0.98321033 -0.05255630
v -0.25301711 -0.97745488 -0.04399085
v -0.24657321 -0.95390252 0.26146113
v -0.25123692 -0.93879126 -0.04020224
v -0.26341628 -0.88385256 0.15010677
v -0.25939417 -0.87734682 -0.03025994
v -0.26112851 -0.80021718 -0.01449894
v -0.24542908 -0.80860218 0.12227643
v -0.26357291 -0.77774010 0.13871727
v -0.25559077 -0.72777608 0.14861259
v -0.25496274 -0.71360874 0.15274780
v -0.25166464 -0.74563723 -0.01099158
v -0.25535181 -0.67982115 0.15935074
v -0.28066256 -0.63187947 -0.00253497
v -0.25443071 -0.62458698 0.17520183
v -0.25867411 -0.62332489 0.20602878
v -0.24607393 -0.62908068 0.21472909
v -0.22162641 -0.60633078 -0.31097323
v -0.26016546 -0.63983984 -0.30145501
v -0.25499813 -0.61785550 0.18181724
v -0.24782208 -0.62443054 0.18835619
v -0.25623063 -0.61579995 0.21565519
v -0.25579822 -0.58318470 0.22524823
v -0.25822948 -0.56195398 0.20868397
v -0.25284467 -0.50633920 0.01601298
v -0.26157141 -0.51973145 0.23045603
v -0.24464830 -0.46679006 0.03826894
v -0.26314933 -0.47532103 0.07454925
v -0.28764290 -0.48577786 -0.24376271
v -0.25464835 -0.42706267 0.07106034
v -0.26966976 -0.46879921 0.24246576
v -0.22602258 -0.44553606 -0.23715636
v -0.25270187 -0.41974131 0.07720138
v -0.26206123 -0.42341934 0.08667625
v -0.25535182 -0.41296163 0.09822715
v -0.26282444 -0.40823355 0.11998684
v -0.25526681 -0.40459781 0.12834633
v -0.25420597 -0.39180344 0.16427503
v -0.25545539 -0.38174237 0.20591216
v -0.25201479 -0.37751860 0.22460326
v -0.27885529 -0.36042902 -0.18338092
v -0.25134522 -0.31765615 0.30315414
v -0.25581920 -0.30043634 0.31300492
v -0.26842866 -0.31049340 0.28065772
v -0.25383810 -0.25082447 0.25635161
v -0.22559396 -0.15039567 -0.10278265
v -0.26588514 -0.12881307 0.20341259
v -0.25173782 -0.09869564 -0.00565149
v -0.25333529 -0.05781208 0.06190104
v -0.25055736 -0.05362349 0.09681536
v -0.24700932 -0.05179781 0.20528433
v -0.26337789 0.07922730 0.14703633
v -0.24991768 0.07590786 0.09035894
v -0.25563179 0.08372419 0.09786573
v -0.25594845 0.09272322 0.09480053
v -0.25487501 0.08057773 0.13721481
v -0.27067997 0.09791720 0.13615361
v -0.26402000 0.29218714 0.03975041
v -0.26689855 0.29305550 0.00528814
v -0.25980864 0.37737235 0.10740504
v -0.25546068 0.39708881 -0.06255278
v -0.25577882 0.35452574 -0.04240560
v -0.25733673 0.44119164 -0.07807919
v -0.26165263 0.42034651 0.12045132
v -0.25492902 0.45170881 -0.12969459
v -0.24654071 0.45456840 0.20809513
v -0.25546484 0.47434847 -0.14323080
v -0.24723930 0.48088028 0.14182078
v -0.25698024 0.48611678 -0.12725573
v -0.25438089 0.49198800 -0.08994578
v -0.26201649 0.49890019 -0.08328852
v -0.26868804 0.50798149 -0.11828218
v -0.26036872 0.53429880 0.15254471
v -0.20855650 0.57221630 -0.11560806
v -0.26456405 0.56729138 0.18141753
v -0.27799540 0.60466746 -0.02087566
v -0.27314226 0.63152526 0.12600179
v -0.26487391 0.63668908 -0.04998202
v -0.24729157 0.67081097 -0.00446226
v -0.25640910 0.67281895 0.02535850
v -0.24770130 -0.99769677 0.23062494
v -0.24608036 -0.99410935 0.26531459
v -0.24718058 -0.99178439 0.17138188
v -0.24986534 -0.96325847 0.27456492
v -0.24688669 -0.94685457 0.24159113
v -0.24700931 -0.93621333 0.21063361
v -0.25247639 -0.89335880 0.14580200
v -0.24590578 -0.85909871 -0.04156385
v -0.25391514 -0.82150183 -0.02430469
v -0.25909996 -0.76763649 -0.00874452
v -0.26264892 -0.75477754 0.14332149
v -0.24795663 -0.69622926 0.15594393
v -0.24610084 -0.69639408 -0.01787263
v -0.24646650 -0.66861643 0.16696182
v -0.24266327 -0.63894290 -0.02524412
v -0.25353796 -0.64118277 -0.32005684
v -0.23706038 -0.64747200 -0.31812940
v -0.24161523 -0.62132962 -0.02362166
v -0.24388265 -0.63972521 -0.30267968
v -0.24883790 -0.58767837 0.23407460
v -0.24847857 -0.56854791 0.22597808
v -0.25776863 -0.55551245 0.21020047
v -0.24156004 -0.54230875 0.25717511
v -0.26528064 -0.48375145 0.25405035
v -0.24494454 -0.42482266 0.06578330
v -0.24184425 -0.42071567 0.09134371
v -0.24738791 -0.40555676 0.20906213
v -0.24892020 -0.39776956 0.12929891
v -0.25378380 -0.39075642 0.19370220
v -0.24820746 -0.38831435 0.20916016
v -0.25667566 -0.38280246 0.23254215
v -0.24226359 -0.26424788 0.29097264
v -0.26072640 -0.27713213 0.26437325
v -0.25132481 -0.28780572 -0.13845125
v -0.25829429 -0.27303521 -0.14922306
v -0.23509559 -0.20844877 -0.10608746
v -0.24600769 -0.21542598 0.25188506
v -0.24756352 -0.16095535 0.25666050
v -0.25337065 -0.14719902 0.22158217
v -0.25662958 -0.16564222 -0.05095854
v -0.25468815 -0.07803221 0.03213306
v -0.26996632 -0.10509585 0.21235303
v -0.24995083 -0.06841726 -0.01641167
v -0.25157578 -0.04587312 0.01306683
v -0.25397852 -0.06514862 0.12304094
v -0.24652244 -0.03716997 0.18930884
v -0.24269192 0.01192088 0.05134571
v -0.25519586 0.07203055 0.14159919
v -0.24616097 0.06557172 0.15098742
v -0.24772983 0.07065422 0.09949059
v -0.24716546 0.07418059 0.13972456
v -0.24708502 0.07713805 0.14822365
v -0.24757518 0.31690716 0.02574381
v -0.24734161 0.32165281 0.00365521
v -0.24000778 0.32710867 0.03619544
v -0.24747996 0.33469682 -0.01400662
v -0.26336097 0.31090055 0.07151307
v -0.23974678 0.35922414 0.08129663
v -0.24736865 0.36288721 -0.04362283
v -0.24719358 0.39836092 -0.06343037
v -0.24746728 0.43627939 -0.07813019
v -0.24994217 0.46638921 -0.08251306
v -0.24885912 0.45781379 0.21765219
v -0.25637683 0.46420830 0.17215137
v -0.25063597 0.47208789 -0.09900802
v -0.24152784 0.48382980 -0.08983249
v -0.24409654 0.48703253 -0.13013867
v -0.25853153 0.49249458 0.19671732
v -0.24362872 0.50099019 -0.12258583
v -0.26465675 0.51561752 -0.09056210
v -0.23939162 0.52029187 -0.09509874
v -0.24525519 0.51521115 -0.08269691
v -0.25622569 0.54140906 0.18536883
v -0.22984386 0.56342023 -0.08732395
v -0.24838665 0.58489647 0.14634103
v -0.25145651 0.58251616 -0.07720737
v -0.25208556 0.60809751 -0.00749274
v -0.24504348 0.59921292 0.08930444
v -0.23095940 0.62683913 -0.08018827
v -0.24428476 0.61720953 0.15610521
v -0.23843222 0.66022189 -0.03784189
v -0.24667277 0.65429012 0.04575866
v -0.25103619 0.66032568 -0.02301244
v -0.25085202 0.66283599 0.09731625
v -0.24483148 0.67441723 0.08609231
v -0.24936312 0.68251824 0.04576167
v -0.24808077 0.68126858 0.06247387
v -0.24971307 0.69658138 0.03256129
v -0.24781401 0.69277792 0.07660303
v -0.24715577 0.70266124 0.04779417
v -0.22751970 -0.99547323 -0.36254006
v -0.27279508 -0.99706227 0.03696692
v -0.23990058 -0.98631773 0.20339694
v -0.24296266 -0.99413760 0.22683435
v -0.24404927 -0.99662190 0.25826500
v -0.23170314 -0.98866321 0.08911088
v -0.23914106 -0.98669820 0.10404934
v -0.24089916 -0.98651341 0.22730560
v -0.24141458 -0.95370415 0.23436747
v -0.24346727 -0.96381313 0.26157206
v -0.24094729 -0.94718440 0.22184313
v -0.23890085 -0.93940817 0.19938580
v -0.23801314 -0.92185250 0.16253742
v -0.23971759 -0.93053098 0.18419035
v -0.23713043 -0.91240023 0.14152649
v -0.24728515 -0.89078905 -0.03350585
v -0.23959177 -0.87572129 -0.03141925
v -0.25565590 -0.87473595 0.15239094
v -0.25456637 -0.84353185 0.13139829
v -0.24707056 -0.83174806 0.12348458
v -0.22656955 -0.80742551 -0.01677576
v -0.24644659 -0.78901674 -0.01416042
v -0.22757566 -0.78545561 0.11753350
v -0.25523393 -0.63108533 -0.32256578
v -0.23932108 -0.63173601 0.18357182
v -0.23709125 -0.62701307 0.19343541
v -0.24585619 -0.61008333 0.22505069
v -0.23752185 -0.58680196 0.23580514
v -0.23885328 -0.57213619 0.23626247
v -0.24188785 -0.58044403 -0.00951625
v -0.24080638 -0.50271325 0.28976530
v -0.25374568 -0.49114161 0.02509993
v -0.24131664 -0.48752887 0.29565380
v -0.23892417 -0.42459700 0.07811267
v -0.24617673 -0.40971346 0.10558449
v -0.24878322 -0.40485831 0.18777581
v -0.24818118 -0.41233228 0.19885145
v -0.23972763 -0.41178906 0.20828794
v -0.23688114 -0.39966725 0.19763852
v -0.25747641 -0.39392895 -0.18635884
v -0.24391231 -0.37912006 0.11062363
v -0.24851979 -0.38446019 0.15225473
v -0.24709012 -0.39383108 0.17759840
v -0.24104355 -0.38211757 0.22309179
v -0.24718765 -0.37591945 0.16457723
v -0.24407634 -0.37295079 0.23385914
v -0.24270799 -0.37620105 0.24961347
v -0.24173749 -0.32306621 0.09514737
v -0.23963852 -0.33802226 0.17341057
v -0.24212733 -0.35190095 0.10225020
v -0.24616218 -0.34070069 0.15158372
v -0.24432753 -0.32477550 0.16178440
v -0.24106472 -0.31129002 0.31092833
v -0.24196480 -0.28941494 0.09834271
v -0.24635882 -0.31003250 0.15093333
v -0.20545012 -0.25757361 0.30954263
v -0.24353110 -0.24974869 0.14175916
v -0.24197346 -0.21219425 -0.12527281
v -0.24678866 -0.18009548 0.26406982
v -0.24780132 -0.18733476 -0.10679949
v -0.24553816 -0.08922238 0.20362064
v -0.23000254 -0.06476917 -0.04095030
v -0.25096814 -0.07861102 0.18782153
v -0.23955242 -0.04684181 -0.01427689
v -0.23563529 -0.05621060 0.00995486
v -0.24916005 -0.05560395 0.04438848
v -0.23695227 -0.05230433 0.18202754
v -0.23338595 -0.01106293 0.00577337
v -0.23337837 -0.01026479 0.18720323
v -0.25776777 -0.04077991 0.13219231
v -0.24419836 0.01440779 0.07390732
v -0.23820366 0.07445714 0.08942658
v -0.24776957 0.08551091 0.09049521
v -0.24806844 0.08469403 0.09864129
v -0.23984174 0.32484949 0.01473320
v -0.23997026 0.33835891 0.06218955
v -0.23963402 0.35793813 -0.04764916
v -0.25305853 0.36351313 0.09670300
v -0.23937644 0.38247248 0.09818142
v -0.24447026 0.45016933 -0.14542249
v -0.24033740 0.44971418 0.13115631
v -0.24294313 0.46138085 -0.15069356
v -0.23681570 0.45634188 -0.11743563
v -0.24835376 0.46114497 -0.10635914
v -0.23559098 0.46440828 0.17874506
v -0.23275986 0.46593926 0.21756727
v -0.23113911 0.48437593 0.16753987
v -0.24655868 0.47104076 0.21901024
v -0.25303789 0.51696668 0.15817001
v -0.25967909 0.53313768 0.14559347
v -0.23822326 0.50204197 0.19387972
v -0.25551127 0.53543621 -0.09035466
v -0.22046315 0.54665629 -0.07393405
v -0.27847223 0.54679692 -0.06542557
v -0.22029677 0.56299960 -0.06187025
v -0.23583887 0.56382610 0.12923697
v -0.23252137 0.57348870 0.15370319
v -0.25856944 0.58169319 -0.10590385
v -0.22099803 0.58937437 -0.03308891
v -0.21397521 0.59738895 -0.01811915
v -0.24682004 0.61367823 0.04205122
v -0.23186805 0.59909447 0.14257259
v -0.24838552 0.61437337 0.02136991
v -0.25314477 0.61976349 -0.03781976
v -0.22513582 0.64903967 -0.01271521
v -0.21933012 0.62938277 0.15599646
v -0.23263064 0.65100505 -0.05513785
v -0.23767625 0.65517866 0.12101261
v -0.23784380 0.67065281 -0.02684186
v -0.24435850 0.67953795 0.00172129
v -0.24188684 0.68586497 0.10545048
v -0.24555870 0.69289065 0.00220144
v -0.23913314 0.68596887 -0.02674270
v -0.24079176 0.69913845 -0.00056611
v -0.24224210 0.69594559 0.09100259
v -0.23974499 0.70329762 0.01786359
v -0.20827171 -0.99632602 0.00181756
v -0.23925280 -0.98666374 0.17842820
v -0.23877787 -0.98541484 0.14239847
v -0.23547964 -0.94533592 -0.04043674
v -0.23575805 -0.95772288 0.13375777
v -0.23327146 -0.93031367 0.14907119
v -0.23720431 -0.93642028 0.18062501
v -0.23358055 -0.90241353 0.14076374
v -0.24011197 -0.89055235 0.14660815
v -0.23288282 -0.88999265 0.14106961
v -0.22683503 -0.86376142 0.12070555
v -0.23453699 -0.81739316 -0.02138238
v -0.23249348 -0.67122997 -0.02518405
v -0.24504668 -0.64629286 -0.31021821
v -0.21237479 -0.62530280 0.19620466
v -0.23069480 -0.62571448 0.20850126
v -0.24052795 -0.51516418 0.01369529
v -0.23129328 -0.54855973 0.25413203
v -0.22943321 -0.50480896 0.00556646
v -0.23131086 -0.49799030 0.29798982
v -0.23155094 -0.48984172 0.30220858
v -0.23183317 -0.50914074 -0.26529692
v -0.22716946 -0.46439861 0.03306682
v -0.22661558 -0.46476307 0.29584431
v -0.22882039 -0.42655298 0.07064009
v -0.22494951 -0.40568648 0.22218941
v -0.23547365 -0.39116381 0.09365550
v -0.23267043 -0.37530959 0.23433064
v -0.23147397 -0.36663527 0.25418626
v -0.23733253 -0.30963022 0.29918697
v -0.23926691 -0.29378925 0.08454342
v -0.23619423 -0.29973543 0.31854648
v -0.23257836 -0.28173098 0.07257146
v -0.24365510 -0.27298957 0.15760040
v -0.23269015 -0.28540824 0.31793832
v -0.26562360 -0.25724931 0.27311503
v -0.23789409 -0.24658934 0.08213295
v -0.22454333 -0.24789214 0.27222285
v -0.23451937 -0.21300341 0.07627817
v -0.23450951 -0.18502406 0.25276547
v -0.23661544 -0.18976939 0.16276414
v -0.22638604 -0.16989811 -0.11333864
v -0.23504980 -0.17572202 0.15369860
v -0.24385470 -0.13154871 0.24534519
v -0.24131229 -0.08794118 -0.01421721
v -0.23343542 -0.04580676 -0.02350027
v -0.23120500 -0.03051661 0.15081306
v -0.22789310 -0.01053915 0.12606586
v -0.22916198 -0.01977105 0.02980513
v -0.23776300 -0.02189050 0.09860746
v -0.23246775 -0.01021602 0.04966258
v -0.23117265 0.00798124 0.15384299
v -0.24352055 0.00692109 0.10429934
v -0.23738621 0.03048970 0.08437862
v -0.23229382 0.05080795 0.15158371
v -0.23186770 0.05108950 0.15502167
v -0.23218577 0.05455480 0.10125235
v -0.22320016 0.05578290 0.11454976
v -0.23313049 0.05412570 0.14628814
v -0.23076352 0.06289200 0.14513549
v -0.23615260 0.06662767 0.09136653
v -0.23349232 0.06758873 0.10604063
v -0.23249671 0.06171913 0.15667349
v -0.23351540 0.07359659 0.09864576
v -0.23156484 0.31470456 0.00605141
v -0.23954740 0.32598752 -0.00196472
v -0.23224089 0.32399438 0.02634217
v -0.23957182 0.33290322 -0.01591235
v -0.23174757 0.34413790 0.06455225
v -0.23196544 0.37252454 0.08976763
v -0.23172575 0.38546804 0.10062328
v -0.23988058 0.41901831 0.11544342
v -0.23456455 0.44029968 -0.08921067
v -0.23546103 0.45897819 0.14331517
v -0.22554526 0.46870235 -0.10472562
v -0.23529493 0.46696411 -0.09202719
v -0.23887807 0.46596382 0.13997339
v -0.22927775 0.46379067 0.20836172
v -0.23793031 0.47463074 -0.09696759
v -0.23677116 0.48365425 0.14333904
v -0.23847142 0.47633936 -0.14545521
v -0.23432804 0.49500294 0.19881128
v -0.23130551 0.51275634 -0.08983305
v -0.22884942 0.51478095 0.14322083
v -0.20838696 0.54943692 -0.12137122
v -0.26990219 0.52436184 -0.07531012
v -0.24426787 0.58933937 0.17329132
v -0.22979940 0.61276294 -0.05644098
v -0.19710433 0.61146241 -0.06437431
v -0.23418670 0.64156464 0.13702615
v -0.24526083 0.64910715 0.07471584
v -0.23891239 0.66831260 0.10858168
v -0.23341921 0.67645083 -0.04695990
v -0.23422712 0.68010303 0.12640991
v -0.24118887 0.70392685 0.06334933
v -0.22799748 -0.99492461 -0.37239807
v -0.21996912 -0.99327575 0.06048951
v -0.21976539 -0.98741859 0.07220754
v -0.23387808 -0.98381845 -0.36597439
v -0.21482183 -0.97882173 -0.03472604
v -0.22260421 -0.97648405 0.08190356
v -0.21890223 -0.96074766 -0.03662511
v -0.22663794 -0.91781166 -0.03394966
v -0.22729864 -0.93211358 0.10729597
v -0.23175873 -0.92194736 0.13801940
v -0.22541978 -0.92340824 0.11031249
v -0.22221050 -0.90510003 0.13549720
v -0.21958729 -0.85996005 -0.03548816
v -0.20749602 -0.81353158 0.10497952
v -0.21762487 -0.75992590 -0.01238566
v -0.21764133 -0.62625953 0.18471473
v -0.23394608 -0.52399709 0.01606678
v -0.23006214 -0.44685815 0.28463793
v -0.22627345 -0.43474987 0.05199930
v -0.21718764 -0.42721698 0.06337707
v -0.22978628 -0.41967509 0.08130999
v -0.23553060 -0.41649038 0.25509352
v -0.22970331 -0.40576326 0.22719929
v -0.21276391 -0.40477455 0.24847801
v -0.18869664 -0.36560531 -0.21185499
v -0.23839878 -0.39296792 0.22246482
v -0.23175172 -0.40198643 0.25400381
v -0.21843104 -0.37517610 0.24783125
v -0.22774732 -0.36574120 0.26085384
v -0.22473814 -0.36072343 0.21452469
v -0.22338730 -0.29430529 0.20668418
v -0.22255353 -0.28826168 0.32305772
v -0.23191261 -0.22563196 0.06906826
v -0.23520936 -0.23215378 0.17418108
v -0.21961924 -0.23605753 0.29092402
v -0.22003385 -0.23403063 -0.14599083
v -0.23345335 -0.23372540 -0.12052763
v -0.21518044 -0.18762076 0.26416680
v -0.23377291 -0.19270473 0.17080743
v -0.22667193 -0.16413163 0.06694070
v -0.23094048 -0.18749293 0.07641063
v -0.22835721 -0.14023699 0.16052323
v -0.22375470 -0.12047491 0.12015816
v -0.22293669 -0.04121640 -0.00180457
v -0.22818427 -0.03558330 0.18122258
v -0.21410489 0.00158360 -0.01607746
v -0.22612482 -0.01679350 0.20734397
v -0.21779297 0.03451722 0.09579479
v -0.22609148 0.03119204 0.10605261
v -0.22569451 0.03401268 0.12854263
v -0.22726516 0.04198703 0.09878458
v -0.22587819 0.04910408 0.16067114
v -0.23029928 0.05794261 0.08566337
v -0.22371618 0.05933826 0.15319629
v -0.22402539 0.07249380 0.09479642
v -0.22897305 0.30896391 -0.00666250
v -0.22415697 0.33007991 0.06292238
v -0.22647580 0.36160602 0.08874940
v -0.22757963 0.38209449 0.10816306
v -0.22328423 0.38506115 -0.08162505
v -0.22305376 0.44068310 -0.09611825
v -0.23038975 0.42786369 0.12575124
v -0.22145201 0.44206343 0.17728688
v -0.23132976 0.46050212 -0.14550320
v -0.22702472 0.46079962 -0.13753333
v -0.22340489 0.46460918 -0.11627294
v -0.22864324 0.46245201 0.16037322
v -0.23490423 0.46775572 -0.14817988
v -0.22422667 0.46924892 -0.09794458
v -0.22106589 0.48053575 0.21528688
v -0.22580406 0.48180414 -0.14719339
v -0.23319316 0.48345920 0.21352351
v -0.22568897 0.49118367 0.21257971
v -0.22213906 0.52751756 0.18751103
v -0.21059285 0.60314088 0.05844731
v -0.21369568 0.60642482 0.16898726
v -0.21683098 0.62397509 0.15926202
v -0.22491182 0.64652669 -0.06980841
v -0.22925833 0.65268236 0.13225326
v -0.22389141 0.64753435 0.14453474
v -0.22444243 0.65848227 -0.07422333
v -0.23123441 0.66150022 -0.04947916
v -0.22979186 0.66968438 0.13715644
v -0.22405379 0.66066248 0.15041030
v -0.22301248 0.67724792 -0.06078576
v -0.23250631 0.69165545 -0.02808332
v -0.23076776 0.69282304 0.10873661
v -0.22566034 0.70103252 0.08972162
v -0.20807312 -0.99759470 0.03075247
v -0.21623194 -0.99311968 -0.04700688
v -0.23588349 -0.98562132 -0.37403420
v -0.23288602 -0.97817780 0.10822565
v -0.21880222 -0.92234351 0.08921389
v -0.21705236 -0.92140292 0.11026903
v -0.22273026 -0.91553433 0.12905679
v -0.22506690 -0.87704134 -0.02763368
v -0.21319630 -0.84055189 0.10624140
v -0.22092679 -0.82427645 -0.01969589
v -0.22259166 -0.78877213 -0.01259212
v -0.22906444 -0.74860433 0.12863654
v -0.22909570 -0.68938774 0.15089531
v -0.21625949 -0.65009526 -0.31021551
v -0.23571248 -0.64264510 -0.02729540
v -0.22884432 -0.58976720 -0.28124865
v -0.21367195 -0.58383063 0.22695866
v -0.22904796 -0.56637654 -0.00623650
v -0.20248225 -0.51422193 0.00311133
v -0.21964439 -0.43519502 0.28923091
v -0.20929732 -0.40692931 0.28502630
v -0.20979481 -0.41968621 0.06601254
v -0.20865290 -0.42177193 -0.21117575
v -0.23001273 -0.37328879 0.26398129
v -0.21769793 -0.38690920 0.27171679
v -0.21864919 -0.36608233 0.25529015
v -0.21574833 -0.34899628 -0.17817910
v -0.22328045 -0.33326236 0.07401289
v -0.21385329 -0.35558484 -0.20142186
v -0.22400124 -0.30635839 0.31046597
v -0.21489220 -0.29823006 0.31914791
v -0.21157096 -0.29587668 -0.17633713
v -0.21236246 -0.27982846 0.32541477
v -0.22585636 -0.26084583 0.19553053
v -0.22198082 -0.20942846 -0.13354471
v -0.21576089 -0.19574438 0.19346114
v -0.20964715 -0.16125440 -0.09748956
v -0.22033046 -0.13252084 0.06233861
v -0.22772964 -0.14489467 0.24208501
v -0.22510453 -0.10592989 0.14588436
v -0.23928323 -0.11771676 -0.03834954
v -0.22448237 -0.10801329 0.15603094
v -0.22238765 -0.07927279 0.21686361
v -0.21494744 -0.07039451 0.15384912
v -0.21984920 -0.06188503 -0.02386083
v -0.21533646 -0.04794875 0.23069171
v -0.22117677 -0.03679784 0.19736948
v -0.19942968 -0.00275475 -0.03720333
v -0.21115585 0.01082030 0.20559370
v -0.23695257 -0.01444789 0.06498014
v -0.21600646 0.02414467 0.17546119
v -0.22130242 0.02574135 0.15813699
v -0.21382004 0.05132651 0.06728790
v -0.22115273 0.03750345 0.15131669
v -0.21451466 0.05217675 0.01720683
v -0.21839723 0.05459449 0.12391500
v -0.22179659 0.04016827 0.13597204
v -0.22181142 0.05098258 0.14492198
v -0.21577826 0.05530340 0.15526241
v -0.23473723 0.01676140 0.03212573
v -0.21698942 0.05443240 0.14118054
v -0.22440012 0.07094638 0.07907820
v -0.21759467 0.34393872 0.12019786
v -0.21232424 0.34945316 0.14083105
v -0.22050236 0.41182660 0.14882136
v -0.21606585 0.41139796 0.15916132
v -0.21510692 0.43423171 0.18668405
v -0.22083610 0.44777175 0.17869184
v -0.21731328 0.48735164 -0.14779497
v -0.19998624 0.49912455 0.17590009
v -0.22374579 0.49151014 -0.14531771
v -0.21148972 0.50126589 -0.14516715
v -0.20994653 0.52205895 0.16452097
v -0.22901745 0.50126156 -0.12881781
v -0.22446663 0.51313633 -0.12441249
v -0.22262222 0.50770916 0.19217194
v -0.21559910 0.52638267 -0.09734594
v -0.21706822 0.52404029 0.14042636
v -0.21563019 0.58908168 0.09832311
v -0.21627686 0.60006990 -0.10325203
v -0.21065789 0.60515091 0.00658052
v -0.21996949 0.63124521 -0.08503663
v -0.21793196 0.64488672 -0.09103944
v -0.21350459 0.63637242 0.16995583
v -0.21542271 0.64561300 0.10572712
v -0.20857115 0.67040486 0.07585196
v -0.22999065 0.65722624 0.01663369
v -0.21735686 0.65949748 -0.08196401
v -0.21393282 0.67229914 0.05302513
v -0.22258861 0.68133147 0.13221443
v -0.20803646 -0.99269398 0.04830430
v -0.22036360 -0.98326459 -0.09596930
v -0.21490587 -0.98358510 -0.04439189
v -0.20697771 -0.95411720 -0.02447996
v -0.21562871 -0.91936287 -0.02782542
v -0.21544355 -0.92307676 0.07060898
v -0.20669098 -0.91577007 0.08098772
v -0.20701791 -0.91409844 0.04821732
v -0.20159541 -0.90786373 0.05976979
v -0.21057037 -0.91479163 0.11294790
v -0.20620392 -0.91682341 0.09682403
v -0.21357598 -0.87766103 -0.02013994
v -0.21002547 -0.88587841 0.10509495
v -0.20796643 -0.86426507 -0.02660769
v -0.20707510 -0.82837688 -0.00827004
v -0.21266693 -0.80361710 -0.00866942
v -0.21017605 -0.77910047 0.11255102
v -0.20413590 -0.74532577 0.12035403
v -0.21684062 -0.71488013 -0.01815021
v -0.20724440 -0.63553183 0.17245031
v -0.22460416 -0.64131726 -0.32837643
v -0.21146015 -0.61987654 0.20233386
v -0.21331414 -0.56910685 0.22886835
v -0.19259428 -0.52882032 0.01030317
v -0.21031437 -0.51605443 0.27570384
v -0.20415164 -0.48863845 -0.25978323
v -0.22888291 -0.47002858 -0.22717078
v -0.20844652 -0.41926558 0.28822207
v -0.20016106 -0.41220460 0.24763127
v -0.21550107 -0.38848859 0.07103804
v -0.20876586 -0.39373427 0.28231802
v -0.20409295 -0.38276065 0.28742559
v -0.21195976 -0.36374281 0.28623821
v -0.20814344 -0.34965879 0.05871043
v -0.21883533 -0.35725384 0.22006272
v -0.20146402 -0.30585031 0.04251893
v -0.21650709 -0.28764554 0.21306447
v -0.21293699 -0.26737883 0.28740178
v -0.21246514 -0.26418494 -0.14201147
v -0.20490470 -0.24096561 -0.15489062
v -0.20706977 -0.18219885 0.04533039
v -0.22003393 -0.15104021 0.05759636
v -0.21171123 -0.17749967 0.19363213
v -0.21049197 -0.11584126 0.04995562
v -0.21321871 -0.10674178 0.05878905
v -0.21156658 -0.09585140 -0.07767748
v -0.21795618 -0.07253909 0.14287269
v -0.21468759 -0.07627918 0.11889714
v -0.20855377 -0.03673126 0.13720937
v -0.20992974 0.01660824 0.02156772
v -0.21021507 0.00224730 0.17593835
v -0.20453854 -0.00491668 0.22034538
v -0.21556760 0.03538123 0.16985865
v -0.20558284 0.04957948 0.16848354
v -0.20942546 0.06144013 0.15325044
v -0.21979582 0.07702191 0.05344333
v -0.21094904 0.08860505 0.03641275
v -0.20994954 0.10536533 0.05607088
v -0.21804790 0.08235072 0.09863339
v -0.21701630 0.28168671 0.03239620
v -0.20851697 0.26410695 0.01966386
v -0.20699521 0.28567475 0.09256471
v -0.22601877 0.33124522 -0.04979490
v -0.22247090 0.35663162 -0.07078972
v -0.20971263 0.37778867 0.15536695
v -0.19534202 0.39837796 0.18258183
v -0.21262294 0.44899070 0.18372059
v -0.21634132 0.46692427 -0.09923199
v -0.21659025 0.47503637 -0.14544668
v -0.21610190 0.47547594 -0.10607561
v -0.21382156 0.49013115 0.21764828
v -0.21632324 0.51024676 0.14537254
v -0.21386475 0.50836397 0.20978782
v -0.21194058 0.51931735 0.19181352
v -0.21167285 0.51954134 -0.09017952
v -0.20863215 0.53752852 -0.08285754
v -0.20185322 0.55507389 -0.07473605
v -0.21011931 0.59630707 0.17422747
v -0.20964037 0.60244738 -0.10701372
v -0.21561141 0.62039830 -0.09484206
v -0.19409841 0.64129396 0.11992831
v -0.20978545 0.62259197 -0.10901985
v -0.21070235 0.64719124 -0.09539141
v -0.20354763 0.62786333 0.18143524
v -0.21101618 0.64848702 0.16733980
v -0.20335895 0.66637353 0.00322671
v -0.20738801 0.67162167 0.02015898
v -0.20190435 0.71159730 0.01568219
v -0.21015586 0.71298989 0.04733773
v -0.20073789 -0.98659803 0.03832699
v -0.20070277 -0.97953303 -0.01525374
v -0.19913573 -0.97817257 0.02753103
v -0.20890935 -0.97499303 0.04985736
v -0.20100948 -0.92003236 0.02669565
v -0.20206532 -0.92913597 -0.00754342
v -0.20234927 -0.90768530 0.08085396
v -0.20989941 -0.88427512 -0.01520284
v -0.19804157 -0.86840532 -0.01613757
v -0.20800606 -0.85028918 0.09887766
v -0.20005042 -0.81990602 0.00444681
v -0.19461881 -0.78019155 0.00407887
v -0.19596892 -0.79345096 0.10488989
v -0.20578624 -0.78064866 -0.00461503
v -0.20835216 -0.75118659 -0.01120850
v -0.19771751 -0.72491483 -0.01394149
v -0.20917458 -0.64889740 -0.32878533
v -0.19344210 -0.65275342 -0.31044952
v -0.21614262 -0.63501148 -0.32704294
v -0.22835484 -0.61316800 -0.02286968
v -0.14513668 -0.61346314 -0.31426774
v -0.18808896 -0.57766183 0.21753242
v -0.18204194 -0.57400222 -0.00895010
v -0.22210099 -0.53169567 -0.25601273
v -0.20018478 -0.50708505 0.00179424
v -0.22446593 -0.48473713 0.29991902
v -0.19636163 -0.47149272 0.02447483
v -0.21174831 -0.43356002 0.04952318
v -0.20042848 -0.41191796 0.25544490
v -0.20322440 -0.40134739 0.23779260
v -0.20030729 -0.40306324 0.28567872
v -0.20070076 -0.36682183 0.26779561
v -0.20773147 -0.35715346 0.28451455
v -0.19891215 -0.35311037 0.23125283
v -0.21696476 -0.32028068 -0.16561484
v -0.20010732 -0.34025771 0.05043003
v -0.19740664 -0.29410701 0.31669467
v -0.19554091 -0.28853460 0.32512322
v -0.19597711 -0.28005752 0.33053225
v -0.17610065 -0.28011038 0.31793103
v -0.19227558 -0.24977328 0.22416266
v -0.20735176 -0.22482183 0.27461867
v -0.21149715 -0.20119180 -0.11518578
v -0.18329685 -0.19414359 0.27900032
v -0.19062133 -0.17464608 -0.13120538
v -0.18603988 -0.11522598 -0.10801140
v -0.20499490 -0.11330116 0.18402378
v -0.21022878 -0.14242589 -0.08518220
v -0.18918353 -0.09187479 -0.09367821
v -0.20258422 -0.09241564 0.04462887
v -0.20489256 -0.07369349 0.06816497
v -0.20585470 -0.06530193 0.04051866
v -0.20677748 -0.08622101 0.05167962
v -0.20531317 -0.04632349 0.03471324
v -0.19513565 -0.01159939 0.14693207
v -0.20246621 -0.02448427 0.02663317
v -0.20248280 -0.01457945 0.09309624
v -0.19834906 -0.01992322 0.20962012
v -0.19466366 -0.01807851 -0.02536985
v -0.20092628 0.00370104 0.04054661
v -0.20736283 -0.01036795 0.19583163
v -0.20606194 -0.02305247 0.12045598
v -0.19822790 0.02578298 0.09159191
v -0.19732373 0.04695974 0.18969207
v -0.20838952 0.05386687 0.04652736
v -0.19925499 0.08316130 0.05856613
v -0.20671865 0.06088455 0.10598884
v -0.20423906 0.07329920 0.09347373
v -0.21042659 0.07262761 0.14026553
v -0.19198480 0.07536213 -0.00198411
v -0.19979712 0.09587513 0.15024913
v -0.20559298 0.11221133 0.12237864
v -0.20365586 0.13376529 0.08214404
v -0.20715950 0.12151659 0.09962931
v -0.20893462 0.27736172 -0.01229856
v -0.19017654 0.23892801 0.00464577
v -0.19722273 0.23846860 0.09932778
v -0.20097111 0.30386822 -0.05325543
v -0.21963263 0.30052976 -0.02506054
v -0.19971738 0.29982401 0.14255798
v -0.20029281 0.33899053 0.15418822
v -0.21717198 0.42250125 -0.09626308
v -0.20256124 0.48886338 -0.14622633
v -0.18743055 0.49427966 -0.10595137
v -0.21293306 0.48084681 0.20823987
v -0.20896581 0.47888933 0.16445868
v -0.20417412 0.51221738 -0.14001368
v -0.20796223 0.51802388 -0.12616436
v -0.19825047 0.52524752 0.14255465
v -0.19377698 0.52703588 0.20813119
v -0.19917784 0.53521524 -0.12736086
v -0.20271871 0.53797770 -0.09222624
v -0.20136779 0.55176934 -0.12587199
v -0.20608244 0.55368404 -0.08978715
v -0.19897027 0.56591560 -0.06457899
v -0.19746152 0.54216474 0.19218730
v -0.21143089 0.55900831 0.18423436
v -0.20041349 0.57324448 -0.08418279
v -0.18726756 0.57357473 0.10984998
v -0.20060651 0.57681665 -0.12586154
v -0.20952437 0.57946776 -0.04703652
v -0.20166656 0.60256795 -0.12196783
v -0.19680143 0.60452680 0.04569674
v -0.20160817 0.60313568 0.18940579
v -0.20581530 0.61545236 0.18183218
v -0.18585780 0.61582748 0.13981250
v -0.20062133 0.62654914 -0.11102733
v -0.20117512 0.64535517 -0.03163310
v -0.19296551 0.65546348 0.10942055
v -0.19658070 0.66069694 -0.01389575
v -0.20287180 0.66574932 0.08951371
v -0.21768032 0.66797245 0.14947756
v -0.20033149 0.68777865 0.01170785
v -0.20628301 0.68751672 0.03821282
v -0.20697246 0.68696817 0.06348984
v -0.19797643 0.70307788 0.05042386
v -0.19671229 0.70440201 -0.01298786
v -0.20092933 0.69978687 0.10620949
v -0.20846590 0.71084526 0.07011225
v -0.19954282 0.70482888 0.08939929
v -0.20018631 0.71258489 0.04618361
v -0.19855664 -0.99550382 0.02430272
v -0.19221367 -0.98638505 0.02631783
v -0.19161445 -0.98346192 -0.01394317
v -0.19493455 -0.98107707 0.00588985
v -0.19672480 -0.95684954 0.01193447
v -0.20004214 -0.89805787 0.02270095
v -0.19354034 -0.89051685 0.03527460
v -0.19590445 -0.89831261 0.05060437
v -0.20230272 -0.88722742 0.00056753
v -0.19268422 -0.88052447 0.01404722
v -0.19398974 -0.87259152 -0.00591452
v -0.19323443 -0.85469530 0.04975497
v -0.19535680 -0.84796297 0.00942196
v -0.19489521 -0.82123061 0.01573421
v -0.19918788 -0.82159660 0.09787883
v -0.19147345 -0.80010086 0.09866275
v -0.18749080 -0.66290566 -0.02772638
v -0.21010461 -0.65396223 -0.31828702
v -0.18452953 -0.61187666 -0.02099423
v -0.18805816 -0.61960097 0.18999614
v -0.18006539 -0.50171866 0.27678595
v -0.21507276 -0.45691052 0.29314566
v -0.18462536 -0.42279188 0.27851818
v -0.18586876 -0.41319327 0.25588809
v -0.18934221 -0.40648226 0.24875696
v -0.20123326 -0.40261462 0.26292862
v -0.18949853 -0.39047404 0.27036371
v -0.18934623 -0.39434203 0.28543014
v -0.20566696 -0.38652098 0.06453934
v -0.19847895 -0.36486605 0.29738482
v -0.18950739 -0.36311399 0.27436340
v -0.19393740 -0.35385874 0.28819996
v -0.19692720 -0.35617641 0.29626440
v -0.19260608 -0.31000791 0.03653699
v -0.19628272 -0.30911183 0.22731983
v -0.20758296 -0.29306518 0.30684807
v -0.19093057 -0.26865253 0.33235387
v -0.19165927 -0.14342742 -0.09888447
v -0.19507904 -0.15437388 0.26557873
v -0.20783924 -0.14703045 0.25663571
v -0.19676623 -0.10559556 0.24530128
v -0.18907626 -0.08372456 -0.06587252
v -0.19486764 -0.04863611 0.00648126
v -0.18877764 -0.04829728 -0.04646668
v -0.19534909 0.01804861 0.02877212
v -0.19472656 -0.00786071 0.01402840
v -0.18671042 0.00960383 -0.01890530
v -0.18591660 0.02950938 0.21674281
v -0.20027418 0.02971695 0.16248219
v -0.18895611 0.05996574 0.10997909
v -0.20148783 0.00943475 0.10763901
v -0.19648877 0.06736769 0.13250549
v -0.18541762 0.10387193 0.17829687
v -0.19145185 0.10839771 0.08457311
v -0.19423323 0.14184097 0.04969352
v -0.19164167 0.15120918 0.13719718
v -0.19254081 0.18534353 0.10509321
v -0.18726470 0.18601122 0.13064154
v -0.19601364 0.22838111 0.04680273
v -0.20804175 0.25901922 0.05821203
v -0.19154800 0.26849715 0.14500361
v -0.19317568 0.25887646 0.12609434
v -0.18512222 0.48337782 -0.10371354
v -0.19477228 0.48821703 -0.13765231
v -0.21553831 0.48014444 0.19212714
v -0.19616465 0.50651252 -0.14694765
v -0.19098740 0.50314130 0.19318643
v -0.18387386 0.52350802 0.16990571
v -0.18572802 0.52328458 0.21500925
v -0.19712738 0.50708282 0.21788177
v -0.19621476 0.53292823 -0.13666555
v -0.19065869 0.53267385 -0.14064397
v -0.16878831 0.53973394 0.16751999
v -0.20059550 0.54750520 -0.08251444
v -0.19639459 0.56361978 -0.13273316
v -0.19001877 0.56242763 -0.08006466
v -0.18716572 0.55036732 0.12827413
v -0.19000159 0.55275231 0.20595967
v -0.19355483 0.58255295 -0.12934745
v -0.19910605 0.57657275 0.18670130
v -0.19252829 0.58464068 0.19864345
v -0.19111903 0.58691523 0.09346520
v -0.18992136 0.62185212 -0.05742663
v -0.19480052 0.61933435 0.18725189
v -0.19339760 0.67717174 -0.02032144
v -0.18939424 0.68558061 -0.05366655
v -0.20019186 0.67986480 0.09542822
v -0.19232837 0.67509233 0.11597743
v -0.19559230 0.69654030 0.09098724
v -0.19240535 0.69185953 0.10805314
v -0.19191534 0.67994101 0.14112067
v -0.19344162 0.69835419 -0.02974165
v -0.19506428 0.70348482 0.01826168
v -0.19721625 0.70266830 0.07581405
v -0.15444584 -0.99482805 -0.20418841
v -0.19464701 -0.99142726 -0.01948470
v -0.19138279 -0.99054436 0.01323126
v -0.19120343 -0.83441981 0.05094452
v -0.18942720 -0.79505093 0.01775963
v -0.18399750 -0.80714435 0.05496308
v -0.18535544 -0.77264598 0.01048208
v -0.18402925 -0.75376159 0.11286151
v -0.20729173 -0.72031222 0.12976015
v -0.17467727 -0.65553768 -0.31089918
v -0.21401052 -0.64230277 -0.30529236
v -0.19959628 -0.62528857 0.17772806
v -0.16124614 -0.59089832 -0.30439335
v -0.20431559 -0.58614219 0.22229417
v -0.19191606 -0.56025384 -0.29044548
v -0.18013287 -0.53639088 0.24346186
v -0.18182044 -0.51479528 0.00176131
v -0.18132579 -0.52375206 0.00747179
v -0.17596639 -0.44285526 0.04117376
v -0.18795386 -0.40391372 0.26645067
v -0.18445632 -0.38235313 0.24755407
v -0.18245396 -0.37263622 0.29424858
v -0.17290446 -0.29620779 -0.18744646
v -0.17768520 -0.28442579 0.32536526
v -0.18906520 -0.26680646 0.02529251
v -0.20523107 -0.14969042 -0.11492231
v -0.18523646 -0.12013947 0.20929509
v -0.18373987 -0.12682474 0.26046883
v -0.18892247 -0.08248804 0.01805835
v -0.17590266 -0.06687276 -0.01719316
v -0.17188010 -0.06740973 0.26182772
v -0.18102815 -0.05181762 0.19357492
v -0.20405371 -0.07605863 0.24897486
v -0.19521501 -0.04263477 0.16718511
v -0.18999910 0.01436851 0.13750583
v -0.19255519 0.03160600 0.03590368
v -0.18930448 0.04236322 0.20688863
v -0.17123837 0.10902084 -0.00942062
v -0.18877874 0.09434042 0.04115237
v -0.17904183 0.13795519 0.07129434
v -0.18533880 0.12055073 0.09555716
v -0.18846426 0.13104457 0.02807772
v -0.18946873 0.19448230 0.07473973
v -0.18546504 0.19008379 0.05617437
v -0.18991816 0.20535732 0.06357993
v -0.18972373 0.20733526 0.11005990
v -0.18178515 0.21883346 0.15278035
v -0.18758692 0.26623632 0.15194712
v -0.19052831 0.37275690 -0.09677221
v -0.19462603 0.42844883 -0.10649111
v -0.19788836 0.42787398 0.20065132
v -0.20270711 0.47998179 -0.10160386
v -0.19226760 0.49011253 -0.12306453
v -0.17796084 0.49931144 -0.13849375
v -0.19203005 0.50247815 0.21447789
v -0.18195066 0.49299101 0.22654054
v -0.18475185 0.50242022 -0.14647718
v -0.18076220 0.51279609 0.16104091
v -0.18389046 0.50473350 0.22975689
v -0.18407643 0.50559044 0.20529297
v -0.18133233 0.51301869 0.22685923
v -0.18466644 0.57181624 0.20463326
v -0.18123384 0.57533436 -0.07432609
v -0.19436879 0.60121181 -0.00902624
v -0.18417912 0.63443577 -0.05107678
v -0.17773312 0.64208498 -0.10125612
v -0.18945988 0.65385198 -0.03050695
v -0.18496077 0.66411160 -0.08192406
v -0.18265104 0.65216155 -0.06148434
v -0.17799792 0.65069216 0.16885411
v -0.18785880 0.66327022 0.12939930
v -0.18297606 0.67785646 -0.04834418
v -0.18690851 0.66559852 0.15703449
v -0.18539713 0.67720681 0.13456452
v -0.18420203 0.68552186 -0.04171884
v -0.19210345 0.69613359 -0.00604201
v -0.19250977 0.69201241 0.12220761
v -0.20095672 -0.98607959 -0.38163675
v -0.17203013 -0.77507520 0.06028622
v -0.17671109 -0.77222740 0.02769180
v -0.18319379 -0.77384336 0.10440311
v -0.18093032 -0.75372324 0.00456258
v -0.17512014 -0.74100069 0.11474167
v -0.17665756 -0.67493953 -0.02264896
v -0.18513395 -0.65681000 -0.32666639
v -0.17773316 -0.64834753 -0.33179820
v -0.16807636 -0.62360864 0.16485269
v -0.16274322 -0.58715400 -0.28202954
v -0.18296843 -0.56871986 0.21438519
v -0.17838655 -0.50758031 0.00408531
v -0.17107685 -0.47432224 0.02446031
v -0.18460597 -0.43464088 0.05509901
v -0.17658436 -0.36723383 0.27498022
v -0.17816848 -0.36512641 0.29085036
v -0.17777035 -0.34730268 0.24391238
v -0.19128133 -0.31401890 -0.17020494
v -0.17683917 -0.32169682 0.24195336
v -0.18666746 -0.29143636 0.02903760
v -0.15294646 -0.23684855 -0.16934604
v -0.18473753 -0.24893499 0.29363526
v -0.17018551 -0.25511983 0.33785788
v -0.17878784 -0.22757804 0.28854000
v -0.18382542 -0.23332578 0.02114323
v -0.17706252 -0.21884465 -0.13482347
v -0.17738719 -0.11734320 -0.09339854
v -0.17820029 -0.10657883 0.02027259
v -0.19031050 -0.06590936 0.23223267
v -0.16541112 0.00773111 0.21761114
v -0.18073487 0.01428903 0.16849110
v -0.17279335 0.03633650 0.20074653
v -0.18686938 0.03049570 0.18953811
v -0.18050660 0.06332174 0.17596961
v -0.18527045 0.03340950 -0.00616174
v -0.18107280 0.07406914 0.07176975
v -0.18245458 0.05940547 -0.02162729
v -0.17584462 0.06157289 0.14655565
v -0.17931106 0.10680725 0.14495752
v -0.17653446 0.06395673 0.20953640
v -0.17955971 0.10226401 0.10732331
v -0.17799326 0.10236656 0.09592518
v -0.17755433 0.10532097 0.18781011
v -0.17441612 0.11878871 0.11209351
v -0.18490565 0.11201317 0.11478606
v -0.17649641 0.14049333 0.08115284
v -0.17699753 0.12429685 0.10258170
v -0.18119347 0.14405908 0.16550389
v -0.18252746 0.16443330 0.15418602
v -0.17749251 0.19263996 0.15842664
v -0.17981892 0.23623843 0.16174906
v -0.18081828 0.26410875 -0.03412309
v -0.17046450 0.27939132 -0.05654846
v -0.18921237 0.32371813 -0.07367648
v -0.17570266 0.42183806 0.20905495
v -0.17051898 0.47996310 0.22410898
v -0.16849001 0.49165663 -0.11414714
v -0.17866153 0.51561536 0.17576572
v -0.16890995 0.51395746 0.19102065
v -0.18024679 0.51808042 -0.14673324
v -0.17716881 0.55650375 -0.13732835
v -0.16935133 0.55765263 0.20915312
v -0.18187686 0.57007577 -0.06684390
v -0.18003666 0.59041275 0.15178270
v -0.18134507 0.59650588 0.19733988
v -0.16271551 0.58652977 -0.06684569
v -0.18378816 0.60784857 0.03104532
v -0.17694158 0.62800030 -0.06481112
v -0.18020839 0.63197997 0.13537538
v -0.18201821 0.64661347 0.14574190
v -0.17749888 0.63201620 0.18144370
v -0.17683244 0.65980662 -0.07596056
v -0.17579220 0.65666434 -0.08510434
v -0.18093117 0.66731406 0.15049498
v -0.19393950 -0.99539529 -0.38107874
v -0.15854333 -0.99086790 0.03712669
v -0.18992779 -0.98376916 -0.37636026
v -0.17340541 -0.74969244 0.10701794
v -0.15614322 -0.66377932 -0.01487448
v -0.16025212 -0.66470584 0.13804191
v -0.16685328 -0.66223400 -0.31836295
v -0.17681050 -0.64071555 -0.02629626
v -0.16713808 -0.61628733 0.18045381
v -0.17309504 -0.53225648 0.01057585
v -0.15944044 -0.52228655 0.00666736
v -0.19444101 -0.43767406 -0.23977583
v -0.17067040 -0.42638158 0.06009142
v -0.17125304 -0.40392958 0.24909877
v -0.16770129 -0.38200227 0.28639745
v -0.17551723 -0.37965666 0.24950450
v -0.16975566 -0.36962192 0.27466100
v -0.16922178 -0.34034436 0.24353868
v -0.16895346 -0.28808858 0.24630733
v -0.17712053 -0.24791260 0.01727913
v -0.16558873 -0.15731442 0.27681005
v -0.18075461 -0.18102588 0.22797165
v -0.18244109 -0.11720056 0.02765739
v -0.17458011 -0.12626228 0.22158343
v -0.18646092 -0.04659539 -0.07141726
v -0.16504566 -0.01542343 0.19691219
v -0.16186769 0.00738290 -0.04318698
v -0.17146286 0.02334409 -0.02712232
v -0.18937851 0.03099964 0.02503302
v -0.16946093 0.08062948 0.03226276
v -0.18764665 0.06939247 0.01899552
v -0.17062172 0.09222869 0.17455645
v -0.17000012 0.12393392 0.15561567
v -0.17235658 0.12597893 0.03980844
v -0.16023448 0.11115075 0.14104657
v -0.16818109 0.13530346 0.07507866
v -0.16925534 0.12887180 0.11785215
v -0.17676808 0.12949655 0.12252638
v -0.16696003 0.13760270 -0.00239208
v -0.16855026 0.13373176 0.04435183
v -0.16969935 0.13863296 0.12458362
v -0.16863858 0.14116262 0.06623780
v -0.17441842 0.17998342 0.02670465
v -0.17623187 0.19801376 0.02841558
v -0.13191479 0.24358165 -0.05659096
v -0.17567279 0.37508255 0.19070017
v -0.17152625 0.39370189 -0.11039834
v -0.18019712 0.44472081 -0.11079133
v -0.16199896 0.44816351 0.19929001
v -0.17932990 0.49183458 -0.11878332
v -0.16919619 0.49365461 -0.10547120
v -0.16842464 0.54434494 -0.13947500
v -0.16924160 0.52591880 0.21469690
v -0.17702654 0.58887396 -0.12859077
v -0.16680377 0.56152444 -0.11722462
v -0.16295392 0.59543857 -0.04042448
v -0.16960192 0.58030919 -0.10572410
v -0.16963772 0.60207408 -0.08635958
v -0.16857170 0.58999778 0.20164549
v -0.19320639 0.59217630 -0.03225227
v -0.17497896 0.61090145 0.14796424
v -0.16965050 0.60667907 -0.06585819
v -0.16837275 0.61016528 0.15774187
v -0.17573008 0.61905400 -0.11570350
v -0.16946989 0.60689746 -0.11372109
v -0.17358518 0.62218748 0.15160525
v -0.17283635 0.61125513 -0.09704836
v -0.16854760 0.62421058 0.17513275
v -0.17505696 0.63664318 0.16268332
v -0.17104060 0.63603524 0.17349417
v -0.17155539 0.63233297 -0.09910755
v -0.16094402 -0.99513693 -0.38663965
v -0.16529599 -0.99281538 -0.01711340
v -0.15380100 -0.98728083 0.05064842
v -0.15573558 -0.71442996 0.00427685
v -0.16192798 -0.71988230 0.11314445
v -0.16279984 -0.69970307 0.12374337
v -0.15542660 -0.65590632 -0.33250810
v -0.14434129 -0.64898544 -0.33213937
v -0.17019768 -0.58447200 -0.00992509
v -0.17472301 -0.58572305 0.20701674
v -0.11995428 -0.54781974 -0.26935969
v -0.15782954 -0.46109935 -0.25359082
v -0.15420163 -0.51590364 0.00722684
v -0.14732874 -0.49980184 0.25841330
v -0.17254090 -0.48962434 0.27580141
v -0.16318092 -0.44176492 0.26911369
v -0.15889575 -0.43627524 0.06019355
v -0.16061715 -0.40831952 0.25634606
v -0.15367647 -0.39473700 0.24271170
v -0.15220871 -0.39258459 0.27824941
v -0.16710905 -0.37910391 0.26438188
v -0.15418703 -0.37073524 0.04790613
v -0.16631028 -0.37358716 0.28328773
v -0.17325946 -0.27604345 0.33475091
v -0.16863192 -0.22749776 0.01252879
v -0.14577120 -0.20862775 0.29895584
v -0.16127426 -0.23715353 0.24998176
v -0.16949396 -0.19815464 0.30486735
v -0.16628773 -0.18422869 0.00929448
v -0.14757259 -0.17848134 -0.14683794
v -0.15652172 -0.12385685 -0.12289232
v -0.16126877 -0.14903598 0.29457499
v -0.14559355 -0.14551055 0.24683072
v -0.20515676 -0.14667465 0.27836806
v -0.15424352 -0.10328997 0.26375932
v -0.17217014 -0.04682140 -0.05835115
v -0.16623461 -0.05867713 -0.03306866
v -0.16882932 -0.04570275 -0.03432659
v -0.15298272 -0.05396273 0.24589071
v -0.17931388 -0.02388934 0.22278386
v -0.16656596 -0.00874144 -0.02707632
v -0.16840946 0.02126474 0.23007928
v -0.16159030 0.02468228 -0.03430460
v -0.15950347 0.05232305 0.20262311
v -0.16240865 0.04824512 -0.02220912
v -0.17035551 0.05517376 0.16442409
v -0.14451763 0.07438900 0.22267183
v -0.16169972 0.10973439 0.17447487
v -0.16368827 0.10472856 0.00945104
v -0.15958422 0.10759890 0.03290580
v -0.15900641 0.09619125 -0.02757412
v -0.16270936 0.11465868 0.04477695
v -0.15924953 0.12613355 0.19425387
v -0.16133350 0.13307491 0.02642166
v -0.15806709 0.12709959 0.13584604
v -0.16112840 0.13561916 0.03536965
v -0.16249037 0.14444876 0.14441351
v -0.16094459 0.14151983 0.13360977
v -0.16074341 0.14008430 0.15849912
v -0.16152020 0.17846730 0.00464815
v -0.16659612 0.22995614 -0.01886297
v -0.15185471 0.46213694 -0.11434793
v -0.16079400 0.46585973 -0.12831947
v -0.16891539 0.47858283 -0.13054507
v -0.16183767 0.47435349 -0.12044377
v -0.16358255 0.47556926 0.23271206
v -0.16140260 0.49122615 -0.10669108
v -0.16990861 0.48532085 0.21556759
v -0.17020907 0.48828146 0.23290995
v -0.16112405 0.49483687 -0.11417514
v -0.15977167 0.48995628 0.17971853
v -0.17122551 0.49438915 -0.13410690
v -0.16890888 0.50339740 0.20485174
v -0.16495570 0.50373027 -0.13542193
v -0.16899502 0.51515035 -0.14672185
v -0.15483868 0.51686952 -0.13101501
v -0.16023987 0.52893662 0.18118220
v -0.15434231 0.52349001 0.19150213
v -0.16236892 0.53228866 -0.13687851
v -0.16154172 0.55140731 0.17107477
v -0.16748874 0.57017638 -0.13002902
v -0.16200927 0.57188924 -0.10204206
v -0.17123899 0.55655949 0.12664507
v -0.17071679 0.56603305 0.16064192
v -0.16101958 0.57213505 0.20578390
v -0.16887194 0.59432183 -0.12117513
v -0.17357255 0.58331686 0.10080985
v -0.16048425 0.60261498 0.20477624
v -0.15956127 0.60151202 -0.07639961
v -0.16363482 0.59476127 0.15986373
v -0.15485298 0.59620472 -0.06195749
v -0.17994893 0.59475962 0.08243237
v -0.16448322 0.61064759 -0.00789960
v -0.16220177 0.60845157 0.06323808
v -0.16943043 0.61707006 0.16136224
v -0.16836876 0.61096803 0.18785222
v -0.16119436 0.62621239 0.16054242
v -0.16252320 -0.98607419 -0.38962417
v -0.18246425 -0.98393700 0.01523693
v -0.16706047 -0.76566770 0.04968431
v -0.16957982 -0.75646645 0.02266806
v -0.15841325 -0.73027901 0.01164139
v -0.15044356 -0.68072174 0.12169686
v -0.16933986 -0.61525474 -0.01862942
v -0.14555588 -0.49029800 0.02471874
v -0.13764801 -0.48837884 0.25673221
v -0.15170130 -0.45044613 0.04144346
v -0.15591986 -0.44351910 0.05123636
v -0.15375608 -0.42000846 0.06133382
v -0.16106734 -0.41312645 0.24772010
v -0.15432094 -0.40552325 0.25438386
v -0.15737990 -0.38170971 0.28115646
v -0.15426181 -0.38081931 0.26849634
v -0.15579178 -0.33451789 0.23957587
v -0.15904687 -0.27240175 0.24874351
v -0.17104804 -0.26237259 -0.15480900
v -0.15800145 -0.26462961 0.34252847
v -0.15602293 -0.24638050 0.34331239
v -0.15330071 -0.23214659 0.25172281
v -0.15314605 -0.20361215 0.25235990
v -0.14995407 -0.17685096 0.28770085
v -0.16131738 -0.18908159 0.00667622
v -0.15674936 -0.19376143 0.24919130
v -0.15498315 -0.12931519 0.00129923
v -0.14086707 -0.04373286 -0.07581413
v -0.16404848 -0.05833871 0.21531164
v -0.13414468 0.00140027 0.25295296
v -0.15246020 0.00212594 -0.07112894
v -0.17336591 0.01686014 -0.05196447
v -0.15230046 0.02196484 -0.03569813
v -0.15618223 0.02444163 -0.02426619
v -0.14603272 0.02593246 0.20278756
v -0.12065151 0.05208721 0.24101476
v -0.15365522 0.03245833 -0.02740950
v -0.13883842 0.02644356 0.21896981
v -0.15146814 0.06569982 -0.01564645
v -0.16184610 0.06909156 -0.01295013
v -0.15330117 0.08169981 -0.01045141
v -0.15153631 0.06667005 -0.00762493
v -0.15628182 0.09284670 0.16020084
v -0.15372276 0.11195897 0.17815800
v -0.15029732 0.11846517 0.02225742
v -0.15349443 0.11485604 0.00589431
v -0.14664512 0.14928229 -0.02064384
v -0.16262091 0.12878709 0.04603478
v -0.14843095 0.11991149 0.15914838
v -0.16975947 0.14880187 0.17888030
v -0.14765138 0.13571136 0.15848699
v -0.15163888 0.14198145 0.15998359
v -0.16942667 0.17380889 0.17513820
v -0.14908334 0.20199231 -0.01807086
v -0.14233376 0.22992415 -0.04115538
v -0.16515952 0.26684776 0.17335470
v -0.16541268 0.32337914 0.18607092
v -0.15451512 0.37738226 0.20525515
v -0.17793536 0.40674933 0.20362826
v -0.15374916 0.41529794 0.21703977
v -0.16036864 0.40524631 -0.11530367
v -0.14542337 0.45372844 0.23221531
v -0.15277442 0.47394091 -0.12115110
v -0.16266891 0.47442162 -0.13740017
v -0.16782070 0.49818069 0.23027886
v -0.15921026 0.50093565 -0.10725556
v -0.16085914 0.53852488 -0.12317619
v -0.16155803 0.54063748 0.20899280
v -0.15893734 0.54025875 0.20110579
v -0.16317337 0.57696195 -0.06692040
v -0.16168180 0.57868815 -0.06328832
v -0.15681496 0.57753873 0.18922959
v -0.15326849 0.58556420 -0.06602258
v -0.16058605 0.57443375 0.16834890
v -0.15408622 0.58626186 0.20047957
v -0.15245054 0.59581581 0.17100727
v -0.14848763 0.60354215 -0.05526426
v -0.15851470 0.60684402 -0.06372833
v -0.14146759 0.61576926 0.07117311
v -0.15220621 0.60233279 0.20417676
v -0.15222385 0.61668332 -0.00214141
v -0.15473868 0.61635322 0.03640514
v -0.16148571 0.61745891 0.20086561
v -0.15278643 0.62971001 0.20534071
v -0.15399992 0.61762493 0.15779418
v -0.16091119 0.63217038 0.17501414
v -0.15615176 0.64507535 0.16151004
v -0.15354846 0.63694579 0.15253241
v -0.15474669 0.68509437 0.10633187
v -0.15586392 0.69573108 0.08838809
v -0.15436402 0.70382148 0.07224287
v -0.15337227 0.69537091 0.11475767
v -0.12788189 -0.99518602 -0.39207294
v -0.13821480 -0.71799275 0.04845441
v -0.14607647 -0.72008476 0.07712776
v -0.15274639 -0.74051603 0.06017973
v -0.14653305 -0.66428062 -0.32628338
v -0.15898683 -0.61820117 0.16470374
v -0.14569604 -0.61170442 0.17184383
v -0.15083207 -0.57624429 0.20005188
v -0.15423731 -0.53961883 0.01640550
v -0.16923307 -0.48973087 -0.24368207
v -0.15215125 -0.43269673 0.06397584
v -0.14396352 -0.41594334 0.24784849
v -0.16523112 -0.36260668 -0.19488837
v -0.15733732 -0.39680742 0.05572138
v -0.11315854 -0.37717928 -0.22822959
v -0.14396689 -0.38317190 0.05263739
v -0.14995926 -0.39187961 0.25532126
v -0.14185637 -0.33624956 0.03286016
v -0.15034074 -0.25364268 0.34774427
v -0.14335432 -0.23234313 0.00904082
v -0.13488951 -0.24006667 0.31999121
v -0.15296264 -0.22946511 0.32436752
v -0.15912453 -0.22408379 0.31707974
v -0.14351373 -0.17585472 0.25183131
v -0.13716522 -0.18382828 0.31482042
v -0.14739155 -0.15976808 -0.12033955
v -0.15162473 -0.15353700 -0.00002750
v -0.15409565 -0.11558495 -0.00533394
v -0.16420880 -0.09106726 -0.01571502
v -0.14283092 -0.09679371 0.24233404
v -0.12424303 -0.06068143 0.27877776
v -0.14975039 0.00941450 -0.03775197
v -0.14670740 0.00595907 -0.05062563
v -0.15277568 0.04193327 -0.01974922
v -0.13965414 0.06927156 0.19081159
v -0.14505932 0.06526070 0.20392870
v -0.14797279 0.08166019 -0.00352408
v -0.15197264 0.09691012 -0.00227604
v -0.14747238 0.09543020 0.00672848
v -0.13957920 0.08376787 0.18406436
v -0.14508163 0.09049506 0.19219792
v -0.14554457 0.10301321 0.00497986
v -0.14187366 0.10715273 0.17337559
v -0.14539106 0.10484494 0.18433326
v -0.14478180 0.11221309 0.01101037
v -0.15036112 0.12751529 0.01420232
v -0.14964973 0.12598343 0.01957430
v -0.14481014 0.12000111 0.17163655
v -0.15254239 0.13031494 0.16942687
v -0.16243921 0.19944257 0.00059650
v -0.16381091 0.23888697 0.17421609
v -0.15079697 0.32467784 0.19923398
v -0.16179941 0.34781983 -0.09924512
v -0.15156532 0.46556830 -0.12379183
v -0.14147095 0.48756432 -0.12175435
v -0.14269422 0.46584218 0.23916909
v -0.13710737 0.50158797 0.22392945
v -0.15305526 0.50396174 -0.13388271
v -0.15313490 0.49636956 -0.10616888
v -0.15562092 0.50013374 -0.11494333
v -0.14507662 0.53013141 -0.10612929
v -0.13612398 0.50587258 0.17768980
v -0.15716987 0.52007416 0.21810944
v -0.14803667 0.53186833 -0.09877540
v -0.13914394 0.52984272 0.19076908
v -0.15340138 0.53157559 0.20622565
v -0.15205767 0.54049779 -0.11961197
v -0.14427474 0.54536289 -0.09923514
v -0.14574608 0.55347053 -0.09039819
v -0.15106227 0.56410801 -0.10761222
v -0.15195492 0.58556420 -0.06680934
v -0.14538291 0.58561863 -0.06830862
v -0.12649341 0.59459385 0.10839612
v -0.14845029 0.60018868 0.19287193
v -0.13671878 0.60954161 0.08711485
v -0.15304147 0.61535646 -0.06256019
v -0.14433115 0.62087853 0.20199977
v -0.14404481 0.62445107 -0.00153752
v -0.14779509 0.62491147 0.03310454
v -0.14579637 0.62499729 0.05417818
v -0.14646845 0.62955743 -0.04670495
v -0.14532852 0.64256947 0.15110773
v -0.14543409 0.63352347 0.20615624
v -0.14523552 0.63959968 -0.01338816
v -0.14945494 0.64488409 0.01643677
v -0.14054123 0.65129920 0.15023342
v -0.15372900 0.64177135 0.19992520
v -0.14483188 0.65189436 0.20610887
v -0.15052357 0.65952930 0.06061258
v -0.14810601 0.66114485 0.15394921
v -0.14902772 0.66653981 0.16218736
v -0.14626360 0.66659537 0.14445062
v -0.15179315 0.68426475 0.13589147
v -0.14515041 0.69641716 0.12949798
v -0.14725281 0.68654256 0.15407540
v -0.15331701 0.70336887 0.09202604
v -0.14860921 0.70351946 0.03885149
v -0.14601920 0.71163559 0.04141521
v -0.14674979 0.71282526 0.05723903
v -0.14531197 0.71027518 0.07811852
v -0.06120107 -0.99500435 -0.28334915
v -0.14802323 -0.99229966 0.03123603
v -0.13405345 -0.69137143 0.01267556
v -0.13334833 -0.67450001 0.00357600
v -0.13019651 -0.65599804 -0.31017058
v -0.14645082 -0.61811873 -0.00381677
v -0.12960072 -0.57236646 0.19209280
v -0.14222252 -0.58099846 0.00983391
v -0.14002828 -0.56016426 0.19499403
v -0.13185250 -0.54236264 0.20486377
v -0.13756671 -0.53987223 0.02535963
v -0.15460562 -0.53330463 0.01430301
v -0.15838806 -0.56222800 0.20485786
v -0.14667747 -0.44445025 0.06234665
v -0.15214083 -0.42193084 0.26665899
v -0.13597938 -0.41994160 0.23969079
v -0.13796985 -0.39929155 0.27173772
v -0.12609149 -0.39847706 0.25591376
v -0.14262066 -0.38911491 0.26854753
v -0.13719731 -0.34562772 0.03735818
v -0.15212809 -0.27104355 0.33130225
v -0.14084507 -0.25981507 0.32778111
v -0.14232495 -0.26133328 0.34433997
v -0.13869642 -0.21125976 0.32827068
v -0.14515358 -0.19757853 0.25220850
v -0.13452453 -0.09659561 -0.03641740
v -0.12356301 -0.08921445 -0.10050117
v -0.13730331 -0.09055998 0.24562918
v -0.14151807 -0.03591360 0.22688573
v -0.11728794 -0.01152699 0.24481967
v -0.14222318 -0.00420835 -0.04734629
v -0.14689643 -0.01400849 -0.06162264
v -0.13666601 -0.00057178 0.21706132
v -0.15616787 0.07076381 -0.03955107
v -0.13473432 0.07931547 0.19632690
v -0.13825490 0.09613523 0.18503935
v -0.13368955 0.09636778 0.22255935
v -0.14220181 0.18522931 -0.02006797
v -0.17617424 0.21306972 0.16826507
v -0.12531160 0.20793900 -0.04108149
v -0.13219136 0.27767827 -0.07573352
v -0.13669468 0.34946364 -0.10856080
v -0.13600758 0.40112628 0.22444497
v -0.14404233 0.46127401 -0.14561152
v -0.12949184 0.46137877 -0.12924143
v -0.14589432 0.45875695 0.22425620
v -0.14247432 0.45486869 0.23921808
v -0.12375105 0.47460776 0.23441355
v -0.12567396 0.50978935 -0.12023118
v -0.14377434 0.52142616 -0.10078903
v -0.13707412 0.52486005 -0.09945288
v -0.13910434 0.56267425 -0.08945410
v -0.13910633 0.55980505 -0.08355090
v -0.14412282 0.57770425 -0.07466926
v -0.14567288 0.57783587 -0.06695442
v -0.14558703 0.58419989 -0.05940826
v -0.13631302 0.58579547 -0.07332330
v -0.13434082 0.60474662 -0.04107740
v -0.13129899 0.61630738 -0.08166487
v -0.14233576 0.61532194 -0.02033243
v -0.13987264 0.62243385 0.17705663
v -0.14642433 0.62346548 -0.04143350
v -0.13730933 0.62392339 -0.02960889
v -0.13898972 0.62465171 -0.01725103
v -0.14520278 0.61574466 0.16626211
v -0.13676358 0.63892119 0.20183500
v -0.14447753 0.63364924 -0.02512400
v -0.13838518 0.62402983 0.07915465
v -0.13386121 0.63817359 0.19235895
v -0.14057242 0.63373483 -0.05448188
v -0.13500668 0.65855360 -0.03368180
v -0.14339108 0.64521381 -0.02766882
v -0.14431346 0.65556579 0.09527756
v -0.13873623 0.65410414 0.13080447
v -0.13854135 0.65514537 0.20846563
v -0.14134076 0.66699884 -0.00480276
v -0.15038030 0.67542262 0.03797387
v -0.14366525 0.66873061 0.20014195
v -0.14383857 0.67798678 0.17561364
v -0.13753287 0.67264552 0.20610911
v -0.13762384 0.68599618 0.17041093
v -0.13841423 0.70909019 0.00979710
v -0.13694344 0.70401545 0.09601669
v -0.13729246 0.71528299 0.05582521
v -0.11595009 -0.99398297 -0.03203786
v -0.11760675 -0.99286060 0.05679108
v -0.13416845 -0.98633611 0.06016098
v -0.14707868 -0.98269202 -0.01095191
v -0.12432457 -0.69475257 0.05687120
v -0.13717493 -0.65029780 0.12704408
v -0.12264178 -0.64802490 0.01191342
v -0.12319045 -0.61203349 -0.31471713
v -0.13090648 -0.61407384 0.14674473
v -0.11551768 -0.60634907 -0.29193706
v -0.13330470 -0.54593256 0.02946788
v -0.13033453 -0.52765365 0.21481458
v -0.13757807 -0.52223196 0.01339874
v -0.12028994 -0.45700872 0.05629542
v -0.12785198 -0.44192543 0.25165575
v -0.13542623 -0.41572659 0.23726869
v -0.12384822 -0.40474451 0.23521672
v -0.13282996 -0.40289009 0.24761901
v -0.15245156 -0.29700391 -0.17257232
v -0.13211423 -0.29456459 0.01751401
v -0.13016593 -0.26108997 0.33916666
v -0.13004260 -0.29752445 0.23666395
v -0.13389811 -0.24429803 0.35300004
v -0.13277331 -0.22173108 0.34408822
v -0.12966029 -0.15743905 0.30917788
v -0.12446803 -0.15797835 0.31396709
v -0.12020925 -0.12088672 0.30093305
v -0.14330159 -0.13095494 -0.00393386
v -0.13680050 -0.14195977 0.24893602
v -0.13235421 -0.12499762 -0.01020258
v -0.12778845 -0.08888566 0.24733833
v -0.13927706 -0.05733192 -0.05357980
v -0.12954235 -0.05663088 0.23919379
v -0.13964768 -0.04118249 -0.05437423
v -0.15075916 -0.03981419 -0.08913123
v -0.12869027 -0.00976984 -0.05635933
v -0.13384653 -0.00221327 -0.05911197
v -0.13519456 -0.00073443 0.23272710
v -0.13696475 0.01929911 0.21159107
v -0.13384634 0.05546401 0.20006618
v -0.13079535 0.06987767 0.19902391
v -0.13198612 0.06861462 0.20695009
v -0.12735597 0.17650792 0.21559010
v -0.13050885 0.23124207 0.20611203
v -0.12924440 0.39246757 -0.12015212
v -0.13779055 0.43645269 -0.12014311
v -0.14527574 0.45367314 -0.13984195
v -0.11377038 0.43214772 0.21763801
v -0.14193577 0.45370659 -0.13026462
v -0.09231909 0.46697168 0.21862959
v -0.11662830 0.47640611 -0.11495893
v -0.14155585 0.51042332 0.19818569
v -0.13222581 0.53471042 0.20878861
v -0.14135004 0.51105013 -0.13411482
v -0.13872894 0.53755006 0.19944850
v -0.13810531 0.54545682 -0.09090490
v -0.12944742 0.56329313 -0.09477363
v -0.13776230 0.54704773 0.14590990
v -0.13606028 0.57158181 -0.07502782
v -0.15153103 0.58374548 -0.09439878
v -0.13851479 0.60302074 -0.05552753
v -0.12952093 0.61701362 -0.03251593
v -0.12679192 0.61736515 0.10317791
v -0.12799597 0.61559400 -0.04760308
v -0.12938973 0.62030245 -0.03749887
v -0.13019864 0.64383768 0.18072418
v -0.13637608 0.63946481 0.16293431
v -0.13109981 0.64656441 0.15000229
v -0.12955897 0.64456078 0.16634164
v -0.12997212 0.65099763 0.20274079
v -0.12906596 0.65029051 -0.05153717
v -0.13217104 0.67537920 -0.02483090
v -0.12985512 0.66853626 0.20889174
v -0.12968871 0.67686057 0.20042801
v -0.12871786 0.69257462 0.09587134
v -0.12813250 0.68770189 0.13032392
v -0.13697723 0.69576960 0.13030045
v -0.12520453 0.71901533 -0.01205412
v -0.13094223 0.72132156 0.00727436
v -0.13461150 0.72115583 0.02727400
v -0.13013770 0.71873241 0.03731468
v -0.12699953 -0.98628761 -0.39585233
v -0.13111268 -0.98314428 0.04904221
v -0.08350120 -0.98263136 0.05875350
v -0.12277696 -0.66423310 0.01117625
v -0.13473650 -0.66614749 -0.31727677
v -0.10803843 -0.65666810 -0.33712862
v -0.12578450 -0.67557960 0.08451818
v -0.11758034 -0.62418023 0.01968299
v -0.11897582 -0.54850049 0.03934702
v -0.12185934 -0.56253519 0.19516891
v -0.11609997 -0.52614293 0.21544824
v -0.12759404 -0.50371126 0.23380264
v -0.12168659 -0.50805062 0.22628070
v -0.11435721 -0.52523049 0.02983392
v -0.12145751 -0.48770551 0.23816769
v -0.12340512 -0.46395341 0.24671096
v -0.11225890 -0.45693412 0.06442764
v -0.13064944 -0.44444606 0.07489690
v -0.15132623 -0.44243128 -0.22764914
v -0.12134426 -0.41420937 0.23902174
v -0.11981302 -0.41115471 0.26213935
v -0.10975565 -0.36805319 0.06290857
v -0.12287562 -0.27080525 0.01143776
v -0.11242075 -0.25026391 0.34296706
v -0.12265939 -0.23701872 0.35295647
v -0.13898452 -0.23372362 -0.15169375
v -0.11364276 -0.20716320 -0.00044258
v -0.12528573 -0.18129839 0.33449838
v -0.11188580 -0.14540609 0.29378459
v -0.11971519 -0.14725385 -0.00589469
v -0.12675860 -0.11381610 0.27682565
v -0.11333829 -0.09480130 -0.04621292
v -0.09488913 -0.06321953 -0.06878382
v -0.12276780 -0.06837353 0.24268745
v -0.10666627 -0.03719478 -0.10458863
v -0.10430237 -0.01290980 -0.06647487
v -0.11009284 0.05523150 0.22366335
v -0.12273572 0.05728624 0.21585168
v -0.12043822 0.06282830 0.20860244
v -0.12411810 0.13645665 0.22091262
v -0.13564650 0.24639189 0.20220525
v -0.12657975 0.35154127 0.21558084
v -0.11257675 0.36570316 -0.11648015
v -0.12287589 0.37373971 0.22062615
v -0.12926517 0.43924867 0.23165597
v -0.12256531 0.42943485 0.23997767
v -0.15455541 0.49341804 0.20875094
v -0.11550392 0.51862118 -0.10228175
v -0.13218368 0.52459683 -0.11370046
v -0.12106849 0.63206266 -0.02386410
v -0.11743242 0.61048954 0.11911234
v -0.12182879 0.66416341 0.20718899
v -0.12192402 0.67202336 0.20042801
v -0.12182879 0.67194706 0.20042801
v -0.12182879 0.67202336 0.20019223
v -0.11720316 0.67548213 -0.04709270
v -0.12766357 0.68197603 0.18003760
v -0.12287451 0.68033990 0.06728609
v -0.12709315 0.68518501 0.15038758
v -0.12984249 0.70725985 0.06426790
v -0.11676466 0.72658042 -0.00617527
v -0.12122968 0.72278890 0.01498102
v -0.10200363 -0.98539998 -0.39989256
v -0.10691752 -0.98360503 -0.36065873
v -0.14887054 -0.98286453 -0.11092620
v -0.11629138 -0.67745036 0.06037101
v -0.11280045 -0.66453265 -0.33510957
v -0.11638996 -0.64779419 0.02251694
v -0.11149228 -0.65127393 0.07954822
v -0.11946951 -0.60640245 0.13954510
v -0.11709205 -0.60751787 0.15496899
v -0.12219194 -0.56399834 0.03421489
v -0.12026248 -0.60712488 0.16022801
v -0.11379490 -0.55318120 0.04508211
v -0.10851969 -0.53836566 0.03455229
v -0.12082458 -0.53066232 0.02429473
v -0.12502247 -0.55651706 -0.29240252
v -0.11762364 -0.48212787 0.04469798
v -0.12135682 -0.45225611 0.07377646
v -0.10877327 -0.45187350 0.08833282
v -0.09893034 -0.42916608 0.24676928
v -0.10897478 -0.42039270 0.25561843
v -0.11414413 -0.41079941 0.23736758
v -0.10670144 -0.41774898 0.23159120
v -0.11712947 -0.40546348 0.24704206
v -0.10571211 -0.35025880 0.22902509
v -0.11649199 -0.25149454 0.00705096
v -0.11553712 -0.24998515 0.33650920
v -0.11581811 -0.24588273 0.35157098
v -0.11049442 -0.22135866 0.32540734
v -0.11975691 -0.19327475 0.34155330
v -0.09314014 -0.12388116 -0.12064412
v -0.11581729 -0.14841593 0.32779828
v -0.11427524 -0.04966411 0.25858438
v -0.12273424 -0.00528523 -0.06781353
v -0.10848990 -0.00578193 -0.06641101
v -0.12110822 0.04954282 0.20786984
v -0.11215354 0.05146634 0.21319238
v -0.10905168 0.06252848 0.21586786
v -0.09791447 0.07589077 0.24307746
v -0.13178609 0.13896339 -0.03530718
v -0.13096635 0.29619960 0.21119014
v -0.11419846 0.39544476 -0.12187720
v -0.11352303 0.42064005 0.23962190
v -0.11668981 0.42681232 0.24815126
v -0.10906748 0.43057143 0.23047657
v -0.12029184 0.43536072 0.24733404
v -0.10843558 0.44581130 -0.15744389
v -0.12220951 0.44693999 -0.15256924
v -0.11926724 0.44214537 0.24667545
v -0.11956007 0.44612900 -0.13569347
v -0.13954248 0.46409234 0.21991050
v -0.12755489 0.47923622 0.19549365
v -0.11640329 0.47194917 -0.14986851
v -0.12244035 0.54034806 0.18756357
v -0.11204342 0.54984389 0.19251038
v -0.11501837 0.54728047 0.20128746
v -0.11739316 0.56053735 -0.08340008
v -0.11356289 0.58450303 0.12228533
v -0.09552952 0.61282276 -0.04630664
v -0.11902304 0.60342116 0.10919564
v -0.11261625 0.61411960 -0.09698452
v -0.11342538 0.63425248 -0.02043256
v -0.12308843 0.63825481 0.15226006
v -0.11576437 0.64031770 -0.02741903
v -0.12066092 0.64301097 0.18711487
v -0.12121628 0.64084989 -0.01101277
v -0.11374201 0.64287713 0.05111007
v -0.11358438 0.64077436 0.07205448
v -0.12143909 0.65147807 0.20355357
v -0.12249463 0.67648088 0.08436106
v -0.11493460 0.66415592 0.20042545
v -0.11580147 0.67284729 0.02329345
v -0.12417099 0.70826586 0.04456927
v -0.11458797 0.71878537 -0.02930132
v -0.11325326 0.71056858 0.01385033
v -0.10980829 0.72166423 -0.00002796
v -0.08476987 -0.99482025 -0.39965452
v -0.08331656 -0.99387340 0.05928356
v -0.08404080 -0.98639331 0.06477640
v -0.13321682 -0.98411394 -0.38732243
v -0.10869887 -0.64706774 0.06596252
v -0.11384117 -0.62658546 0.02474523
v -0.11005260 -0.59914797 0.11188641
v -0.10686164 -0.62528441 0.08134533
v -0.10999127 -0.59591044 0.12476289
v -0.10472082 -0.59562523 0.15579007
v -0.10902605 -0.59251010 0.04108556
v -0.10866288 -0.60434803 0.04932595
v -0.10556159 -0.58550827 0.09046679
v -0.10688715 -0.58710093 0.10831491
v -0.11302698 -0.56186506 0.19263052
v -0.10770481 -0.56193886 0.05494816
v -0.11536544 -0.54764303 0.17288898
v -0.10729273 -0.54495066 0.18430460
v -0.10875520 -0.54759147 0.15338885
v -0.11388830 -0.52992957 0.17639913
v -0.11398956 -0.52722162 0.18381567
v -0.10358605 -0.52329000 0.19496149
v -0.09919995 -0.51290556 0.20364385
v -0.10911136 -0.50775519 0.18853294
v -0.10790411 -0.49022810 0.23035265
v -0.11212138 -0.45874129 0.24082568
v -0.10965469 -0.41507160 0.08471160
v -0.11537761 -0.40816084 0.23210662
v -0.11748119 -0.38056489 0.23378750
v -0.12094455 -0.31719297 -0.20449193
v -0.12870661 -0.31867744 0.02741528
v -0.08476028 -0.24541083 0.23197532
v -0.07541390 -0.22047658 0.23106431
v -0.10435705 -0.21852489 0.33462030
v -0.11408160 -0.22881900 0.34923112
v -0.10689416 -0.22478803 0.34200856
v -0.09792992 -0.20807480 -0.16846989
v -0.10511558 -0.19547369 0.33915020
v -0.10517437 -0.19090588 -0.00367410
v -0.10668753 -0.14465291 0.23930483
v -0.11004477 -0.15614806 0.33294143
v -0.09233096 -0.13957518 -0.01327451
v -0.11605041 -0.13565525 0.31430299
v -0.10484101 -0.10342129 0.31615087
v -0.10969955 -0.10379735 0.30172330
v -0.11086267 -0.08665750 0.29303368
v -0.14379680 -0.06330186 -0.10222096
v -0.09843150 -0.04861146 -0.07155563
v -0.11686209 -0.03404063 0.23064850
v -0.09755002 -0.05022658 0.28496847
v -0.11995766 -0.03829157 -0.08150723
v -0.10853510 -0.01884847 0.22523166
v -0.11191370 -0.01257376 -0.07536448
v -0.10456187 0.00068439 -0.09142944
v -0.11761453 0.02890187 0.21312121
v -0.12254072 0.06147796 -0.06126314
v -0.11557368 0.11709602 -0.04940084
v -0.11536679 0.17566431 -0.04169492
v -0.09641632 0.12955474 0.23554568
v -0.10811169 0.19937571 0.22586580
v -0.10862368 0.40584315 0.23275775
v -0.10063365 0.42017910 0.23122571
v -0.09823960 0.41403416 0.25523199
v -0.09545295 0.42602246 0.22580077
v -0.10684024 0.43573889 -0.15329177
v -0.12297992 0.44161851 -0.14189547
v -0.08612011 0.43905788 -0.16362542
v -0.10808614 0.45984954 0.20806338
v -0.11876814 0.53152471 0.18918031
v -0.10795778 0.54355361 0.18313527
v -0.10198026 0.58113358 -0.12254394
v -0.10276601 0.57327996 0.13541190
v -0.10802566 0.62860199 0.19232205
v -0.10657268 0.62737923 0.06740853
v -0.10724218 0.65010832 0.01542429
v -0.11351325 0.65036411 0.03035498
v -0.10749749 0.63925941 0.03955569
v -0.11443141 0.65759287 0.10709426
v -0.10922088 0.65037984 0.13412062
v -0.09687171 0.65612911 -0.07852322
v -0.10622711 0.64867449 -0.02705070
v -0.11143885 0.66073826 0.15892537
v -0.11064661 0.66172224 0.19061252
v -0.10116420 0.71859830 -0.04496696
v -0.11156003 0.72667239 -0.01951273
v -0.10755880 0.77280580 0.04170907
v -0.10399033 0.79512822 0.04201513
v -0.10953614 0.78846736 0.05119682
v -0.10903498 0.79832819 0.05043187
v -0.10488608 0.83115669 0.09445243
v -0.10919483 0.87372236 0.09689717
v -0.10944883 0.88432943 0.06462347
v -0.10798292 0.89038002 0.08010565
v -0.10581710 0.88158944 0.11305687
v -0.10681047 0.88126116 0.04340852
v -0.09369406 -0.66891048 -0.31791331
v -0.10495686 -0.60214506 0.14326608
v -0.10527735 -0.57474835 0.07320842
v -0.10173655 -0.57443775 0.08761720
v -0.09830393 -0.57767478 0.09824903
v -0.09873076 -0.56184748 0.06731829
v -0.09776609 -0.56215100 0.15183086
v -0.10440473 -0.56342885 0.17993259
v -0.10545386 -0.54511143 0.14600455
v -0.10645165 -0.54046015 0.19833574
v -0.10110936 -0.55083152 0.05019485
v -0.09847268 -0.53775276 0.04321555
v -0.10545661 -0.49110525 0.19724670
v -0.10763422 -0.51360213 0.21862030
v -0.09385801 -0.48544113 0.17815215
v -0.09742579 -0.48672679 0.22199266
v -0.09738399 -0.46916447 0.06714510
v -0.10043253 -0.47267900 0.20492532
v -0.10269755 -0.46038399 0.08445294
v -0.09629489 -0.45218961 0.23531124
v -0.10287987 -0.43672278 0.20888778
v -0.09299259 -0.43652034 0.19652962
v -0.09948076 -0.44020696 0.21532849
v -0.10710398 -0.42303016 0.21866152
v -0.10562757 -0.43371680 0.09302995
v -0.09030569 -0.42719705 0.22764940
v -0.09433655 -0.42118329 0.24169090
v -0.10611004 -0.39094779 0.22717919
v -0.10306701 -0.41391963 0.24312560
v -0.09291312 -0.29886521 0.22712500
v -0.10506333 -0.25606884 -0.16528951
v -0.09604667 -0.18364765 -0.00400918
v -0.09941838 -0.18582343 0.33358953
v -0.10006638 -0.18175880 0.31686384
v -0.09739553 -0.15024583 0.32978156
v -0.09430236 -0.15010785 0.30653194
v -0.10199510 -0.12251382 0.32605259
v -0.09427732 -0.08612585 0.31688222
v -0.09365696 -0.07154366 0.31055901
v -0.08397715 -0.05782076 -0.07256325
v -0.08763422 -0.04691169 0.22714347
v -0.10331494 -0.00609981 -0.07274595
v -0.09051854 -0.00196739 -0.07555144
v -0.09369563 0.01179136 0.26355435
v -0.09824448 0.06932581 0.22332145
v -0.09444470 0.08166574 -0.06823663
v -0.09751826 0.26624031 -0.08154107
v -0.10909000 0.29949669 0.22091303
v -0.09167041 0.39336656 0.24034330
v -0.10107140 0.40632209 0.24874503
v -0.10344346 0.41205473 0.23618558
v -0.09054927 0.43226443 -0.16071537
v -0.08954467 0.43232194 -0.14571339
v -0.09526486 0.44417294 0.21643458
v -0.09214322 0.45916255 -0.13825531
v -0.08823343 0.46973783 0.20805059
v -0.09335532 0.51517372 -0.14897710
v -0.08840476 0.55437027 0.20061041
v -0.11022784 0.54841612 -0.11171456
v -0.07516905 0.59429354 -0.10118132
v -0.10381654 0.58548811 0.12845249
v -0.10638217 0.59349205 0.12578674
v -0.09878895 0.59408938 0.14014458
v -0.10050135 0.61980067 0.08206145
v -0.09824903 0.62486380 0.19849397
v -0.08051567 0.63115677 -0.03923482
v -0.10236126 0.63341490 0.11724218
v -0.09844942 0.64958284 -0.04192220
v -0.09926145 0.63548931 -0.02682355
v -0.09787582 0.64104316 0.02880219
v -0.09542528 0.63080103 0.05144641
v -0.10933367 0.64691187 -0.01631343
v -0.09863467 0.64806238 -0.02233900
v -0.09407147 0.64078508 0.19127673
v -0.09981019 0.64351530 0.19970294
v -0.09995385 0.65875327 -0.02936095
v -0.09996738 0.65627959 -0.01736202
v -0.09470061 0.67752322 -0.02636630
v -0.10289756 0.66771578 -0.01180569
v -0.10047810 0.67999036 -0.06137714
v -0.10103560 0.70917326 -0.00885348
v -0.10675246 0.72739433 -0.01442907
v -0.10160455 0.74406245 0.05547969
v -0.09919704 0.75956314 0.04228366
v -0.10560339 0.75866693 0.05169614
v -0.09326225 0.78029054 0.03534429
v -0.10410719 0.81447241 0.07452843
v -0.10188849 0.81415197 0.09130509
v -0.10307345 0.81641108 0.06101670
v -0.11006726 0.87841949 0.06659351
v -0.09993464 0.86931433 0.11832777
v -0.09855959 0.88033556 0.13904736
v -0.10029526 0.89423302 0.11393626
v -0.10619669 0.89001856 0.12879748
v -0.10054695 0.89750686 0.14055649
v -0.10449346 0.89232589 0.06085164
v -0.08273232 -0.99525574 -0.39226383
v -0.19462839 -0.98322240 -0.25417939
v -0.10378652 -0.67138011 -0.32600718
v -0.09635994 -0.58545367 0.11680141
v -0.09629378 -0.59148140 0.13388142
v -0.08964602 -0.57184585 0.09102952
v -0.09110240 -0.57926048 0.11638829
v -0.09795840 -0.59029952 0.14534137
v -0.08871425 -0.55508926 0.06199776
v -0.09031923 -0.56322320 0.12829519
v -0.09497625 -0.53691803 0.11925244
v -0.10011854 -0.52936004 0.14288269
v -0.09164104 -0.52563130 0.10323551
v -0.09490530 -0.52884160 0.11454915
v -0.08957631 -0.51888187 0.09959363
v -0.08784234 -0.50424773 0.11512320
v -0.09687227 -0.48943890 0.21060567
v -0.09130200 -0.46051153 0.10951670
v -0.09035552 -0.46323694 0.09937803
v -0.09940607 -0.46152321 0.20818594
v -0.09181694 -0.45767010 0.22409729
v -0.09844688 -0.45050970 0.10407453
v -0.09066599 -0.45203092 0.12561968
v -0.08803811 -0.43233390 0.23641032
v -0.08890160 -0.43745307 0.22290490
v -0.08772801 -0.38750129 -0.21461293
v -0.09394426 -0.34680873 0.22456538
v -0.08264162 -0.30997943 0.04406935
v -0.11689849 -0.31047713 -0.18268215
v -0.10543599 -0.22303770 0.00292162
v -0.09671469 -0.17628680 -0.13791946
v -0.09854627 -0.19261720 0.32680030
v -0.09497266 -0.16510409 -0.00777479
v -0.09264777 -0.16533056 0.32604688
v -0.09136147 -0.12984113 -0.01978438
v -0.07697867 -0.11088911 -0.04051985
v -0.08662593 -0.12323653 0.32162359
v -0.10152914 -0.07957039 0.29653002
v -0.09995960 -0.09014626 -0.12589843
v -0.08639963 -0.04641882 0.30243630
v -0.09139666 -0.05126429 0.29020701
v -0.08333480 -0.00245674 0.22576066
v -0.07884841 0.06663796 0.23179267
v -0.10527510 0.18383746 -0.04759171
v -0.09340520 0.22662861 -0.06553821
v -0.10779427 0.24858584 0.21966969
v -0.07217097 0.38674781 0.26047744
v -0.10567849 0.43201086 -0.12235828
v -0.09195937 0.42891451 -0.15319992
v -0.10154294 0.49741134 0.20739875
v -0.09707645 0.51229780 0.18188584
v -0.08589025 0.51887253 -0.12947923
v -0.02067264 0.52501496 -0.10016555
v -0.08633826 0.57293752 0.14559131
v -0.10439657 0.59453240 -0.05962884
v -0.09547030 0.58234099 0.13650032
v -0.08483428 0.59155476 0.16729906
v -0.09222910 0.60458284 0.18477227
v -0.09534979 0.61930416 0.07265832
v -0.08851354 0.61263331 0.09781046
v -0.09962946 0.63140036 0.20024946
v -0.10522424 0.61644113 -0.06968386
v -0.09471284 0.65722708 -0.00838237
v -0.09168418 0.64521255 0.01467556
v -0.08608031 0.72839861 -0.05097155
v -0.09562065 0.73577091 0.06310725
v -0.09039635 0.72874683 0.08280366
v -0.09695266 0.74261263 0.06695324
v -0.09299133 0.75910485 0.13707103
v -0.09206187 0.75856575 0.07395471
v -0.09276163 0.78003056 0.07713354
v -0.09118247 0.79647130 0.11039124
v -0.10439284 0.80741291 0.07215611
v -0.09879869 0.80706359 0.04267265
v -0.09898492 0.83975946 0.02705076
v -0.10226414 0.85333612 0.10847061
v -0.09646589 0.87493140 0.01476740
v -0.10007613 0.88647334 0.03354808
v -0.08420597 0.88852661 0.16421566
v -0.08636220 0.91397618 0.16334527
v -0.07383550 -0.67392769 -0.33500929
v -0.06929997 -0.67156364 -0.32036075
v -0.10232232 -0.63680506 -0.32779845
v -0.05766679 -0.58260756 -0.31126112
v -0.08532589 -0.56463696 0.10116249
v -0.08196391 -0.55394726 0.07137399
v -0.08905600 -0.55138223 0.12498893
v -0.08285018 -0.54304354 0.10836525
v -0.08747487 -0.54561176 0.05655882
v -0.11607884 -0.47537111 -0.26373859
v -0.08520825 -0.48046226 0.07471054
v -0.09034744 -0.49351498 0.14873389
v -0.08591241 -0.48336136 0.16716778
v -0.08150147 -0.45416899 0.19434165
v -0.08155255 -0.45840483 0.11955473
v -0.08862027 -0.44968551 0.19983999
v -0.08796085 -0.44690427 0.14065712
v -0.08088279 -0.44349127 0.19335016
v -0.08662621 -0.43536207 0.16881540
v -0.08292838 -0.43649316 0.18470818
v -0.08952859 -0.43094184 0.11970140
v -0.08684571 -0.42925945 0.17467148
v -0.08783782 -0.42814773 0.18945791
v -0.09223270 -0.43161069 0.19662684
v -0.07521275 -0.38563749 0.19317169
v -0.08493684 -0.38840801 0.09216298
v -0.08473912 -0.37429830 0.08174375
v -0.08966584 -0.15838885 0.31663724
v -0.08364133 -0.13470723 0.31056443
v -0.08786153 -0.14504908 0.32157781
v -0.08480319 -0.09984763 0.28975906
v -0.07458199 -0.11188881 0.23027085
v -0.08778673 -0.10904097 0.32176692
v -0.08233944 -0.08571590 0.31573780
v -0.08868084 -0.07511624 0.27691284
v -0.08037419 -0.04803199 0.30716576
v -0.07313570 -0.03767389 -0.11436729
v -0.08893844 -0.01849970 0.27752938
v -0.08243928 -0.02276826 0.28516999
v -0.09022670 -0.01738824 -0.08443412
v -0.08079005 -0.02328795 0.22747061
v -0.07148702 0.01875867 0.22683296
v -0.06557557 0.04441572 0.26259039
v -0.07482889 0.05579327 0.22407666
v -0.08835434 0.06402536 0.21929304
v -0.08566940 0.07827691 0.22416580
v -0.10247457 0.22933143 0.22387130
v -0.05108149 0.31251551 0.24027172
v -0.07582113 0.37449827 0.23979622
v -0.08778818 0.43215314 0.22360347
v -0.08792369 0.44051928 0.22667052
v -0.08644155 0.45190371 0.22167048
v -0.07627854 0.45685305 0.21660656
v -0.08398144 0.48298116 0.21259754
v -0.05544924 0.52967038 -0.15608641
v -0.08238157 0.54580479 0.18204938
v -0.08795323 0.55846171 0.15029461
v -0.08935668 0.55631607 0.18344994
v -0.08589595 0.56131531 0.19352791
v -0.05562042 0.57304354 -0.11887487
v -0.09165591 0.60807903 0.19348454
v -0.08229131 0.60607357 0.09919899
v -0.08505324 0.61002240 0.13170721
v -0.08185779 0.61592636 0.09107608
v -0.08565760 0.62636389 0.07960450
v -0.08995911 0.63973760 0.04989215
v -0.08096872 0.65231749 -0.02754068
v -0.09000185 0.64653114 0.03486658
v -0.08706355 0.64967578 0.06332624
v -0.07581376 0.65791677 -0.05852927
v -0.08042845 0.65465764 -0.01829443
v -0.08168351 0.64830813 0.00009591
v -0.08651992 0.65001845 0.01732161
v -0.08474863 0.67306471 0.06255449
v -0.08205430 0.69475684 0.05143407
v -0.07915456 0.68431116 0.11468088
v -0.08096725 0.72014399 -0.06135587
v -0.09280225 0.71750498 -0.02005146
v -0.08831417 0.70900688 0.09634093
v -0.08392552 0.72870945 -0.03652748
v -0.09194065 0.74700167 0.12689527
v -0.08940222 0.75797056 0.04221120
v -0.08561403 0.75495867 0.16092012
v -0.08970761 0.77032946 0.08954676
v -0.08591107 0.78114556 0.15995933
v -0.08871705 0.78660513 0.01995947
v -0.09077835 0.80043458 0.15171801
v -0.08575941 0.80786833 0.17484489
v -0.09132442 0.80974487 0.01172435
v -0.08740439 0.81372769 0.12207478
v -0.09167823 0.81909023 0.11281254
v -0.08442989 0.86248610 -0.00746421
v -0.08277474 0.91037719 0.12908012
v -0.09084365 0.91459660 0.14905759
v -0.07451656 -0.99352682 0.05116806
v -0.08045701 -0.66332029 -0.34177068
v -0.05822183 -0.63861288 -0.31038035
v -0.07731450 -0.53833986 0.08936941
v -0.07619671 -0.52364070 0.08209082
v -0.07903568 -0.52716851 0.09302630
v -0.07563700 -0.51103578 0.09160849
v -0.07483388 -0.46976520 0.10028124
v -0.07730514 -0.47809059 0.14960142
v -0.08207596 -0.47328483 0.18084437
v -0.08203942 -0.46621364 0.09203626
v -0.07673969 -0.46633031 0.17591994
v -0.07460767 -0.44327119 0.17790210
v -0.07501267 -0.39797866 0.15090611
v -0.08802878 -0.43418660 0.15255934
v -0.07799808 -0.40094641 0.18557399
v -0.06209020 -0.36013193 0.12646643
v -0.08712413 -0.41334897 0.11052327
v -0.08079101 -0.34060397 0.06433286
v -0.07257315 -0.34957961 0.08037566
v -0.03890272 -0.28380876 -0.18332627
v -0.11603896 -0.26714836 -0.18682604
v -0.07424482 -0.27315292 0.03307585
v -0.07498655 -0.28381120 0.22177134
v -0.07165269 -0.20097965 0.22999892
v -0.07997087 -0.11550673 0.30233216
v -0.07647736 -0.10319251 0.31000694
v -0.08360401 -0.08735902 0.23254718
v -0.07180056 -0.08142742 0.29097844
v -0.07376394 -0.07068258 0.30915644
v -0.06821568 -0.04530685 0.30633296
v -0.09319061 -0.04574990 -0.09177243
v -0.06536212 -0.01133817 0.26113660
v -0.08248982 -0.00968665 -0.07211909
v -0.06819547 0.02516782 0.27138091
v -0.09261220 0.02847066 0.24049440
v -0.07459072 0.06971920 0.22401613
v -0.05883551 0.08272955 0.25470446
v -0.09203046 0.13273204 -0.05749764
v -0.07166556 0.14047424 0.24230054
v -0.08730504 0.20292172 -0.05893576
v -0.10414830 0.34108928 -0.11065920
v -0.07673079 0.34760912 0.23327305
v -0.08141052 0.38773817 0.25552011
v -0.07240024 0.42108720 -0.16108150
v -0.04107769 0.44029441 -0.11810230
v -0.07753260 0.44454294 0.22332372
v -0.07537038 0.46783125 0.21610614
v -0.06195709 0.49244181 -0.10892691
v -0.06788392 0.53236039 0.19272434
v -0.07392688 0.54557382 0.16460316
v -0.10048799 0.54832892 -0.13790190
v -0.06338479 0.57006806 0.19446282
v -0.06944774 0.56455960 0.16829240
v -0.07487344 0.59345124 0.19259485
v -0.08977033 0.61622191 0.11670685
v -0.07298609 0.60299882 0.10907993
v -0.07252716 0.60526342 0.12479378
v -0.08194319 0.62043703 0.15930835
v -0.06117409 0.59624867 0.16901369
v -0.07885711 0.60714647 0.19515598
v -0.08650710 0.62489138 0.19588167
v -0.08920758 0.61383829 -0.08208784
v -0.07111691 0.65039295 -0.01173126
v -0.07574717 0.69293004 0.02528614
v -0.07871340 0.67013534 0.08460421
v -0.07776479 0.68356418 0.09171139
v -0.07610946 0.71511374 0.03781009
v -0.07990629 0.68812403 0.12357130
v -0.08288243 0.69950631 0.07474469
v -0.08331156 0.72251391 0.06335214
v -0.06922348 0.72872091 -0.04774929
v -0.08210199 0.75107705 0.03803590
v -0.07877222 0.75014345 0.02627842
v -0.06927215 0.77494841 0.17504987
v -0.08132377 0.79090725 0.17143259
v -0.07706515 0.80200104 0.19064209
v -0.07858714 0.80417350 -0.01181866
v -0.08389454 0.82262727 0.15723918
v -0.07351312 0.84464930 -0.01996121
v -0.07774486 0.84779625 0.13170788
v -0.07341464 0.85241826 0.14495429
v -0.08114194 0.86020456 0.13375672
v -0.06892911 0.86102086 0.16069368
v -0.08317307 0.92391839 0.15121767
v -0.07719732 -0.98517240 -0.40571135
v -0.06103091 -0.98637027 0.05979882
v -0.02549377 -0.98233017 0.00697375
v -0.05271372 -0.98282624 0.04610035
v -0.07490458 -0.50030229 0.08381616
v -0.07392663 -0.49280309 0.11248976
v -0.07140800 -0.46743560 0.12753236
v -0.07394769 -0.45452385 0.14040353
v -0.07427608 -0.45090845 0.18230588
v -0.02687225 -0.37291764 -0.21723145
v -0.07544361 -0.36489131 -0.22780540
v -0.07225554 -0.36574066 0.19493218
v -0.08350493 -0.31558313 0.22276498
v -0.07180155 -0.29010486 0.04127062
v -0.05418481 -0.22400163 0.02675656
v -0.06692009 -0.21574939 0.22580966
v -0.06944476 -0.20195871 -0.15089585
v -0.06148710 -0.17910892 0.22713669
v -0.07617516 -0.14432698 -0.00916085
v -0.07878997 -0.13621634 -0.01424808
v -0.05816585 -0.13457491 -0.00878026
v -0.07506646 -0.09227394 0.29519139
v -0.06723950 -0.06824670 0.30209296
v -0.06316432 -0.06549406 0.22601854
v -0.06273030 -0.06275371 0.30246982
v -0.06675005 -0.00411776 -0.08800459
v -0.07064003 -0.02139365 0.30328288
v -0.07343887 -0.00894776 0.29110064
v -0.06828899 0.00969419 -0.08286614
v -0.06730434 0.01289425 0.28486310
v -0.07881200 0.00560331 -0.07371219
v -0.07143556 0.00883810 0.27913908
v -0.06287250 0.07369325 0.23206485
v -0.06793294 0.09936416 0.27152407
v -0.06887914 0.09080660 0.28080850
v -0.06756884 0.11669946 0.27949652
v -0.06697738 0.13920132 0.26360723
v -0.06977070 0.13353472 0.27121057
v -0.06934783 0.16066096 0.26557544
v -0.06669138 0.13922926 0.27554982
v -0.07158877 0.19293095 0.26335947
v -0.06680668 0.17816511 0.25849335
v -0.06787291 0.17841939 0.27231051
v -0.06690736 0.22478557 0.27003193
v -0.06756018 0.22932738 0.25535771
v -0.07198187 0.23941731 0.26317468
v -0.07007017 0.27268294 0.25442828
v -0.06687492 0.26771067 0.26905207
v -0.07304249 0.28225069 0.26328532
v -0.06792390 0.28295811 0.27182077
v -0.06782624 0.29624370 0.25698619
v -0.07318088 0.29710413 0.26587319
v -0.07084292 0.30566227 0.28108083
v -0.06406550 0.30086253 0.28380009
v -0.06717589 0.31487519 0.27922319
v -0.06341241 0.41309825 0.25474770
v -0.07643416 0.42529665 -0.14933443
v -0.09137834 0.44311983 0.24607226
v -0.05201013 0.47342442 0.23617077
v -0.06687434 0.48335766 0.20626813
v -0.06046044 0.47510181 -0.16305961
v -0.09573325 0.51021807 0.22023861
v -0.06552567 0.53444342 0.17414820
v -0.06672859 0.54488440 0.18178539
v -0.07333447 0.55893612 0.15726685
v -0.07292241 0.55714177 0.17640599
v -0.07170464 0.56852289 0.18446940
v -0.07263533 0.58064274 0.18636176
v -0.06685348 0.59408754 0.19208447
v -0.06493163 0.60024379 0.11216604
v -0.06438825 0.59279429 0.14452649
v -0.06846123 0.60667985 0.18429574
v -0.06544934 0.60854505 0.10618194
v -0.08076580 0.64101567 0.08479422
v -0.06466721 0.64991389 -0.03588691
v -0.07488749 0.65274622 -0.00225783
v -0.06464009 0.66696249 0.10987835
v -0.06631924 0.66529920 0.13183354
v -0.06215337 0.69924789 0.00901636
v -0.07504891 0.67536300 -0.04862186
v -0.07114228 0.68599243 -0.07934391
v -0.05662874 0.72656381 -0.07183344
v -0.06950948 0.72989266 -0.05910775
v -0.06863937 0.74776803 0.00544654
v -0.07313577 0.75254172 0.17427304
v -0.07071694 0.77686596 -0.01006776
v -0.06632293 0.80812156 -0.02465609
v -0.06661004 0.79363379 0.19822169
v -0.06883500 0.85120189 0.15834733
v -0.07591793 0.87600146 0.16990898
v -0.07090589 0.89215443 0.18738981
v -0.07725726 0.90314569 0.18081969
v -0.06630667 0.92521308 0.05846708
v -0.08325982 0.91609802 0.09459930
v -0.07141563 0.92581591 0.10414484
v -0.06382702 0.93316944 0.13438951
v -0.06898068 0.92923445 0.15210118
v -0.04728872 -0.67874515 -0.32662099
v -0.07364289 -0.66689325 -0.31805086
v -0.04132843 -0.53754006 -0.27567950
v -0.07284305 -0.49490687 -0.25627627
v -0.06258067 -0.36343371 0.18297352
v -0.01674135 -0.32956185 -0.20277954
v -0.07049902 -0.30327708 0.05023020
v -0.05941675 -0.25834164 0.03694992
v -0.04755347 -0.24595586 0.19822171
v -0.06005679 -0.21500656 0.34236136
v -0.06034054 -0.18340647 0.33398817
v -0.05906186 -0.19405399 0.34895278
v -0.06174285 -0.18159202 0.34085528
v -0.05971494 -0.16307649 0.34236967
v -0.05974599 -0.14975263 0.32573114
v -0.00340538 -0.17356807 -0.16805731
v -0.06232469 -0.15119347 0.33382440
v -0.06154606 -0.13786160 0.32786955
v -0.05951417 -0.13276080 0.33530149
v -0.05950572 -0.11842532 0.31825036
v -0.06262144 -0.11498434 0.32567487
v -0.06279671 -0.09579024 0.31900374
v -0.04941316 -0.10695396 -0.04206070
v -0.05884937 -0.08419548 0.31032044
v -0.06231199 -0.06767041 0.30840168
v -0.06254371 -0.07062002 0.31799101
v -0.05959332 -0.09223036 0.32710995
v -0.05983999 -0.05635355 0.29236089
v -0.03416899 -0.05445323 0.23052986
v -0.05950965 -0.05440793 0.31927424
v -0.06178549 -0.03138399 0.27111976
v -0.06533420 -0.05656175 0.28179391
v -0.06730924 0.01253018 0.29617044
v -0.05922241 -0.01142703 0.30919544
v -0.06775668 0.04171092 -0.09134187
v -0.05184347 0.05598672 0.23215369
v -0.06038416 0.03986269 0.27153955
v -0.06624293 0.03917571 0.28669248
v -0.05608894 0.04108592 -0.07386097
v -0.06087348 0.04344940 -0.06698551
v -0.05904807 0.04265469 0.29455605
v -0.05063107 0.05079715 -0.07357845
v -0.06192520 0.05179638 -0.06649060
v -0.05686476 0.05628092 0.26343557
v -0.06627931 0.05586046 0.27947316
v -0.05933853 0.06143767 0.29054039
v -0.05809236 0.05663246 0.27055650
v -0.06496182 0.06386870 0.28648023
v -0.05939278 0.05977005 0.23945664
v -0.05466185 0.08503087 0.26311555
v -0.05216059 0.10673668 0.25537634
v -0.05675723 0.10676174 0.26229565
v -0.06448088 0.11392054 0.24681015
v -0.05896878 0.09787344 0.28533748
v -0.06617697 0.17156101 -0.06313466
v -0.05861091 0.14157700 0.27743094
v -0.06028277 0.16634748 0.25523883
v -0.05989359 0.19030686 0.24759307
v -0.07219718 0.21122407 0.26297984
v -0.06838718 0.18711357 0.24161456
v -0.06124142 0.23885775 0.23929899
v -0.06156109 0.26164223 0.23827555
v -0.05958683 0.26725941 0.26866670
v -0.06165150 0.27426956 0.24732042
v -0.06131725 0.28738471 0.23877516
v -0.06045144 0.31668789 0.28778217
v -0.05001420 0.34937287 0.24075921
v -0.07263462 0.37854015 0.24754180
v -0.05024529 0.35870870 0.25561914
v -0.05674082 0.41382555 -0.16538210
v -0.05888680 0.42040296 -0.15404282
v -0.05068624 0.46358831 -0.14659499
v -0.06774047 0.42879263 -0.16963292
v -0.07373914 0.47551597 0.20832129
v -0.05894358 0.49087946 0.20045239
v -0.05899658 0.49124515 0.20812975
v -0.06134683 0.50718103 0.20353715
v -0.05765561 0.53769561 0.17667824
v -0.06674194 0.55064747 0.16905277
v -0.06296338 0.57897607 0.19168084
v -0.05483883 0.60066505 0.12782105
v -0.05547534 0.61956071 0.11075706
v -0.07483094 0.64679718 -0.09683326
v -0.05991402 0.65082831 -0.01917394
v -0.05342396 0.67240964 -0.06260881
v -0.06057886 0.65670064 0.10643474
v -0.06342850 0.66837905 0.15135226
v -0.07831779 0.70897015 0.14429595
v -0.06539812 0.71311957 0.01699607
v -0.06173797 0.71728046 -0.04725355
v -0.06487860 0.72063100 0.17313320
v -0.05692665 0.72902578 0.18178357
v -0.05610228 0.77622582 0.18346111
v -0.06289172 0.84542070 0.17129640
v -0.04495157 0.87561986 -0.02753471
v -0.05764176 0.89866094 0.19038863
v -0.07410907 0.88828774 0.00179194
v -0.07417974 0.90112595 0.01765560
v -0.07599692 0.92002770 0.16726337
v -0.03152619 -0.98650228 -0.41114084
v -0.04078832 -0.99278689 0.04215281
v -0.05699906 -0.99309909 0.04919742
v -0.04525848 -0.67071493 -0.34439470
v -0.04449185 -0.60754951 -0.32158191
v -0.05204898 -0.30833956 0.08677367
v -0.04067627 -0.30676885 0.11788615
v -0.04093956 -0.31647462 0.14566440
v -0.01700463 -0.21602742 -0.18071292
v -0.05013966 -0.22223790 0.34218369
v -0.04682100 -0.18386439 0.01880508
v -0.05169791 -0.17495803 0.32652262
v -0.04561068 -0.12351406 0.22385797
v -0.05077392 -0.11770065 0.33387308
v -0.04829998 -0.04551544 0.29381759
v -0.04950317 -0.03050245 0.28500110
v -0.03852574 -0.01407657 0.23578861
v -0.04504848 0.02757422 -0.08265366
v -0.05645292 0.00571699 0.25784432
v -0.05101654 -0.02390194 0.31223331
v -0.06034606 0.02803665 -0.07297511
v -0.05196669 0.03949592 0.24764861
v -0.05100261 0.03249871 0.29626241
v -0.04874617 0.06067521 -0.05897374
v -0.05985623 0.08686907 -0.07961053
v -0.05661255 0.12461610 0.26011601
v -0.05484574 0.14941451 0.24760494
v -0.05004466 0.20417144 0.27024471
v -0.05745896 0.23439741 0.24743083
v -0.05285643 0.28551038 0.26960768
v -0.04198071 0.29907620 0.27231221
v -0.05709865 0.29568232 0.24678114
v -0.04892422 0.31380054 0.28939020
v -0.05081452 0.32189914 0.23931634
v -0.02186821 0.43767075 -0.15589504
v -0.04800518 0.49744896 0.20029099
v -0.04408979 0.52341194 0.18376327
v -0.05105591 0.53484795 0.18522419
v -0.04144997 0.63123388 0.12115867
v -0.05310016 0.65183974 0.16508756
v -0.05795447 0.65917002 -0.01212940
v -0.05456433 0.67178557 0.17224124
v -0.05579194 0.77607300 -0.02353610
v -0.03800104 0.73495706 0.19070034
v -0.04375476 0.78177263 0.20508252
v -0.04499849 0.84400314 0.18658146
v -0.05533788 0.85192280 0.17810986
v -0.05836435 0.86887551 0.19272487
v -0.05374900 0.87946084 0.19835554
v -0.02698712 0.90564034 -0.02035178
v -0.04017166 0.90301449 0.19617742
v -0.04651031 0.92166111 0.17615004
v -0.04687454 0.93771365 0.11751472
v -0.04360081 -0.98329082 -0.17787348
v -0.03774634 -0.50512936 -0.28399976
v -0.03173113 -0.45349721 -0.26526632
v -0.04796332 -0.32780677 0.18605878
v -0.05102525 -0.23570276 0.03502092
v -0.05043912 -0.21564768 0.33227447
v -0.04506738 -0.21377555 0.03178106
v -0.04825675 -0.18878172 0.21482988
v -0.02973897 -0.18444367 0.32021670
v -0.04980793 -0.12518230 0.31365053
v -0.04946677 -0.11446095 -0.12486339
v -0.07427729 -0.11472601 -0.13936083
v -0.05494583 -0.09270832 -0.05478504
v -0.03048283 -0.09807054 0.22001146
v -0.05083113 -0.07050476 0.30241524
v -0.05845303 -0.03765091 -0.07534187
v -0.04160760 -0.02069565 0.28445493
v -0.04629997 -0.00265557 0.26655550
v -0.03776879 0.02332450 0.26081153
v -0.05050976 0.05764103 0.29010653
v -0.05082291 0.04868884 -0.06190492
v -0.04356666 0.06590964 -0.07007526
v -0.02919793 0.08869198 -0.08753404
v -0.04823902 0.06889146 0.23937064
v -0.04988514 0.06689180 -0.06675213
v -0.03849325 0.07278200 0.28370923
v -0.04875601 0.07579666 -0.05879285
v -0.05035399 0.11768299 -0.07494652
v -0.04339347 0.11153875 0.27904115
v -0.03992681 0.12407745 0.25602495
v -0.04431895 0.13009213 0.24784529
v -0.04936342 0.13968009 0.25489347
v -0.03683340 0.13067953 0.27371823
v -0.05973435 0.17306430 0.27308150
v -0.04328911 0.17299577 0.26878930
v -0.04745415 0.22366754 0.26755643
v -0.04878440 0.27523471 0.26607996
v -0.03040291 0.32350054 0.25507411
v -0.06119535 0.31607009 0.27039140
v -0.04201282 0.34013986 0.27905754
v -0.01843458 0.35017127 -0.11203758
v -0.04741835 0.35709199 0.24644327
v -0.03432703 0.50471683 -0.10620557
v -0.04813133 0.50914850 0.19981016
v -0.03463778 0.53948930 -0.13535941
v -0.04765601 0.50648086 0.19261910
v -0.03965873 0.51937729 0.19247797
v -0.04330427 0.55783493 0.20069679
v -0.04367624 0.56962192 0.17350882
v -0.04733978 0.57104266 0.19281019
v -0.03739824 0.57913530 0.15931346
v -0.05048119 0.57777871 0.18585172
v -0.05483488 0.58400134 0.15020181
v -0.04518130 0.60197517 0.11864557
v -0.04547905 0.59589244 0.12336539
v -0.06223808 0.60414363 -0.05932896
v -0.04325541 0.60814579 -0.06053779
v -0.05267188 0.64483084 -0.07854337
v -0.04411227 0.64710443 0.12641860
v -0.04244577 0.64646819 0.13908328
v -0.04067225 0.63843126 0.18026651
v -0.04472330 0.64810094 0.18845422
v -0.05517453 0.65245072 -0.02763428
v -0.03045826 0.65234512 -0.10578466
v -0.06774432 0.66379188 -0.08988004
v -0.04400492 0.65672515 -0.01855686
v -0.04331081 0.71384391 -0.00210193
v -0.03911670 0.75961115 -0.02612079
v -0.05401663 0.76712548 0.18198513
v -0.04955199 0.79148705 0.20816579
v -0.01459052 0.81588503 -0.05003602
v -0.03987995 0.85378148 0.19498996
v -0.06380855 0.92258691 0.04295203
v -0.05745901 0.93459816 0.10008962
v -0.03014919 -0.99498406 -0.40865372
v -0.02303309 -0.99548026 -0.40307134
v -0.03566529 -0.99341817 0.03522614
v -0.04257382 -0.98645280 0.05023174
v -0.03559877 -0.67242681 -0.31821902
v -0.04691928 -0.64246418 -0.33432950
v -0.04807808 -0.59497448 -0.29651162
v -0.02537380 -0.46807684 -0.25109724
v -0.04178740 -0.31710184 0.17812339
v -0.04080544 -0.30733302 0.18539076
v -0.05077460 -0.25494516 0.05055416
v -0.03880528 -0.22122291 0.33851435
v -0.05305199 -0.21830273 0.35239529
v -0.04942326 -0.19930833 0.35351939
v -0.04020557 -0.18664942 0.34711894
v -0.02536029 -0.17708290 0.33692168
v -0.03619221 -0.14133269 0.00804548
v -0.05581111 -0.05569135 -0.10454615
v -0.03677859 -0.03824352 0.28995130
v -0.03560496 0.00083401 0.27464022
v -0.04971161 0.03659984 -0.06692345
v -0.02093235 0.05102028 0.24042119
v -0.02517094 0.04174440 -0.05813988
v -0.03571051 0.06628716 0.23938950
v -0.03973106 0.06133330 0.24540005
v -0.03968273 0.09044830 -0.05900633
v -0.03783232 0.10266657 -0.05105965
v -0.02370796 0.10706300 0.28629892
v -0.04042155 0.14899960 -0.07186938
v -0.02723392 0.18631782 0.27681306
v -0.04246388 0.17975005 -0.06856931
v -0.03571767 0.19982837 0.27733266
v -0.03138837 0.21582219 0.27514761
v -0.04316519 0.28540080 0.27026731
v -0.03127275 0.30313157 0.27130134
v -0.04316435 0.33711688 0.27103752
v -0.04647833 0.32691464 0.28838646
v -0.03849704 0.35618637 0.26326706
v -0.02619073 0.35392829 0.27954908
v -0.04153002 0.36041052 0.26310162
v -0.02817053 0.40907860 -0.11927888
v -0.04341215 0.41638813 -0.17617497
v -0.01249016 0.41185449 -0.18223382
v -0.03695995 0.40599067 -0.16901225
v -0.03871743 0.41019918 -0.16038798
v -0.05982102 0.56656980 -0.14400704
v -0.03217882 0.55434332 0.19715299
v -0.03059378 0.55763025 0.17943502
v -0.04073520 0.59899982 0.13835713
v -0.03729668 0.64886118 -0.04482904
v -0.04343218 0.65336215 -0.03565111
v -0.03400496 0.64917439 0.20017620
v -0.04047983 0.68027606 0.19065621
v -0.05307070 0.71057600 0.18330233
v -0.02845489 0.70070261 0.20353258
v -0.03462686 0.72864238 -0.07623867
v -0.04371951 0.73000901 -0.06210056
v -0.02765544 0.76409016 0.18948955
v -0.00863221 0.78886769 0.21479453
v -0.06032525 0.80289746 0.20013181
v -0.02373051 0.84342740 0.19954244
v -0.04277497 0.88150853 0.20167771
v -0.03470586 0.89660746 0.20944589
v -0.03485808 0.92827853 0.17767965
v -0.01284974 -0.99382511 0.02739434
v -0.01823113 -0.68187454 -0.33641164
v -0.03384594 -0.67289329 -0.34302636
v -0.02515990 -0.65972367 -0.33814240
v -0.03199888 -0.63789204 -0.30981543
v -0.03379051 -0.58340440 -0.31314617
v -0.02169366 -0.28714607 -0.20589493
v -0.03099536 -0.27942234 0.17709584
v -0.03369144 -0.26812871 0.18419455
v -0.03523305 -0.26078491 0.08483356
v -0.02344239 -0.23238639 0.08908276
v -0.01328592 -0.17478394 0.05890942
v -0.03109778 -0.22004388 0.33196946
v -0.03332509 -0.20848953 0.18790345
v -0.02728883 -0.16313605 0.02942631
v -0.02061092 -0.14942757 0.02877541
v -0.03153974 -0.15620145 0.21009548
v -0.04190057 -0.13642386 0.33590780
v -0.02637542 -0.11012744 -0.03182428
v -0.03785948 -0.13010499 -0.00655526
v -0.02123090 -0.12387532 0.30340658
v -0.02917920 -0.11134845 0.32485462
v -0.04663646 -0.05013050 -0.07395717
v -0.03208928 -0.04225650 0.31059692
v -0.03130870 0.02595584 0.29073853
v -0.02500146 0.00335443 0.27404850
v -0.02765523 0.02499945 0.26556799
v -0.01033410 0.06603707 0.24712469
v -0.04204120 0.09369517 0.28450492
v -0.02556408 0.12123135 0.27640357
v -0.02523917 0.20641510 0.27732015
v -0.05479896 0.21403079 -0.07175358
v -0.03963399 0.25792999 0.26253695
v -0.06594149 0.27507089 -0.08990213
v -0.02845513 0.27343593 0.27302204
v -0.03250089 0.31039401 0.27766109
v -0.03547076 0.31735020 0.28744641
v -0.03218646 0.31950240 0.24685433
v -0.02279839 0.33985606 0.24738928
v -0.02349400 0.33899463 0.25541809
v -0.03710373 0.34879605 0.26927186
v -0.01948390 0.38768747 0.25786690
v -0.02155224 0.40115382 -0.16946829
v -0.02547725 0.41064017 -0.16088949
v -0.03208216 0.52392927 0.18471750
v -0.05098472 0.58826367 -0.13648464
v -0.03915550 0.56475513 -0.08292844
v -0.02646759 0.57178849 0.16790484
v -0.00522365 0.58812981 0.16240958
v -0.03329777 0.59321093 0.12902331
v -0.02473151 0.59466756 0.14892674
v -0.03021274 0.63454574 0.13642767
v -0.02873350 0.63612131 0.14803821
v -0.02486634 0.63150126 0.17926397
v -0.03489397 0.63730403 0.19168592
v -0.02216591 0.65144272 -0.04344704
v -0.02262273 0.64952729 -0.03503521
v -0.02530806 0.64896567 -0.02773655
v -0.04004840 0.67473614 -0.09364622
v -0.02679148 0.67520951 -0.07061781
v -0.04178144 0.70123674 -0.00207478
v -0.02218621 0.72869170 -0.06512144
v -0.01687983 0.77714531 -0.04078793
v -0.02724164 0.88087615 0.21634805
v -0.02694168 0.90525746 0.21453817
v -0.03516612 0.91083212 0.19945249
v -0.02854925 0.92152042 -0.00548555
v -0.02789918 0.92560930 0.19795034
v -0.02568902 0.94563402 0.13026168
v -0.03321797 0.93990295 0.15442176
v -0.01515369 -0.99237409 0.03518461
v -0.02585089 -0.98651338 0.04383785
v -0.02362473 -0.98412524 -0.40509844
v -0.02289319 -0.59656584 -0.29596485
v -0.01992414 -0.54267546 -0.27710252
v -0.01870903 -0.37451194 -0.23812539
v -0.02284809 -0.25702878 0.13513780
v -0.02594457 -0.25299851 0.17784721
v -0.02425731 -0.25516754 0.16996819
v 0.00169260 -0.20257771 -0.17687149
v -0.02417481 -0.22018153 -0.16235080
v -0.00505246 -0.17304010 0.07748083
v -0.02030517 -0.20560840 0.17657411
v -0.01367833 -0.20844753 0.32172434
v -0.00475942 -0.15344538 0.18500948
v -0.01188905 -0.14264708 0.32595296
v -0.01274626 -0.13313224 0.02047149
v -0.01278185 -0.09491142 -0.04155513
v -0.03111228 -0.06081812 -0.06649776
v -0.02898298 -0.01900894 -0.07050490
v -0.03421114 0.05195428 -0.09703136
v -0.03252615 0.08264592 -0.04935753
v -0.02882659 0.06662817 0.24876346
v -0.01473093 0.08275000 0.28754106
v -0.02647262 0.11546082 -0.05048145
v -0.01454111 0.21863446 0.27371651
v -0.02237526 0.23725809 0.26192243
v -0.01966070 0.31131793 0.27076287
v -0.03315478 0.49766790 -0.14468306
v -0.02359832 0.50657693 0.19253960
v -0.01256185 0.51166332 0.21882430
v -0.02537901 0.51496424 0.18416207
v -0.02537075 0.52026642 0.19152413
v -0.02182563 0.52184984 0.21470232
v -0.02442661 0.53054476 0.17684825
v -0.02696446 0.53729508 0.18514033
v -0.03156671 0.54050382 0.20711658
v -0.02790208 0.54833663 0.18472351
v -0.01880862 0.58036059 -0.12108739
v -0.02134550 0.59242883 0.13914255
v -0.00371355 0.59426369 -0.13835652
v -0.03203272 0.60031602 0.12536875
v -0.02936985 0.61266601 0.12718572
v -0.00991196 0.62055218 0.14386576
v -0.02071296 0.67985821 0.20347210
v -0.02937881 0.71836040 -0.08390340
v -0.03057199 0.71657449 0.20258746
v -0.03047971 0.72804061 0.20529949
v -0.02007640 0.73055103 -0.07447641
v -0.01867238 0.73660273 0.22770425
v -0.03033427 0.77273490 0.19432300
v -0.01474458 0.77716837 0.21073657
v -0.01936899 0.83232276 0.20230001
v -0.02849136 0.86669386 0.21177584
v -0.01680398 0.87018469 -0.04189767
v -0.01940499 0.95559229 0.13881931
v -0.02267123 0.94796363 0.16411746
v 0.00589082 -0.99452895 -0.40337968
v -0.01515013 -0.98232883 0.02739650
v -0.02784194 -0.98305427 0.03698091
v -0.00768377 -0.68620147 -0.32624995
v -0.00616933 -0.45954908 -0.24599138
v -0.00702479 -0.38892542 -0.22269730
v -0.00842928 -0.18951690 0.16534546
v -0.01501511 -0.22617240 0.12434125
v -0.01320984 -0.20677331 0.16729151
v -0.01074436 -0.18338947 0.17560560
v -0.01304767 -0.13117364 -0.13572471
v -0.00101032 -0.12451538 0.19343383
v -0.01762864 -0.11184039 0.20860022
v -0.02451048 -0.08865207 0.22206107
v -0.00488944 -0.01394555 -0.10181858
v -0.03349838 0.02127136 -0.06782667
v -0.02419805 0.05651215 0.28170860
v -0.01319858 0.03490981 0.26241343
v -0.02967706 0.08206911 -0.06806934
v -0.00931617 0.10543523 -0.03912664
v -0.02006691 0.12018141 -0.08060967
v -0.02291366 0.10815595 -0.05696903
v 0.00186753 0.26754537 0.26155700
v -0.01694934 0.28890577 0.27392769
v -0.01252102 0.30704430 0.26475820
v -0.00796384 0.37207673 0.27517597
v -0.01434914 0.37816500 0.26187824
v -0.01852949 0.40259922 -0.17936473
v 0.00177949 0.42199674 -0.12077996
v -0.02281906 0.44271656 0.24869210
v -0.00579221 0.47799950 0.23413407
v -0.01461157 0.49759883 0.19336341
v -0.00995787 0.50939893 0.20209287
v -0.01370276 0.52241203 0.20835329
v -0.00646800 0.53022898 0.17111434
v -0.02038093 0.53446148 0.20034666
v -0.00920848 0.54580892 0.17891592
v -0.01065740 0.59462799 0.13125302
v -0.03035204 0.61531878 -0.10122560
v -0.00398802 0.62888084 0.16369803
v -0.02134120 0.63684880 0.20134665
v -0.01932498 0.64732034 -0.08492331
v -0.01356324 0.65042044 0.20838016
v -0.00583593 0.65371252 -0.02717296
v -0.01441795 0.67025482 -0.09923397
v -0.03302959 0.66009932 -0.01933053
v -0.01652277 0.69523863 -0.01252631
v 0.00184129 0.67084989 -0.07478804
v -0.03084673 0.71838676 -0.06004764
v -0.01349270 0.71322172 0.21291196
v -0.00977968 0.70432248 -0.01496917
v -0.00813923 0.72609268 0.23497030
v -0.01253786 0.76685408 0.21160313
v -0.00195579 0.90857944 -0.03222375
v 0.01276387 0.90646256 0.21518115
v -0.01158399 0.93472665 0.00977816
v -0.03939049 0.93320494 0.03861593
v 0.01064885 0.95142284 0.03163504
v -0.03539623 0.93844269 0.05491852
v -0.01294179 0.95068888 0.10967272
v -0.01215434 0.95925737 0.12601542
v -0.00450815 -0.98601803 0.03661200
v -0.01545016 -0.59089750 -0.31315774
v -0.01065106 -0.46572932 -0.26880495
v -0.00603892 -0.23239088 -0.16754393
v -0.04964764 -0.20940262 0.35506943
v -0.00739917 -0.20083758 0.13422884
v 0.01744107 -0.19291333 0.31219159
v -0.00125320 -0.18450946 0.11367549
v 0.00478984 -0.12668596 -0.13564059
v -0.00505866 -0.09435298 -0.14417349
v 0.00315880 -0.12304660 0.01731820
v -0.00671162 -0.10116143 0.21370203
v -0.01257913 -0.04940933 -0.11113259
v 0.00150783 -0.07962405 -0.04513938
v 0.00296358 -0.00476286 0.24417851
v 0.00112564 0.00613856 -0.05981935
v -0.00841845 0.00291432 0.29168450
v 0.00823351 0.03857765 0.24503338
v -0.00285965 0.09745743 -0.06509950
v 0.00230369 0.11164335 -0.05127293
v -0.00030434 0.13272715 0.26773688
v -0.00830748 0.13619275 -0.07899753
v -0.01692396 0.16664564 0.26628816
v -0.00805223 0.25680001 0.26175346
v -0.01225039 0.32085537 -0.10568077
v 0.00261862 0.32432259 0.27788325
v -0.00675124 0.40170074 -0.16710115
v 0.00000384 0.45442203 -0.15583807
v -0.00398289 0.48953604 0.20068296
v -0.00336634 0.50090885 0.20793985
v -0.00045410 0.49346391 0.22320239
v -0.00318331 0.50469239 0.21355734
v -0.00706623 0.52067548 0.17284176
v -0.02921610 0.54672787 -0.15543705
v -0.00568261 0.53479567 -0.13964060
v -0.00310051 0.55600273 0.17965689
v -0.00303129 0.58287126 0.13681813
v -0.01719974 0.64423575 -0.05102522
v -0.00273667 0.67930935 0.20768973
v 0.01021748 0.71910594 -0.06381262
v 0.00486747 0.71405854 0.21685994
v 0.00236647 0.72654167 -0.08223492
v -0.00423018 0.75045653 0.22661087
v -0.00159556 0.77848566 0.21452272
v -0.02132568 0.85306325 -0.04470424
v -0.00688041 0.86727978 0.21667826
v 0.01332317 0.88613161 0.22046064
v 0.00983853 0.94722057 0.01619006
v 0.02359545 0.94227853 0.17472514
v -0.00117170 0.95483548 0.11011222
v -0.01123572 0.95817830 0.14200133
v -0.00397498 -0.98876741 0.03537112
v 0.00796611 -0.98654688 0.03265459
v -0.00375305 -0.98582799 -0.40730609
v 0.00701158 -0.98295949 0.02726543
v -0.00458517 -0.67780225 -0.34052880
v 0.02143295 -0.68767099 -0.33487035
v 0.00884654 -0.68598849 -0.31668002
v 0.01266928 -0.65081542 -0.32592331
v 0.03124723 -0.65655183 -0.30333900
v -0.00177524 -0.21590260 0.33678870
v 0.00536901 -0.20584017 0.34276278
v -0.00797607 -0.17416089 0.33049921
v -0.00229588 -0.14887824 0.05684187
v 0.00479316 -0.14736976 0.16940816
v 0.00888709 -0.13487717 0.05077531
v 0.00184232 -0.10558733 -0.02033215
v -0.00881429 -0.06732838 0.28839802
v -0.01235096 -0.10525594 0.31805245
v 0.01789080 -0.01625475 0.24369209
v -0.00851012 -0.03906582 0.30229818
v 0.00016993 -0.02033512 -0.06280094
v -0.00913454 -0.03244292 -0.12486482
v 0.00188434 0.04726288 -0.10221381
v 0.02089918 0.01062859 -0.09448227
v -0.00079595 0.04244335 -0.05042966
v -0.01197231 0.05831818 0.25469374
v -0.01261704 0.06396823 0.27912703
v -0.00159399 0.09403936 0.28261364
v 0.01485898 0.13902400 -0.07989988
v 0.02595880 0.20321772 -0.07726413
v -0.00700871 0.19403806 0.27421285
v -0.00352423 0.22482870 0.26481993
v -0.00291742 0.24042508 0.26152900
v 0.00194196 0.26712740 -0.09175810
v 0.00453869 0.29177029 0.26116558
v 0.00801123 0.31056573 0.25857282
v 0.00215867 0.31891471 0.26198179
v -0.00428662 0.33124470 0.28718516
v 0.00702596 0.40274389 -0.17750466
v -0.00314956 0.41868000 0.25265763
v -0.00163762 0.41232877 -0.16280049
v -0.01773647 0.46622835 -0.17261296
v 0.01531192 0.45883421 0.23839581
v 0.00289167 0.48989550 0.20357599
v -0.00631240 0.49602112 0.19162996
v 0.00306132 0.50225904 0.18931063
v 0.00362242 0.49061857 0.21704077
v 0.00518794 0.52059500 0.17465867
v 0.00576565 0.53154291 0.17665614
v 0.00392427 0.53841294 0.18030873
v 0.00596493 0.59397959 0.15304485
v 0.00545048 0.62977244 0.18836869
v -0.00014628 0.64643658 -0.05050566
v 0.00220695 0.71641967 -0.08737425
v 0.01481152 0.68363572 -0.07148279
v 0.01093477 0.70297181 -0.01808351
v 0.01246902 0.72732514 -0.06656204
v 0.00417363 0.72683077 0.23316015
v 0.00196734 0.73519015 0.23423626
v -0.01059636 0.74657040 -0.03339311
v 0.00465518 0.83921925 0.20345537
v -0.00089205 0.92210872 -0.01927998
v -0.01827254 0.93506022 0.18841630
v 0.01063218 0.93833114 -0.00372281
v -0.00994279 0.95489502 0.15208447
v 0.00490615 0.95563539 0.06728851
v 0.01284737 0.95491170 0.10964107
v -0.00269130 0.96094979 0.12409106
v 0.02153938 -0.98632448 -0.40339382
v 0.01870212 -0.98236302 0.01964535
v 0.02630374 -0.69318494 -0.32614002
v -0.01382667 -0.67897790 -0.31736458
v 0.01234857 -0.67827492 -0.33904583
v -0.01446009 -0.53375781 -0.29378341
v 0.01292416 -0.21199534 0.31886867
v -0.00137385 -0.17627229 -0.14950528
v 0.01385754 -0.14770147 0.11586422
v 0.00841289 -0.14088919 0.07646790
v 0.01836458 -0.13104202 0.04449687
v 0.00815835 -0.13662420 0.17490152
v 0.01312318 -0.10377338 -0.02329810
v 0.01220366 -0.08375728 -0.04387227
v 0.01527533 -0.07354879 -0.12027286
v 0.02284516 -0.08100462 0.22843642
v 0.01300156 -0.00697594 -0.11936165
v 0.00858085 0.06293853 -0.04593868
v -0.02065526 0.04592983 -0.08133475
v 0.02648255 0.08375290 -0.07151443
v -0.00343541 0.11844721 0.27225456
v 0.01754541 0.10717506 -0.08533884
v 0.00761611 0.10796439 -0.05959492
v 0.00079644 0.17600527 0.26464392
v 0.00150936 0.18111242 -0.07364888
v 0.00947158 0.20051570 0.26352619
v 0.02993362 0.26201203 0.25758032
v 0.01851601 0.31867670 0.25612599
v 0.01414389 0.32760398 0.26328624
v -0.01266767 0.34221394 0.28685847
v 0.00979922 0.35434934 -0.11731119
v 0.01192671 0.37518277 0.27654507
v 0.00613975 0.40163300 0.25500491
v 0.00689465 0.47745937 0.23081550
v 0.01191253 0.47947542 0.21415582
v 0.01088550 0.48905039 0.20727335
v 0.01614231 0.54780172 0.18438738
v 0.01654988 0.57153384 -0.12628050
v 0.02851654 0.56652714 -0.15026055
v 0.00651217 0.61344997 -0.06428828
v 0.00855219 0.60210236 -0.11095759
v 0.00756314 0.64922677 -0.03582261
v 0.02884148 0.65571569 -0.02829046
v 0.01620742 0.67117975 -0.09907338
v 0.00961169 0.73823688 -0.03479070
v 0.00561072 0.76524199 0.21476062
v 0.01132680 0.78716364 -0.05109840
v 0.01186977 0.81819826 -0.05824893
v 0.02239863 -0.99385915 0.01989624
v 0.00962388 -0.99317615 0.02751103
v 0.01257820 -0.98406069 -0.39754039
v 0.03407991 -0.67952126 -0.33624675
v -0.00111892 -0.29297776 -0.18921120
v 0.00419187 -0.21612832 0.32524321
v 0.02014034 -0.14139308 0.11210268
v 0.01757986 -0.13712907 0.13096922
v 0.01973017 -0.13592637 0.06165593
v 0.01180198 -0.12772692 0.18217095
v 0.02244453 -0.11814201 0.18923536
v 0.01384446 -0.11428458 -0.00281292
v 0.00654777 -0.05982484 -0.05569087
v 0.00841302 -0.03293015 -0.06318614
v 0.01301593 -0.00216261 -0.06266384
v 0.01665284 0.01356726 0.26301517
v 0.03225145 0.01047627 0.28316952
v 0.02714095 0.03837428 0.24245640
v 0.01832523 0.03918840 0.25466468
v 0.02569923 0.05208844 -0.10081818
v 0.01003859 0.07502651 0.27276988
v 0.01543353 0.09849525 -0.04200472
v 0.03098514 0.09827578 -0.06548140
v 0.01188077 0.10166134 0.26869046
v 0.00876278 0.10733461 -0.04212839
v 0.03115913 0.10660212 -0.05130906
v 0.05039973 0.13218080 0.26143977
v 0.02844589 0.41653954 -0.18217166
v 0.02204005 0.43515806 0.24627166
v 0.00023503 0.44646457 -0.11898695
v 0.02458494 0.46248453 0.22310836
v 0.01743789 0.51912567 0.19156327
v 0.01681242 0.52818399 0.18716561
v 0.01052547 0.59353565 0.13340436
v 0.02184416 0.59071902 0.16134023
v 0.00836148 0.61093327 0.14096804
v 0.00931082 0.63850135 0.20559015
v 0.00854368 0.64899105 -0.10992746
v 0.01317262 0.64968254 0.20831197
v 0.00527420 0.68252520 -0.01818801
v 0.03022312 0.71898791 -0.08495774
v 0.00967918 0.73768890 0.22800222
v 0.02110621 0.75678373 0.19538374
v 0.01365573 0.77443507 0.20790444
v 0.02878015 0.78771878 0.21439922
v 0.02344696 0.81038096 -0.05707790
v 0.01591292 0.86336857 -0.05086624
v 0.01868952 0.86489467 0.21630365
v 0.00824502 0.90353214 -0.03960421
v 0.01746438 0.92597528 -0.02129221
v 0.02091195 0.93733443 -0.00414007
v 0.02140046 0.94405910 0.01085764
v 0.01503249 0.95572909 0.06552390
v 0.02009675 0.95973385 0.12433534
v 0.03140773 0.95438278 0.14479356
v 0.02269911 -0.99528758 -0.38229374
v 0.03810459 -0.98650321 0.02682656
v 0.03862686 -0.69535359 -0.31828973
v 0.04707323 -0.46624339 -0.25946006
v -0.00699199 -0.40922443 -0.24924949
v 0.00124788 -0.28902082 -0.20679930
v 0.02853184 -0.21466962 0.32601492
v 0.04380188 -0.13549161 0.31500490
v 0.03123381 -0.13795722 0.03760945
v 0.02725652 -0.14718572 0.10913273
v 0.02740169 -0.13468612 0.13904915
v 0.02250149 -0.12691877 0.17116108
v 0.04029174 -0.09912483 -0.04870844
v 0.02385081 -0.04274411 0.23870076
v 0.00466686 -0.04680734 -0.05974109
v 0.02924397 -0.06112527 0.30084600
v -0.00484460 -0.01499815 0.27447502
v 0.01601606 0.03096060 -0.05645513
v 0.02452922 0.32794013 0.25499797
v 0.03154226 0.33937950 0.27664969
v 0.02368761 0.34650932 0.28360749
v 0.04104356 0.42132314 -0.12992692
v 0.01470802 0.39383951 0.26907883
v 0.02225476 0.40553264 -0.16889602
v 0.02910218 0.42159808 0.25011376
v 0.00279780 0.49719111 -0.11136136
v 0.02694574 0.54741396 -0.09847224
v -0.00502034 0.57214250 -0.08188947
v 0.01827936 0.58222081 0.13589524
v 0.01513029 0.58275962 0.17000343
v 0.02118764 0.60049520 -0.13520131
v 0.02425366 0.62158999 0.14423373
v 0.01642486 0.62937781 0.15902534
v 0.02983414 0.63358628 0.15593631
v 0.03306201 0.65966187 -0.07611961
v 0.04500109 0.62511807 -0.05880067
v 0.03838261 0.63989583 -0.11172474
v 0.05477304 0.64799190 -0.04289133
v 0.03772813 0.67376956 -0.09486100
v 0.01659928 0.69190197 -0.01539641
v 0.03450676 0.70555772 -0.01266627
v 0.02459235 0.70375242 0.20766860
v 0.04391935 0.72774617 -0.07525371
v 0.02744948 0.72683003 0.20380709
v 0.01919970 0.76627033 0.19700413
v 0.02267690 0.82380174 -0.05760866
v 0.02816693 0.83695582 0.20059804
v 0.02760262 0.84625264 0.20063098
v 0.03181828 0.92973017 0.19257269
v 0.02030732 0.94985764 0.02928039
v 0.04383444 0.94578579 0.15865951
v 0.02931226 0.95711976 0.12866112
v -0.00376932 -0.99454634 -0.07721069
v -0.02865592 -0.99355599 -0.01788895
v 0.04008323 -0.60516725 -0.28524614
v 0.03351469 -0.53422937 -0.26347422
v 0.04035742 -0.36209088 -0.20803763
v 0.01147301 -0.19185053 0.33875173
v 0.02825960 -0.17711463 0.32590994
v 0.03873370 -0.16818001 0.32107355
v 0.02884725 -0.14655220 0.06344657
v 0.03694246 -0.17573412 0.09280320
v 0.03739031 -0.17259115 0.12946721
v 0.04215763 -0.12934653 0.00301062
v 0.04989721 -0.13132019 0.29176038
v 0.02404028 -0.09261822 0.22152706
v 0.04087068 -0.05086014 -0.07415948
v 0.03647115 -0.01633423 -0.07300222
v 0.04116645 0.01854591 -0.07074821
v 0.04113963 0.04779293 0.25217432
v 0.03435690 0.05131432 -0.05816632
v 0.01239049 0.04672212 0.24802871
v 0.03611494 0.06057484 0.24787429
v 0.04592452 0.16373320 0.25946982
v 0.04736372 0.29437087 0.25374267
v 0.04371486 0.41343591 -0.17796381
v 0.03932484 0.41860938 0.25896416
v 0.03093134 0.41663856 -0.16277961
v 0.03659375 0.43211859 0.23613890
v 0.02897289 0.49725795 0.20669686
v 0.01241146 0.50570978 -0.14754008
v 0.01966984 0.53386114 -0.16148409
v 0.03036458 0.52812283 0.18940321
v 0.04984389 0.55061735 -0.15340631
v 0.04407830 0.56820284 -0.08981969
v 0.04076242 0.58355181 0.12811470
v 0.03695556 0.58946663 -0.11563321
v 0.03713204 0.59621347 0.12585492
v 0.03714217 0.62241680 0.13448885
v 0.04135098 0.60245235 -0.07031806
v 0.04974940 0.64013123 -0.05052043
v 0.03794741 0.63757177 0.15150035
v 0.03156700 0.63681429 0.19372581
v 0.04095877 0.64776284 0.19519806
v 0.02151206 0.67837507 0.20335337
v 0.02200986 0.74650804 -0.03742295
v 0.02139491 0.78259655 -0.04966298
v 0.03723844 0.78825522 -0.04397368
v 0.04604690 0.81626979 -0.04412154
v 0.03119898 0.86608046 -0.04710475
v 0.03408084 0.88932447 0.21708465
v 0.03333172 0.94800252 0.11346321
v 0.05797444 -0.99462628 -0.39654826
v 0.05334832 -0.69020279 -0.33431255
v 0.04090548 -0.68655794 -0.31077394
v 0.04786997 -0.60297372 -0.30395666
v 0.04509767 -0.54095396 -0.28401654
v 0.04390178 -0.35889111 -0.22646208
v 0.03899414 -0.46438833 -0.23975908
v 0.01864763 -0.26647557 -0.17869524
v 0.03975760 -0.20883357 0.33215556
v 0.05374455 -0.19886651 0.30595052
v 0.03616478 -0.15971980 0.05595237
v 0.06442766 -0.18567060 0.32554636
v 0.04163419 -0.14863926 0.03228455
v 0.03223249 -0.14085963 0.14049039
v 0.03866851 -0.12907310 0.17575182
v 0.03744208 -0.12041245 0.18357012
v 0.05159895 -0.11022277 0.19508671
v 0.06056336 -0.06437981 -0.07569026
v 0.02987116 -0.06141221 -0.13355078
v 0.01439086 -0.04710988 -0.11249642
v 0.05317832 0.02763835 0.25350560
v 0.03887359 0.05289767 -0.08022532
v 0.04629395 0.05318040 0.24134357
v 0.04648822 0.09604258 -0.05585376
v 0.04701333 0.08035362 0.26612037
v 0.03957689 0.10528853 -0.05898953
v 0.04313623 0.17321680 -0.07510395
v 0.05032400 0.35489243 0.27992547
v 0.06702397 0.36653889 0.27711811
v 0.04262645 0.41206775 -0.16760156
v 0.04777646 0.43465855 0.24818452
v 0.04621781 0.44022803 0.23116778
v 0.01658859 0.50432635 -0.16838221
v 0.05491296 0.50386217 -0.14511317
v 0.03676025 0.51673197 -0.11172450
v 0.05226831 0.52497696 0.18597836
v 0.03624004 0.58304202 0.13623441
v 0.03817281 0.59311053 0.14995038
v 0.05135742 0.58687367 0.15747823
v 0.05299726 0.64807507 0.13546676
v 0.04083116 0.63899547 0.18224305
v 0.05502590 0.66051422 -0.01894797
v 0.03692506 0.67775563 -0.06797413
v 0.03134166 0.72955514 -0.07392310
v 0.04101983 0.73531514 0.19230997
v 0.04064425 0.76482836 0.18971003
v 0.03856631 0.77223740 0.19423104
v 0.04671763 0.79645731 0.20902215
v 0.03881319 0.87084895 0.21069387
v 0.02381028 0.89821693 -0.04195363
v 0.03809967 0.91444596 -0.02611369
v 0.03601354 0.91057837 0.21002765
v 0.04775545 0.93014285 0.18208733
v 0.04875993 0.93637065 0.03757819
v 0.04287424 0.94762018 0.14422493
v 0.04871894 -0.99306304 0.01980106
v 0.07293501 -0.98384459 -0.38958610
v 0.04167470 -0.98326998 -0.30820751
v 0.07481980 -0.70132014 -0.32631463
v 0.05191803 -0.21734236 0.10300230
v 0.04269175 -0.20044067 0.33418376
v 0.05594850 -0.20223113 0.15398055
v 0.05136499 -0.19080559 0.04782205
v 0.08150170 -0.16839379 0.31259937
v 0.04428613 -0.16107801 0.15207408
v 0.05649952 -0.16992705 0.16880639
v 0.05178244 -0.14042149 0.00901806
v 0.05648442 -0.12143755 0.18813957
v 0.05567044 -0.11009598 -0.04322998
v 0.07323646 -0.07700766 0.27377191
v 0.05072242 0.07893589 -0.05813693
v 0.04721050 0.08468779 -0.06651283
v 0.05675037 0.13256077 -0.07842329
v 0.05357158 0.33335064 0.24998932
v 0.04328231 0.34255886 0.25601527
v 0.04729914 0.45076519 0.22493939
v 0.02955957 0.47907950 -0.15124446
v 0.06209560 0.46238275 -0.12948580
v 0.04815152 0.48580732 0.20972434
v 0.04922272 0.56367655 0.17336829
v 0.05098403 0.58487393 0.12933004
v 0.05174322 0.59392822 0.14420486
v 0.06200438 0.60645871 -0.06706633
v 0.05106461 0.62138915 -0.09294075
v 0.05271992 0.64892924 0.16804752
v 0.04682002 0.64900984 -0.03042067
v 0.06082567 0.68371593 -0.08513297
v 0.04741767 0.69881686 -0.00652386
v 0.04329322 0.68265430 0.19043625
v 0.04269442 0.71829336 -0.05899516
v 0.05573010 0.71441679 0.18452781
v 0.06667891 0.78651607 -0.03036608
v 0.05200772 0.90973702 0.19393142
v 0.04491152 0.93048657 0.00584466
v 0.04345728 0.94120564 0.12707432
v 0.05077338 0.94026229 0.16025162
v 0.05615992 -0.99368145 0.01174039
v 0.05893122 -0.98544891 -0.39875549
v 0.11893594 -0.98312143 -0.11971453
v 0.05680963 -0.22854756 0.08695340
v 0.07751686 -0.20608111 0.30218786
v 0.04726261 -0.20900196 0.30997536
v 0.05150759 -0.14914864 0.17571191
v 0.06233113 -0.13234021 -0.01267485
v 0.03818409 -0.11701414 -0.02362480
v 0.07794547 -0.09052571 -0.12003002
v 0.06218551 -0.07872455 0.22014411
v 0.06825545 0.00478555 -0.07883792
v 0.07146528 -0.03150467 0.26243148
v 0.06892330 0.02304746 0.27256779
v 0.06283759 0.02274073 -0.07651125
v 0.07046839 0.03865712 0.23326310
v 0.07230889 0.04849165 0.23888776
v 0.05789861 0.34643659 0.25150763
v 0.06379465 0.35457451 0.25599554
v 0.07193861 0.42340338 -0.16909594
v 0.05830532 0.42530582 -0.15993435
v 0.05508194 0.42746528 0.25597874
v 0.05305080 0.42839320 -0.17942400
v 0.04832040 0.52206307 0.18937635
v 0.05887185 0.53055417 0.16118194
v 0.05890585 0.52453655 0.17822371
v 0.06454169 0.57529393 0.15971869
v 0.05138889 0.59159264 0.12147935
v 0.07224011 0.57170179 -0.11379258
v 0.07425979 0.59563509 0.13482485
v 0.05120947 0.60443573 0.12013145
v 0.06441753 0.64864571 -0.03594283
v 0.05804467 0.65915810 0.16841420
v 0.06369455 0.65296412 -0.02134065
v 0.06640727 0.71904291 -0.07349831
v 0.07241913 0.74108054 0.17884604
v 0.05632169 0.77148353 0.18443953
v 0.04895688 0.78606810 0.20875788
v 0.05215646 0.86440635 -0.03770288
v 0.05740063 0.89303059 -0.02675140
v 0.04957626 0.91881201 -0.01425387
v 0.06014888 0.92293990 0.17879013
v 0.04448845 0.94496813 0.07423477
v 0.05154975 0.93544225 0.14090878
v 0.10886269 -0.98641789 0.02335137
v 0.09352127 -0.70546231 -0.31832483
v 0.06935036 -0.65859491 -0.31934914
v 0.05861837 -0.22614881 0.14346919
v 0.01214200 -0.23139669 -0.18620798
v 0.06930260 -0.21019010 0.16588981
v 0.07694378 -0.21212289 0.31075937
v 0.05051949 -0.21366878 0.31790430
v 0.07482041 -0.16199310 -0.14174369
v 0.06433913 -0.16581733 0.00791701
v 0.06794488 -0.14867165 -0.00266391
v 0.07328756 -0.10372474 -0.05403866
v 0.07033031 -0.09553928 0.20976512
v 0.07889794 -0.11502029 0.30378025
v 0.07020109 -0.05150013 -0.08188445
v 0.06496729 -0.02209693 -0.11886730
v 0.06964641 0.01259960 -0.08972543
v 0.06978135 0.01437037 -0.10745303
v 0.06981590 0.03154414 -0.08154906
v 0.07367995 0.03734742 -0.07463313
v 0.06849021 0.04039482 0.24459252
v 0.07161579 0.05237965 -0.07563767
v 0.06504181 0.05744082 -0.07445671
v 0.05222972 0.06812139 -0.05984290
v 0.08462700 0.15522271 -0.07029763
v 0.05781761 0.19968469 -0.07688064
v 0.05487643 0.31813174 -0.11749453
v 0.06566105 0.34645802 0.24847466
v 0.06435461 0.35507612 0.27139025
v 0.07423846 0.43139605 -0.17608770
v 0.05966500 0.45844527 0.22294091
v 0.04751412 0.51787914 -0.16409034
v 0.06719662 0.50701020 0.18415607
v 0.08463145 0.52172639 -0.11638493
v 0.06690191 0.51174294 0.16930156
v 0.07576355 0.52451424 0.15285410
v 0.06619103 0.54158483 0.16085478
v 0.05822645 0.54378174 0.17265108
v 0.09935457 0.56091598 -0.13597231
v 0.04715735 0.58456307 -0.13977273
v 0.05777978 0.58850724 0.12623573
v 0.07175840 0.58460704 0.14868949
v 0.07526544 0.60405346 -0.09228521
v 0.05901203 0.62759523 -0.11272071
v 0.07357352 0.64088890 -0.04558409
v 0.05560938 0.65640686 -0.06711387
v 0.07454330 0.64448029 -0.04307953
v 0.05400794 0.64228656 0.12595287
v 0.07244484 0.66477320 0.13907925
v 0.07114911 0.69880349 0.16161525
v 0.06430294 0.72737822 -0.06640613
v 0.05576227 0.72759045 -0.06121415
v 0.06803057 0.75205608 0.18311050
v 0.04899854 0.75326670 -0.02860890
v 0.06810278 0.76723106 -0.02298062
v 0.05913489 0.78016914 0.19005568
v 0.04611927 0.84517356 0.19017685
v 0.07262509 0.84468772 0.16884523
v 0.05299194 0.85291963 0.18658691
v 0.05664391 0.87069599 0.19858363
v 0.06818324 0.89735026 0.19440177
v 0.08196496 0.92038502 0.03570209
v 0.06152712 0.94160491 0.10604925
v 0.05063793 -0.98263544 0.01061003
v 0.10912475 -0.98382643 0.01974993
v 0.07030720 -0.68793683 -0.33336839
v 0.07337401 -0.57303639 -0.27022900
v 0.07989600 -0.52530249 -0.25542023
v 0.08826222 -0.28712535 -0.19998467
v 0.07006828 -0.28355995 0.10923732
v 0.06604683 -0.26852062 0.11722477
v 0.07775381 -0.28157828 0.06350494
v 0.06939831 -0.26893359 0.15352087
v 0.06309798 -0.24218146 -0.16798112
v 0.07151626 -0.25627112 0.16128348
v 0.06414252 -0.23815484 0.15533046
v 0.08077968 -0.20936109 0.32009388
v 0.07733641 -0.20035775 0.01086347
v 0.06938472 -0.20134308 -0.15426429
v 0.06891548 -0.11414390 0.19524450
v 0.07543982 -0.10674570 -0.14355750
v 0.06346300 -0.03567451 0.23313576
v 0.07846873 -0.04221269 0.28600312
v 0.06580638 -0.01641016 0.23426029
v 0.08804186 0.03319993 0.22474585
v 0.06221693 0.09353574 -0.08583591
v 0.06883240 0.05622141 -0.06628182
v 0.08401920 0.07265467 -0.08772533
v 0.07758854 0.18605163 0.25211011
v 0.07485658 0.21385361 0.25206775
v 0.04930251 0.26126769 -0.09658025
v 0.06073202 0.35060378 -0.12778845
v 0.07990357 0.42905314 -0.14031701
v 0.08376761 0.44639351 -0.15277207
v 0.06374657 0.44809387 0.24500090
v 0.08147069 0.44487925 -0.17382942
v 0.10810584 0.47347735 -0.14483830
v 0.07322008 0.47009000 0.22894788
v 0.06820706 0.47589434 0.20883791
v 0.07444949 0.48544211 0.19922769
v 0.06521064 0.52251937 0.15713692
v 0.04200337 0.54229298 -0.13568990
v 0.07319367 0.55455596 0.15951901
v 0.08958906 0.59618859 -0.11868209
v 0.07716024 0.59407476 0.11176995
v 0.08778148 0.59816397 0.09863302
v 0.06625074 0.60230149 0.11149985
v 0.06446834 0.65936570 -0.09321645
v 0.08125110 0.63732062 -0.06226154
v 0.07739192 0.64899975 -0.05165117
v 0.06926148 0.65270753 0.11064299
v 0.06537651 0.66569700 -0.05593825
v 0.08113437 0.67384316 0.10284802
v 0.07150903 0.66487183 0.11799884
v 0.06872775 0.69286068 0.00077839
v 0.07639285 0.72712529 -0.05518513
v 0.06550688 0.71578264 0.00204509
v 0.07490081 0.77864845 0.17765033
v 0.06336719 0.79512731 0.20381199
v 0.07629701 0.81182600 0.18960465
v 0.08646579 0.83368865 -0.02277687
v 0.07537037 0.85330282 0.16012401
v 0.07517035 0.86008288 0.16677526
v 0.08078442 0.87722655 0.18190378
v 0.07791100 0.88349364 -0.01193437
v 0.07809619 0.89043359 0.18939374
v 0.06063648 0.92432866 0.02186103
v 0.07522497 0.92974457 0.11967513
v 0.14357254 -0.98275883 -0.03595777
v 0.07322441 -0.69513125 -0.30968285
v 0.07983944 -0.64203151 -0.29164742
v 0.08507143 -0.32606334 0.11071577
v 0.07715389 -0.30682592 0.12606538
v 0.07949706 -0.30837417 0.16103284
v 0.07460839 -0.28825447 0.16177074
v 0.07563782 -0.26073618 0.05086912
v 0.05778530 -0.19242540 0.03537758
v 0.07985840 -0.18619543 0.00363109
v 0.08229862 -0.17059657 -0.16258726
v 0.07439190 0.02119320 -0.08273887
v 0.08393328 0.05417327 0.23203187
v 0.09479839 0.05523910 0.22705420
v 0.07963719 0.08435484 0.25828773
v 0.09605158 0.18531130 -0.06649655
v 0.07739506 0.20488842 -0.07597083
v 0.08144945 0.19961491 0.25288493
v 0.08142459 0.24052221 0.24900983
v 0.08066991 0.28250355 0.24827401
v 0.08418812 0.32297476 0.24329828
v 0.07518136 0.39115832 -0.13744845
v 0.03678386 0.40073470 0.26724402
v 0.08426126 0.43133298 -0.15859807
v 0.08577161 0.48110281 0.22479164
v 0.08632470 0.49660140 0.21003072
v 0.08885346 0.50699095 0.16535040
v 0.07326225 0.53932136 -0.12923079
v 0.08210311 0.59859878 0.12558482
v 0.08949408 0.61730541 -0.05336930
v 0.08530775 0.64093330 0.09361238
v 0.08516033 0.63908735 -0.05029913
v 0.08532274 0.64576433 -0.01716779
v 0.07907117 0.65572172 -0.01134796
v 0.08102360 0.65826254 -0.04415413
v 0.09062883 0.67639805 -0.07029928
v 0.06652007 0.67218225 0.15957146
v 0.06866048 0.70992671 -0.04809692
v 0.07089275 0.70768740 0.00749412
v 0.08119152 0.72272533 -0.06177612
v 0.06671122 0.72139539 -0.05064360
v 0.08900107 0.75916547 0.16988426
v 0.07942923 0.79750330 0.18747334
v 0.08416918 0.81332692 -0.02444529
v 0.08608365 0.80940256 0.17805683
v 0.08106133 0.84594548 0.14947913
v 0.08482797 0.85385848 0.13880439
v 0.07586820 0.90446644 0.18889771
v 0.06254415 0.92431022 0.15878039
v 0.08006579 0.92755376 0.05581023
v 0.08637851 -0.98630919 -0.39465797
v 0.08662027 -0.38368204 -0.21094160
v 0.09069053 -0.32203931 0.07657583
v 0.08628086 -0.32574249 0.16070234
v 0.08407687 -0.29272814 0.05862617
v 0.08510945 -0.31116070 0.16910221
v 0.08282288 -0.23827635 0.17104554
v 0.08973463 -0.15198713 0.19948139
v 0.10361295 -0.16763890 0.28800403
v 0.08254449 -0.10585578 0.20579738
v 0.10711880 -0.10144330 0.27156608
v 0.08499322 -0.08156149 0.21287251
v 0.08839086 -0.05899557 -0.08018293
v 0.08352891 -0.01850882 -0.09779315
v 0.08364538 0.00695517 -0.08181934
v 0.08687360 0.04117200 0.23903867
v 0.09436348 0.06501201 0.25630017
v 0.08516615 0.11925361 0.25380428
v 0.08809208 0.12502462 -0.07272591
v 0.09214097 0.17646948 0.24891863
v 0.08655628 0.22473744 0.24918156
v 0.09865432 0.29998279 0.25269810
v 0.10004252 0.34929005 -0.13331461
v 0.09119033 0.36756140 0.26224803
v 0.09037367 0.38121114 0.26999628
v 0.08635402 0.48651558 0.18657656
v 0.10012123 0.50841506 -0.15859638
v 0.08383998 0.49582238 0.19821026
v 0.09003716 0.51086394 0.18891207
v 0.10016298 0.52591196 -0.12601637
v 0.09582236 0.51980229 0.16004604
v 0.09106917 0.53470475 0.16386338
v 0.09337540 0.54794507 0.16067688
v 0.08423087 0.59594205 -0.07098163
v 0.08974580 0.59948460 0.11769900
v 0.08577035 0.63547336 -0.09489327
v 0.08375959 0.64830186 -0.03541725
v 0.09876793 0.64472317 -0.01309080
v 0.09129483 0.64943133 -0.00042376
v 0.08116538 0.67794702 0.13606391
v 0.08634388 0.70861119 0.14198101
v 0.08323674 0.70405738 0.02085178
v 0.09863379 0.71239292 -0.02643765
v 0.08343420 0.72266596 0.02139193
v 0.08598374 0.76887833 -0.00732347
v 0.09091069 0.78653848 0.16387217
v 0.08808203 0.79826523 0.17464421
v 0.09315085 0.80527738 0.15824533
v 0.08885400 0.82919753 0.13787584
v 0.08855634 0.83877556 0.13197288
v 0.08579499 0.85970116 -0.01808686
v 0.09950216 0.85996613 -0.00876652
v 0.09316620 0.87688581 0.16069427
v 0.07707011 0.90837428 0.17341820
v 0.08970006 0.91088910 0.13746235
v 0.09056638 0.89609905 0.15556561
v 0.06888580 0.90928065 0.00364734
v 0.09339157 0.91220992 0.12141403
v 0.10025240 -0.68827265 -0.33191408
v 0.10917422 -0.66382281 -0.32133191
v 0.10760694 -0.58530858 -0.27398051
v 0.08460340 -0.47166959 -0.23819942
v 0.09006675 -0.42863686 -0.22422654
v 0.09269981 -0.34599000 0.12712535
v 0.05320970 -0.32346357 -0.19479659
v 0.09822395 -0.26967872 0.02283042
v 0.09583144 -0.20975679 0.30137037
v 0.07492819 -0.19210483 0.32653470
v 0.10949540 -0.19994216 0.29347886
v 0.10489464 -0.16755602 -0.15920427
v 0.09806964 -0.13024688 -0.02786847
v 0.10370781 -0.14253737 0.20788382
v 0.13055459 -0.10595271 -0.11586245
v 0.09590295 -0.01154774 -0.11044931
v 0.09794436 -0.00974513 -0.09057297
v 0.10579617 0.06699938 0.22436337
v 0.09797258 0.18872862 0.25699953
v 0.09827086 0.28324509 0.25332888
v 0.10587416 0.30989134 -0.11838575
v 0.09932849 0.32795407 0.23768489
v 0.08131481 0.35905334 0.24571531
v 0.11097241 0.36576474 0.23697293
v 0.08800717 0.36950532 0.27042524
v 0.09875640 0.37862909 0.26872054
v 0.11226307 0.38814308 0.26440552
v 0.09447286 0.43557289 -0.17005048
v 0.09413085 0.45157841 -0.13908282
v 0.09434777 0.46829085 0.23186782
v 0.09525014 0.49345838 0.18081990
v 0.09802055 0.50002894 -0.12558401
v 0.10068890 0.50596329 0.17299274
v 0.09433073 0.51965971 0.18241511
v 0.09489632 0.52025907 0.19381556
v 0.09439099 0.51272703 0.20123806
v 0.09648948 0.52764255 0.16895448
v 0.10260653 0.54516194 0.16881048
v 0.10197538 0.53826713 0.18410256
v 0.08373914 0.57313775 -0.08822175
v 0.10299625 0.56948750 -0.10316696
v 0.09218776 0.56278100 0.15204057
v 0.12288991 0.56612802 -0.12504527
v 0.10509373 0.58299814 -0.09116257
v 0.10011828 0.57483984 0.13813458
v 0.10279382 0.59758454 0.11059303
v 0.10641800 0.60406199 -0.07061588
v 0.09962680 0.60725932 0.08144615
v 0.08789486 0.60824450 0.09424368
v 0.09824193 0.62658291 0.07815611
v 0.10543456 0.61441248 0.06718449
v 0.09743062 0.62383533 -0.05869418
v 0.09402486 0.62303586 -0.04950062
v 0.09965019 0.64187708 0.00252335
v 0.09868948 0.66980529 0.06940317
v 0.09045463 0.68459891 0.08774646
v 0.09360738 0.69335762 0.03345647
v 0.09752161 0.69312449 0.06054675
v 0.08922921 0.68666867 0.11815468
v 0.09517156 0.69386102 0.08244106
v 0.09560068 0.71837622 -0.05442592
v 0.09577390 0.69856100 0.10487442
v 0.10254551 0.71963323 -0.02852189
v 0.09421330 0.71445019 0.05320920
v 0.10543056 0.72257575 -0.03674122
v 0.09634033 0.73114459 0.05928771
v 0.10011240 0.72299798 0.07663944
v 0.09518544 0.72269824 0.12392729
v 0.09094990 0.72602069 0.03877112
v 0.09908776 0.75382744 0.04074582
v 0.09641961 0.80332999 0.12393639
v 0.09206055 0.82567176 0.12857749
v 0.10180492 0.88222776 0.14764298
v 0.07903554 -0.99521665 -0.39141254
v 0.11013200 -0.70216101 -0.32619603
v 0.07785601 -0.69559376 -0.33250489
v 0.09870923 -0.63363483 -0.30954153
v 0.10557762 -0.38307749 -0.22992869
v 0.16067050 -0.36953068 -0.20250075
v 0.11088069 -0.38813010 0.12660694
v 0.11321051 -0.34883285 0.05758259
v 0.10551827 -0.34796204 0.07017006
v 0.10240179 -0.29825399 0.03388559
v 0.10884938 -0.29382183 0.02558664
v 0.09003753 -0.23566423 0.01305090
v 0.09921727 -0.24074628 0.00877512
v 0.12609060 -0.24841635 -0.00059099
v 0.10556607 -0.20945668 0.31115746
v 0.13293519 -0.20002032 0.28796363
v 0.08161673 -0.12336689 -0.12919370
v 0.12837994 -0.06771618 -0.10401981
v 0.08673641 -0.05418680 -0.12634124
v 0.09365727 -0.02903635 0.25589008
v 0.09897304 -0.00804844 -0.08100091
v 0.11687259 0.02444550 0.21333428
v 0.09869998 0.20774548 -0.07125751
v 0.10235985 0.21460291 0.25669894
v 0.11827601 0.24773901 -0.08380600
v 0.10489435 0.26069325 0.24154581
v 0.08078146 0.25325190 -0.09401868
v 0.11289036 0.37768133 0.26017347
v 0.09556420 0.36994961 0.24697170
v 0.10481151 0.42624795 -0.14552796
v 0.10849500 0.45714643 -0.16840941
v 0.11734322 0.49125395 -0.16265649
v 0.09832812 0.50274314 0.21080255
v 0.09768503 0.49592156 -0.14129577
v 0.10513923 0.52170396 0.19824494
v 0.09826614 0.53551976 -0.14909028
v 0.11063475 0.52544542 -0.12152987
v 0.09401421 0.53732139 -0.11000323
v 0.11309581 0.54938191 -0.11461524
v 0.10638407 0.56510214 0.15007192
v 0.10853555 0.61262813 -0.09522201
v 0.09780758 0.60041625 0.09018856
v 0.10050479 0.61426408 -0.05169107
v 0.10632019 0.60567459 0.08987028
v 0.10607795 0.61314530 -0.05896000
v 0.10404514 0.63883006 0.00740647
v 0.10517353 0.62216340 0.05985602
v 0.09611645 0.64902635 -0.07890381
v 0.09850316 0.64735830 0.01530328
v 0.10508480 0.63848384 0.03532890
v 0.09960392 0.71513289 0.09179491
v 0.09965427 0.72854742 0.09342163
v 0.11004751 0.73794060 0.06977025
v 0.10051960 0.75340226 0.08871887
v 0.09960930 0.74302454 0.11366975
v 0.10364549 0.75103961 0.04853510
v 0.10757205 0.77099589 0.07381214
v 0.10010943 0.78896958 0.11128901
v 0.09984572 0.77116367 0.11666315
v 0.09866020 0.76526015 0.15002690
v 0.10456993 0.78386689 0.08382387
v 0.10101227 0.78876501 0.00536934
v 0.09276468 0.80643369 -0.01543892
v 0.10129418 0.82068775 0.11537093
v 0.10105599 0.84272639 -0.00851139
v 0.10717972 0.87742158 0.00906429
v 0.11030641 0.89510232 0.13595472
v 0.11127460 0.89309140 0.11688995
v 0.09544570 -0.99340710 -0.00469347
v 0.14084507 -0.98576450 -0.38970872
v 0.11928622 -0.98367897 -0.38096492
v 0.12459541 -0.69541422 -0.33284523
v 0.09261955 -0.54197416 -0.28132120
v 0.11102401 -0.50837088 0.07998226
v 0.11035256 -0.48941056 0.09437341
v 0.11299378 -0.51116716 0.09044304
v 0.11267161 -0.47619760 0.08863298
v 0.10754276 -0.46550300 -0.25642512
v 0.11044474 -0.38489573 0.11159222
v 0.10222099 -0.35078338 0.16952077
v 0.11550295 -0.31242823 0.19024311
v 0.14574052 -0.30576118 -0.18290651
v 0.12306836 -0.28790609 0.19886912
v 0.11293105 -0.21602179 0.20292515
v 0.11434918 -0.21024956 0.29872063
v 0.11939536 -0.20605235 0.20851479
v 0.09937443 -0.20022327 0.32121981
v 0.11184718 -0.18745788 0.20700482
v 0.12147011 -0.18502792 0.31228488
v 0.10978186 -0.15851505 -0.13657320
v 0.09538500 -0.09929333 0.21037759
v 0.10465538 -0.09800747 -0.05860207
v 0.11397525 -0.02054586 -0.07831500
v 0.11343762 -0.02064547 -0.09006844
v 0.12136352 -0.00780035 -0.08122658
v 0.12158363 0.01124540 0.26104040
v 0.10766105 0.05562573 0.21757358
v 0.09983915 0.05494492 0.23142613
v 0.11248650 0.07462194 0.21564270
v 0.11725811 0.07286302 0.22305640
v 0.10679792 0.07666950 0.26380313
v 0.11791381 0.09382340 0.21496635
v 0.13186162 0.12729038 -0.05570528
v 0.10109563 0.10329291 0.26402176
v 0.10816380 0.12698279 0.24763498
v 0.11393380 0.16961692 0.24427956
v 0.13943051 0.20654281 -0.05367642
v 0.11579408 0.23513808 0.23996064
v 0.11737361 0.37920294 0.23925403
v 0.11030782 0.44079481 -0.16133630
v 0.11275975 0.46272617 -0.14217424
v 0.10975324 0.44788172 -0.16963862
v 0.11077926 0.45335648 -0.14847211
v 0.09896667 0.51419680 -0.12321600
v 0.13966242 0.50058837 0.20285545
v 0.12139188 0.50721492 -0.13202864
v 0.11426663 0.51419520 -0.15787712
v 0.10142018 0.51853931 -0.12931990
v 0.11446634 0.53135565 -0.12302003
v 0.11850926 0.57628829 -0.08330117
v 0.11387834 0.57554943 -0.09603889
v 0.11370250 0.58230041 0.12869175
v 0.11397207 0.59407549 0.10997665
v 0.11402414 0.59461102 -0.07859123
v 0.11448380 0.60116450 -0.07234834
v 0.11270091 0.61384417 0.06832116
v 0.12097835 0.61434311 0.08524764
v 0.10986270 0.60524150 0.09809744
v 0.11768488 0.60954224 -0.09009780
v 0.11236023 0.64929963 -0.05973935
v 0.11405574 0.63413402 0.02675188
v 0.11034587 0.66652987 -0.05579011
v 0.09435994 0.65843574 -0.02858786
v 0.10613283 0.73491809 0.06100774
v 0.11869238 0.75727794 0.05781512
v 0.11498700 0.75005848 0.05011612
v 0.10658056 0.77604674 0.03732127
v 0.11204852 0.79449278 0.04064432
v 0.10797629 0.80577654 0.01531217
v 0.11336307 0.80717895 0.04602560
v 0.11515942 0.81613141 0.06061826
v 0.10584015 0.86749354 0.12230944
v 0.11181349 0.86748480 0.01249647
v 0.11584573 0.88098569 0.02802158
v 0.10910649 0.89739791 0.05149278
v 0.09390484 0.91751977 0.09560501
v 0.12394268 -0.99511383 -0.38855683
v 0.10834255 -0.69683853 -0.31005463
v 0.09822438 -0.58885419 -0.29569895
v 0.12021513 -0.56463282 0.07912411
v 0.12432954 -0.54457201 0.04125369
v 0.12175164 -0.56193911 0.06635147
v 0.11472924 -0.55133233 0.06552283
v 0.12161383 -0.54563952 0.10311342
v 0.11426834 -0.53043020 0.08842145
v 0.12410186 -0.54304320 0.10787305
v 0.12731545 -0.53296870 0.10077626
v 0.12861533 -0.51689725 0.09624487
v 0.12923492 -0.50262070 0.11063834
v 0.11937239 -0.47667795 0.07226511
v 0.11441768 -0.48851508 0.11381936
v 0.11432360 -0.46777228 0.10254648
v 0.11424815 -0.46734632 0.12151165
v 0.11889304 -0.45419441 0.13760917
v 0.12120410 -0.46093712 0.11187553
v 0.12256786 -0.44876331 0.15931284
v 0.11584898 -0.38426343 0.16729070
v 0.11608519 -0.37861292 0.17315345
v 0.11914148 -0.34075476 0.04558789
v 0.09474074 -0.22553395 -0.17946149
v 0.12440476 -0.24429282 0.20629277
v 0.13737081 -0.19246241 0.31192488
v 0.09517165 -0.17693920 0.31292060
v 0.11046593 -0.14072579 -0.02290456
v 0.12320156 -0.03672406 0.20945896
v 0.10564055 -0.04637627 -0.08033643
v 0.12022448 0.05441655 0.25193164
v 0.12565142 0.02527594 0.23422208
v 0.12809783 0.07232479 0.25431613
v 0.12212526 0.09527499 0.21759716
v 0.11992089 0.10554872 0.25880934
v 0.12768402 0.17508409 0.24097638
v 0.11478344 0.18449127 0.25222363
v 0.11820767 0.19531100 0.25416017
v 0.12486969 0.21780518 0.24802772
v 0.11662074 0.30956695 0.24735276
v 0.12390727 0.32618540 0.22930619
v 0.12182948 0.35129135 -0.13465624
v 0.11778655 0.39130006 -0.14350489
v 0.13354560 0.38141327 0.23234930
v 0.12218593 0.38211976 0.25540539
v 0.12093375 0.39774881 0.25917510
v 0.12884360 0.45443172 -0.16202710
v 0.12265971 0.45794628 -0.14796264
v 0.11785753 0.47059149 -0.14364836
v 0.12131694 0.49615827 -0.13002074
v 0.12207150 0.50921880 -0.16369086
v 0.11749731 0.50613977 -0.12747119
v 0.11795591 0.51439714 0.17189709
v 0.12255792 0.53353943 -0.14750906
v 0.12141646 0.52294752 0.16151903
v 0.12816610 0.53807186 -0.11278890
v 0.11360473 0.54277966 0.18593547
v 0.12191957 0.54940863 -0.13759701
v 0.11753020 0.55765501 0.17696706
v 0.12172921 0.56207873 -0.12870604
v 0.11863986 0.56541504 0.16469411
v 0.12307835 0.58367386 -0.09650247
v 0.12160828 0.60919620 -0.08241306
v 0.11147317 0.59979672 -0.06124442
v 0.11446264 0.60970004 -0.05114228
v 0.11910171 0.61412919 -0.06073156
v 0.12075931 0.62743081 -0.06387696
v 0.11221361 0.65212436 -0.00013169
v 0.11910986 0.70924675 -0.00440048
v 0.11543674 0.70950487 -0.04159049
v 0.11923656 0.71840834 -0.02948599
v 0.11453937 0.71836239 -0.01994186
v 0.12167886 0.77688418 0.04345302
v 0.12407471 0.79506152 0.05062589
v 0.11697430 0.80708765 0.07532772
v 0.11158509 0.80697041 0.09911199
v 0.11803249 0.82113963 0.08783767
v 0.11806014 0.86565774 0.03728484
v 0.12145869 0.87122735 0.06329207
v 0.11277711 0.84744621 0.10890079
v 0.11917990 0.86429745 0.09809248
v 0.11269630 0.88241212 0.12204611
v 0.12103908 0.88212593 0.05249035
v 0.12036487 0.88825707 0.07549982
v 0.13224186 -0.69950002 -0.31762527
v 0.12423630 -0.68706333 -0.33372487
v 0.12885001 -0.57825657 0.10322343
v 0.12324113 -0.56811207 0.08783768
v 0.12857484 -0.55458318 0.12184393
v 0.13107794 -0.56039451 0.05662223
v 0.12980718 -0.54621453 0.12078528
v 0.12961868 -0.55400763 0.12476433
v 0.12423618 -0.53188007 0.04088588
v 0.13013899 -0.48495195 0.14565909
v 0.12258700 -0.46702885 0.07802274
v 0.12314034 -0.47809613 0.14488017
v 0.12987661 -0.46473797 0.08908433
v 0.13012360 -0.46024221 0.10748177
v 0.12090560 -0.46026019 0.15411946
v 0.13054826 -0.45248050 0.12162097
v 0.13104623 -0.44767536 0.13238007
v 0.13571902 -0.44146432 0.19431957
v 0.13347116 -0.43532993 0.16686785
v 0.12790454 -0.44004915 0.18294685
v 0.13194754 -0.43774309 0.10519950
v 0.12880703 -0.43524788 0.12755846
v 0.13187340 -0.42584153 0.09207546
v 0.13591664 -0.42758132 0.17755502
v 0.12277739 -0.39493842 0.08071532
v 0.11992159 -0.36079450 0.18109520
v 0.11317233 -0.22314784 -0.15841036
v 0.13540381 -0.24275861 -0.18126708
v 0.13251963 -0.18616748 -0.14231360
v 0.12822506 -0.20006001 -0.01428493
v 0.13968037 -0.09550218 0.20953045
v 0.13694521 -0.13914088 0.29432017
v 0.13539651 -0.10845496 -0.13400349
v 0.14611165 -0.06258756 -0.11566152
v 0.13885132 -0.09448834 0.26325295
v 0.12554013 -0.10488741 0.28982363
v 0.12736710 -0.03601229 0.27027928
v 0.13071079 -0.01128955 -0.08096546
v 0.12861129 -0.00591835 -0.07502792
v 0.12961878 0.03723272 0.25725446
v 0.13753990 0.05115348 0.26042638
v 0.12248351 0.07662077 0.21050784
v 0.13313193 0.07882917 0.20894450
v 0.12195493 0.08481666 0.26088390
v 0.13153102 0.18201958 0.24034482
v 0.13545968 0.20550166 0.24171647
v 0.15951254 0.23376881 -0.05821630
v 0.12918223 0.28245134 0.24299418
v 0.13302397 0.30327511 0.23760795
v 0.12660144 0.46507908 -0.16640936
v 0.13151090 0.45758346 -0.14260209
v 0.12360496 0.47394222 -0.13769938
v 0.12969662 0.48023304 0.19408189
v 0.12307363 0.48458532 -0.14187180
v 0.12277603 0.49058171 0.18414392
v 0.12872059 0.50432469 -0.18612051
v 0.12438742 0.49768562 -0.16674409
v 0.12611221 0.49825769 -0.13814326
v 0.12981248 0.50112910 -0.12934191
v 0.12354359 0.51502477 0.16243836
v 0.12861861 0.49906187 0.18452225
v 0.12246955 0.50926249 -0.17740951
v 0.12807847 0.51480736 -0.12929101
v 0.12793773 0.53198470 -0.17734631
v 0.12625902 0.52104525 -0.12241373
v 0.12799147 0.53625414 -0.15347002
v 0.12198485 0.52597975 0.16119918
v 0.12439450 0.52311161 0.16971117
v 0.12495661 0.53092607 -0.16976726
v 0.13342881 0.52508420 -0.12899311
v 0.12853997 0.54648024 0.13990176
v 0.12851722 0.53270859 0.16401481
v 0.12871029 0.55569733 -0.16876022
v 0.12675838 0.54190115 -0.12609281
v 0.12952476 0.55199307 0.14476080
v 0.14774137 0.55018015 0.17485468
v 0.13002288 0.54877644 -0.14368455
v 0.12910119 0.55462959 -0.13124482
v 0.12474461 0.55385157 -0.11968480
v 0.12569405 0.56285941 -0.12113416
v 0.13217590 0.57404047 -0.16163896
v 0.12870029 0.57304715 0.16552103
v 0.12295199 0.59915872 -0.09522055
v 0.12726606 0.58522318 0.16030333
v 0.12207085 0.60307712 -0.08154322
v 0.12345422 0.59466538 0.11894414
v 0.12344836 0.61742115 -0.03684646
v 0.13109843 0.62747849 0.07800254
v 0.12307907 0.62996462 -0.04970363
v 0.12228078 0.64766729 0.02462948
v 0.12401237 0.63182865 0.05038089
v 0.13018032 0.69499990 -0.02982832
v 0.12238557 0.71873086 -0.01932291
v 0.13751891 0.71127511 0.00887588
v 0.12356321 0.76374875 0.05016260
v 0.12254082 0.80116396 0.06035179
v 0.14148519 -0.98261607 0.01141403
v 0.13590667 -0.69803617 -0.32791756
v 0.15069938 -0.69468934 -0.32593614
v 0.13461513 -0.68901392 -0.33515536
v 0.13492704 -0.67381059 0.03795431
v 0.13217701 -0.65501451 0.04607421
v 0.14083471 -0.63332655 0.00255861
v 0.13325839 -0.62669591 0.06423583
v 0.13372244 -0.60399947 0.04474768
v 0.13585165 -0.59076085 0.12507501
v 0.13456039 -0.57843763 0.05844097
v 0.13508090 -0.57328554 0.06772651
v 0.13692417 -0.57850692 0.08545642
v 0.13855928 -0.58554642 0.10678611
v 0.13204042 -0.57787240 0.12158433
v 0.13226199 -0.56233161 0.13125146
v 0.13097996 -0.56899931 0.07399042
v 0.13565001 -0.56696555 0.05481987
v 0.14220281 -0.55197927 0.03382768
v 0.13683423 -0.55408335 0.13758004
v 0.14123975 -0.54272449 0.12942633
v 0.13624720 -0.53419107 0.11628471
v 0.13354983 -0.52855702 0.10635313
v 0.13554822 -0.50320381 0.13999698
v 0.13370342 -0.46805494 0.18299991
v 0.13299383 -0.45498234 0.18980685
v 0.14360217 -0.45060423 0.08002246
v 0.13320686 -0.44036947 0.15024570
v 0.13348924 -0.42722536 0.16864774
v 0.13367075 -0.39905340 0.07055811
v 0.14333833 -0.35087882 0.20525578
v 0.12993009 -0.32281445 0.19941187
v 0.15802730 -0.33639468 0.02057068
v 0.13790307 -0.31547460 0.20336890
v 0.12920437 -0.30026796 0.01794497
v 0.13077764 -0.28066327 0.20437989
v 0.14012220 -0.26338400 -0.00340188
v 0.14330403 -0.20564127 0.21153917
v 0.13388996 -0.20894845 0.29396426
v 0.14488995 -0.20097762 0.30980430
v 0.11827745 -0.17025374 -0.01803241
v 0.14227368 -0.16468833 0.27972226
v 0.12349519 -0.14553100 -0.14886278
v 0.13729134 -0.16768496 0.29948789
v 0.12584023 -0.12966252 -0.02653419
v 0.13721069 -0.11047782 0.28781077
v 0.13741892 -0.08233293 0.28104132
v 0.14268680 -0.04100324 -0.07171657
v 0.13532897 -0.05433478 0.20502967
v 0.13816113 -0.04141325 0.27160712
v 0.14528594 -0.00531973 -0.09502566
v 0.13704822 -0.00531597 -0.06831047
v 0.13727087 -0.01435677 0.27016452
v 0.13081697 -0.01315093 0.26366772
v 0.13809910 0.00477508 0.27321456
v 0.14256101 -0.00736179 0.23756431
v 0.13688450 0.03811315 0.26430106
v 0.11025930 0.07415903 -0.07820847
v 0.13460991 0.06372610 0.21876020
v 0.13029032 0.08323155 0.21481135
v 0.15355270 0.08123677 -0.05762773
v 0.13753810 0.07404116 0.25336158
v 0.15005550 0.12695878 -0.04567383
v 0.13769355 0.13292198 0.24225761
v 0.12743746 0.15982907 -0.05340724
v 0.13860837 0.17959900 0.23252678
v 0.13907420 0.18196365 -0.04592628
v 0.13045470 0.23100476 0.23358256
v 0.13956907 0.30145489 0.22338182
v 0.14424082 0.39211388 0.23929101
v 0.13337775 0.38976899 0.25732361
v 0.12586920 0.44547836 0.23586037
v 0.13664662 0.45747563 0.20018474
v 0.12432862 0.45229934 -0.15323212
v 0.13176419 0.47112793 0.19170212
v 0.14385864 0.45962843 0.19253297
v 0.13754864 0.46690944 0.20015630
v 0.13559708 0.48794266 -0.13724991
v 0.14068163 0.48580431 -0.18469179
v 0.13405669 0.48603670 -0.16810632
v 0.13877035 0.49938550 0.18483104
v 0.14003930 0.51018933 -0.18812850
v 0.13754864 0.51482493 -0.12833773
v 0.13097267 0.50898286 0.18033436
v 0.13520597 0.51745316 -0.12958375
v 0.12946677 0.52523054 0.15246749
v 0.13873197 0.52899446 0.16827711
v 0.13813833 0.54422400 -0.12982427
v 0.13400909 0.55775933 0.12489062
v 0.13030151 0.55527234 0.13742145
v 0.12895821 0.55391633 -0.15700025
v 0.13559717 0.55985432 -0.13480654
v 0.15087495 0.55592061 0.16917660
v 0.13612361 0.56766961 0.13710225
v 0.13732317 0.57021288 0.11538063
v 0.13693055 0.58855901 -0.14836058
v 0.13741179 0.58018472 0.16479722
v 0.13257305 0.62519140 -0.01783834
v 0.12519357 0.64944071 -0.04186112
v 0.13168357 0.67841223 0.02945914
v 0.13315641 0.70060777 0.01800850
v 0.14344469 0.71041901 0.00170028
v 0.14554309 -0.99532220 -0.38334990
v 0.14439477 -0.99333213 0.01198210
v 0.14042545 -0.99181075 0.01956317
v 0.16204186 -0.68886142 -0.31707889
v 0.14541650 -0.67985428 -0.33432323
v 0.14276878 -0.68966681 0.04260847
v 0.14567079 -0.66535344 -0.00579694
v 0.14355899 -0.62958671 -0.00367336
v 0.11927384 -0.66374944 -0.30023660
v 0.14420123 -0.60892373 0.09976923
v 0.13924600 -0.60434419 0.01165940
v 0.13990776 -0.58710581 0.01898568
v 0.14239374 -0.59111869 0.09604349
v 0.14740872 -0.59584883 0.11713607
v 0.13567964 -0.59100237 0.07115910
v 0.14141453 -0.59391712 0.14362237
v 0.13726949 -0.56378875 0.14554860
v 0.14352901 -0.51511167 0.15225104
v 0.13860920 -0.49232930 0.15746371
v 0.14398275 -0.48370355 0.17348998
v 0.13480261 -0.47329470 0.05331828
v 0.14120693 -0.46025462 0.07772388
v 0.15311629 -0.45331269 0.06819574
v 0.15534467 -0.44134843 0.20080146
v 0.13931513 -0.42815085 0.08025807
v 0.13748770 -0.40374746 0.18685051
v 0.15183865 -0.29822780 0.00456992
v 0.13988785 -0.26134478 -0.16849826
v 0.15017663 -0.27608881 -0.00208468
v 0.16859885 -0.22243595 -0.14712849
v 0.13717609 -0.22725423 -0.01111709
v 0.14984437 -0.20194338 0.28422118
v 0.14356261 -0.20818910 0.30107300
v 0.14501672 -0.17791831 0.30175222
v 0.14390368 -0.19437628 -0.16172542
v 0.16006958 -0.12716287 -0.02058985
v 0.14744879 -0.16803811 0.30021494
v 0.14587095 -0.10131446 0.29163134
v 0.15276493 -0.09228911 -0.05076045
v 0.14370617 -0.09190338 0.28727609
v 0.14683052 -0.08377145 0.29505813
v 0.14427816 -0.06575044 0.28745515
v 0.14489559 -0.04744339 0.28834608
v 0.15170027 -0.03034630 0.20139592
v 0.14261708 -0.01419061 0.28074246
v 0.14075452 -0.01397287 0.20546979
v 0.14338913 -0.00010161 -0.07399678
v 0.14584810 -0.00355801 0.27888092
v 0.14312573 0.00870287 -0.06635700
v 0.14562543 0.02852360 0.26749763
v 0.14582905 0.07056819 0.24838791
v 0.14977069 0.06290106 0.20371889
v 0.14293498 0.10188044 0.23995283
v 0.13631762 0.11296845 0.24693481
v 0.14343318 0.09300138 0.23119645
v 0.14450691 0.11215528 0.22230033
v 0.14044264 0.13564170 0.22410088
v 0.14551422 0.16102104 0.21573965
v 0.14098199 0.12830857 0.23229382
v 0.13863287 0.19531370 0.22395957
v 0.13696721 0.22377851 0.22446852
v 0.12997468 0.26289282 0.23152632
v 0.14549392 0.32184244 0.21570511
v 0.16054159 0.34379817 0.20754084
v 0.15209201 0.37624888 -0.13888515
v 0.14464777 0.40078162 0.25392468
v 0.14669702 0.42425346 0.24168588
v 0.14931929 0.47789969 -0.16407376
v 0.13833602 0.46856305 -0.14500186
v 0.14341968 0.50581471 -0.13030952
v 0.13754333 0.52234881 -0.12185107
v 0.14783563 0.54469782 -0.10927574
v 0.13870534 0.54674439 0.15491341
v 0.13781799 0.54628287 0.12916889
v 0.13802717 0.55802195 0.15375136
v 0.14001794 0.54902715 -0.17665163
v 0.15299893 0.56500257 -0.12557773
v 0.13741804 0.56988785 0.16134684
v 0.14683575 0.57617734 -0.12502390
v 0.14166633 0.57242900 0.15200890
v 0.14151868 0.58239540 -0.13936301
v 0.14161098 0.58068319 0.10231093
v 0.13980523 0.57759494 0.11457926
v 0.14368674 0.58837852 0.10356730
v 0.14181220 0.59710520 -0.15296257
v 0.14453924 0.58599308 0.08956320
v 0.14275804 0.59638077 0.16524032
v 0.14623062 0.61136698 -0.13499148
v 0.13821293 0.61704996 -0.01682565
v 0.14489665 0.61758494 0.00726100
v 0.14497514 0.61621634 0.14608230
v 0.13284947 0.64631093 -0.02714871
v 0.14453841 0.68626306 -0.01116790
v 0.14130736 0.64467888 0.08371115
v 0.14470646 0.69398087 0.04247741
v 0.13332507 0.71022836 -0.01890840
v 0.16144655 -0.98642024 -0.38560446
v 0.15287667 -0.98591019 0.02014752
v 0.14963013 -0.67398093 -0.01082217
v 0.14879527 -0.64337127 0.09640327
v 0.14919298 -0.65816916 -0.01264235
v 0.14957587 -0.60096844 0.12719415
v 0.14943317 -0.60396895 0.14655906
v 0.14487591 -0.58871756 0.00746556
v 0.15517080 -0.58052820 0.16652062
v 0.14521021 -0.57014058 0.16083366
v 0.14756927 -0.56675380 0.01651507
v 0.14733308 -0.56162115 0.16193388
v 0.15121963 -0.54740077 0.14545907
v 0.17868724 -0.55240795 -0.28781242
v 0.14022323 -0.53362760 0.01886365
v 0.15078395 -0.52311585 0.01143154
v 0.15462575 -0.45711102 0.19926731
v 0.13654738 -0.46292657 0.06026467
v 0.15356236 -0.43888541 0.07027697
v 0.16729947 -0.40524812 0.21532870
v 0.15914872 -0.36506309 -0.22060013
v 0.15331726 -0.37422947 0.20904854
v 0.17192332 -0.28624864 -0.17107658
v 0.14735074 -0.29352110 0.20575275
v 0.15416538 -0.18851020 0.31431009
v 0.14598821 -0.13545760 0.29563528
v 0.15240259 -0.13293787 0.30838343
v 0.15196685 -0.09954213 0.30326258
v 0.15987489 -0.13373469 -0.13536090
v 0.13599647 -0.06508009 -0.07067638
v 0.15967181 -0.09441178 0.26199374
v 0.15308719 -0.06414581 0.29563003
v 0.12766629 -0.07198209 0.20693813
v 0.15223868 0.00799860 -0.06798806
v 0.15336465 0.00107540 -0.06175036
v 0.15637614 0.01394397 0.26448589
v 0.14480660 0.05529269 0.20246321
v 0.16197766 0.03426585 -0.07311747
v 0.14762290 0.06820743 0.24197399
v 0.15834581 0.05169306 0.20627427
v 0.14317138 0.25259430 0.21725926
v 0.14267601 0.37038124 0.22329336
v 0.15446242 0.38955021 0.22519890
v 0.15216335 0.39596708 0.22922303
v 0.15961111 0.40900097 0.24815743
v 0.15206426 0.44406394 0.20040168
v 0.15037852 0.44017817 0.20721422
v 0.15345038 0.44683819 0.20784954
v 0.14869326 0.46889669 0.19946928
v 0.15136467 0.47070768 -0.15309730
v 0.15273053 0.50144336 -0.13729284
v 0.13006054 0.49118154 0.17643400
v 0.13935893 0.52491686 0.14689567
v 0.15335791 0.52164679 -0.18183383
v 0.15954799 0.53861231 0.15510900
v 0.15700147 0.54609654 0.15410940
v 0.15167897 0.55644427 0.16068129
v 0.15955057 0.55729493 -0.17424411
v 0.15814987 0.58137340 0.08239988
v 0.14132597 0.57678760 -0.16703182
v 0.16345887 0.60295730 0.15341569
v 0.14998218 0.58818246 0.16226103
v 0.16324400 0.58701676 -0.05601352
v 0.14927418 0.59296891 0.07439854
v 0.14435117 0.60063349 -0.04224687
v 0.14791118 0.60175816 0.06291613
v 0.14579142 0.60119348 0.08118979
v 0.15165241 0.59303827 0.13224449
v 0.14855040 0.60970684 0.04467208
v 0.14718482 0.60936878 0.06591863
v 0.15210839 0.61718902 0.16205429
v 0.15294642 0.60695343 0.16625545
v 0.15305997 0.60954494 0.02522126
v 0.14639770 0.61705644 0.03312965
v 0.14731408 0.61729260 0.04836900
v 0.15116074 0.62106376 -0.13337632
v 0.14724198 0.62350636 0.03357932
v 0.14199688 0.62548044 0.01271802
v 0.14886315 0.65064108 0.01397357
v 0.15300477 0.64500684 0.11429371
v 0.14964754 0.68663815 0.06067012
v 0.16082652 0.67921475 0.08922366
v 0.14779808 0.70368328 0.00040385
v 0.14326603 0.70462619 0.02814730
v 0.15364194 0.70285567 0.04159723
v 0.15328699 0.69645494 0.05283872
v 0.14637388 0.71037645 0.01638219
v 0.16556657 -0.99391650 0.01163870
v 0.18282651 -0.76479542 0.02675932
v 0.14219127 -0.69358987 0.03271738
v 0.16091672 -0.71436867 0.00724196
v 0.18256798 -0.76356072 0.03726893
v 0.15397743 -0.68833364 -0.33458372
v 0.15410068 -0.64166495 0.10432012
v 0.15084989 -0.60896119 0.11949020
v 0.16215580 -0.61129285 0.12804949
v 0.15979000 -0.56661058 -0.27231720
v 0.15722061 -0.55393691 0.15765501
v 0.15587157 -0.56014355 0.17622089
v 0.16063856 -0.54940043 0.18506715
v 0.15632153 -0.54468367 0.01702475
v 0.16862893 -0.54461144 0.16817096
v 0.16036194 -0.52576175 0.00305316
v 0.16801497 -0.48707246 0.01708027
v 0.15339345 -0.47922193 0.18868487
v 0.16429464 -0.47860616 0.20100997
v 0.16095991 -0.47645169 0.21610232
v 0.16256201 -0.45061425 0.20828715
v 0.16024801 -0.44635992 0.22513456
v 0.15702904 -0.43152006 -0.24380265
v 0.16547796 -0.45375286 0.03737394
v 0.16501548 -0.45112058 0.05398935
v 0.16027503 -0.43011350 0.23296812
v 0.14707775 -0.42561608 0.19097243
v 0.16170450 -0.42507327 0.22283597
v 0.15636592 -0.34698143 0.20799700
v 0.15372700 -0.30105680 -0.19908640
v 0.16011343 -0.24363896 0.32997766
v 0.15940647 -0.23263677 0.31651209
v 0.16043632 -0.22008207 0.32688165
v 0.15530494 -0.20683132 0.30551941
v 0.15592953 -0.21389817 0.31831094
v 0.16637620 -0.20845647 -0.01013173
v 0.15373512 -0.20073957 0.31503626
v 0.17325586 -0.20069434 0.28869842
v 0.16001058 -0.18471078 0.32184346
v 0.17173281 -0.18409331 0.28441020
v 0.15981705 -0.16129713 0.31695791
v 0.17166555 -0.10394143 0.21376424
v 0.16129927 -0.10798134 0.30652658
v 0.15958110 -0.06352387 -0.06101414
v 0.14637884 -0.02638954 -0.08342456
v 0.15705892 -0.03582379 -0.06416088
v 0.15470623 -0.04933022 0.24753734
v 0.17109273 -0.02399008 -0.09021890
v 0.15334583 -0.01666893 0.28153634
v 0.16223647 -0.00893550 0.25201477
v 0.16635352 -0.01034973 0.19682447
v 0.15709727 0.01305516 -0.06177836
v 0.16397971 0.01868218 -0.05692586
v 0.15325268 0.03732668 0.25530623
v 0.16150462 0.04806614 0.22738886
v 0.15736839 0.02476431 0.24131866
v 0.15104677 0.06684133 0.22979089
v 0.16171134 0.06241809 0.19943158
v 0.15867031 0.16056540 0.20588880
v 0.14836833 0.20154535 0.21365731
v 0.16385095 0.20216680 0.19867018
v 0.15332198 0.30342909 -0.10696966
v 0.16786589 0.34352884 -0.12404324
v 0.15128176 0.39458592 0.24773059
v 0.16681268 0.40307855 0.23632320
v 0.16247089 0.41320071 0.22146095
v 0.15829291 0.42572144 0.21398829
v 0.15846634 0.43045215 0.20739757
v 0.15953274 0.47109632 -0.18420368
v 0.16299880 0.47203329 -0.16423416
v 0.16500674 0.46941535 -0.15211942
v 0.16441696 0.47238504 -0.14601817
v 0.16521618 0.48894869 -0.19223007
v 0.15943017 0.50329732 -0.18573592
v 0.15534162 0.51149900 -0.13855168
v 0.16151709 0.51767420 -0.17118886
v 0.17594064 0.49257012 0.15847931
v 0.15258849 0.51954929 -0.12344021
v 0.14414143 0.56891167 0.10508941
v 0.14577579 0.57360399 -0.08059266
v 0.16160851 0.58624170 -0.16578571
v 0.16226701 0.60516185 -0.10305136
v 0.15426781 0.59274716 -0.11643529
v 0.16699095 0.59915964 -0.01630641
v 0.15408602 0.61192904 -0.14730580
v 0.15956315 0.61515163 -0.11112944
v 0.16038197 0.63612509 -0.11107176
v 0.16051045 0.63823726 -0.11870947
v 0.15932012 0.70273779 0.03008997
v 0.16094848 0.70088891 0.04758571
v 0.16159819 0.69524490 0.06443893
v 0.09577970 -0.99490110 -0.26763611
v 0.16995822 -0.99344121 0.00493665
v 0.17270530 -0.98643370 0.01354318
v 0.16856913 -0.67965085 -0.33745042
v 0.15046525 -0.65927999 -0.32578637
v 0.18233606 -0.66904568 -0.31098098
v 0.19696727 -0.59977302 -0.03547161
v 0.16989363 -0.60807940 0.14114593
v 0.16350322 -0.59686796 -0.30329842
v 0.16490539 -0.56735197 0.18281112
v 0.16708072 -0.55224036 0.19210999
v 0.16348758 -0.53435755 0.18601155
v 0.16520784 -0.54100368 0.19614698
v 0.16792453 -0.52335928 0.17702431
v 0.16067568 -0.52520015 0.19500063
v 0.16683801 -0.50876649 0.21287431
v 0.16776514 -0.49464478 0.19510956
v 0.16104429 -0.49805272 0.20764314
v 0.16639133 -0.48494775 0.22225060
v 0.17885794 -0.45043571 0.03189332
v 0.17168543 -0.44888085 0.23458637
v 0.16924616 -0.42483710 0.21249755
v 0.17179576 -0.42312842 0.24300026
v 0.16208473 -0.41566576 0.23487686
v 0.16917459 -0.36144117 0.02774903
v 0.16400558 -0.31187144 0.00756019
v 0.16801803 -0.25744625 0.32663107
v 0.17003512 -0.21799989 0.29887367
v 0.15963514 -0.20821182 0.29416813
v 0.16891983 -0.22350767 0.33132397
v 0.16898300 -0.18940387 0.32394464
v 0.13593553 -0.17831085 0.21069256
v 0.14614823 -0.15733882 -0.12870189
v 0.16933234 -0.10518396 0.30018286
v 0.15899080 -0.11510552 -0.02775397
v 0.15123089 -0.09100613 -0.10497966
v 0.16374853 -0.12477772 0.27022660
v 0.19420921 -0.11474518 -0.11564353
v 0.16400297 -0.06286682 0.29058510
v 0.16839571 -0.04893302 0.26355266
v 0.16286888 -0.04239879 0.28352963
v 0.16860192 -0.01325866 -0.06768616
v 0.17318470 0.00022122 -0.04679027
v 0.15766740 0.01587764 0.21961669
v 0.16107585 -0.01373223 0.27120823
v 0.16176867 0.01746783 -0.05262095
v 0.16764593 0.02669188 -0.04673900
v 0.16307396 0.04691817 0.19344739
v 0.16679260 0.05938160 0.19283918
v 0.16870402 0.05252804 0.20025972
v 0.16825885 0.08557394 -0.00899106
v 0.16678992 0.09431640 -0.01255199
v 0.16846375 0.11532030 -0.00385437
v 0.16684902 0.11564885 0.00621434
v 0.17610944 0.10604699 0.20256473
v 0.16890175 0.12302916 0.00448864
v 0.16646926 0.16727926 -0.02412142
v 0.17129837 0.19317920 -0.01927353
v 0.16666336 0.27905233 0.20015042
v 0.17863604 0.38928354 0.21327629
v 0.18462268 0.42481014 -0.13848126
v 0.16248890 0.43054056 -0.14295606
v 0.17098313 0.42722585 0.21539000
v 0.16319372 0.46428186 -0.14139266
v 0.16009969 0.48129388 -0.19191759
v 0.16780339 0.51805285 -0.16746277
v 0.18515811 0.51121980 0.16948725
v 0.16422455 0.52798301 -0.13874320
v 0.16662676 0.54093743 -0.16467466
v 0.17771949 0.53354171 0.15594837
v 0.16835580 0.57386356 -0.16566930
v 0.16240554 0.58534474 -0.11393135
v 0.18547022 0.58866886 0.03740545
v 0.15500736 0.60307621 0.04553984
v 0.17067641 0.61130196 -0.09593121
v 0.17281194 0.62764781 -0.08473237
v 0.16281254 0.60653113 0.16433163
v 0.16453702 0.62212501 0.16633554
v 0.17302730 0.63299634 0.16702122
v 0.16158584 0.63086843 -0.13051936
v 0.16852537 0.65018620 -0.09761766
v 0.16274628 0.62990509 0.08718001
v 0.16315326 0.64347925 0.14273405
v 0.16837003 0.64082202 0.16166077
v 0.16484378 0.65227181 0.05722770
v 0.16721783 0.64668216 -0.11279219
v 0.16865442 0.67889026 0.04975159
v 0.15726927 0.69586980 0.01650948
v 0.16552642 0.69565226 0.04183560
v 0.16901766 0.69323093 0.05037102
v 0.16896537 0.69307348 0.07213521
v 0.16629362 0.68848532 0.08340945
v 0.25843802 -0.99411253 -0.06862360
v 0.17833579 -0.99236431 0.00642347
v 0.18479654 -0.74074722 0.06994505
v 0.18169390 -0.67303179 -0.33740053
v 0.17344463 -0.66829043 -0.03040242
v 0.17731719 -0.60767676 0.15795188
v 0.17779224 -0.59512398 0.16669525
v 0.16858544 -0.53957555 0.01024254
v 0.16199463 -0.54644874 0.18203771
v 0.17319168 -0.53173832 0.00364553
v 0.16918913 -0.51278235 0.18690639
v 0.17695154 -0.51753665 0.21336788
v 0.17976565 -0.48000765 0.22830390
v 0.15043727 -0.43857315 -0.22752177
v 0.17126323 -0.44482285 0.05523185
v 0.18000416 -0.41655343 -0.23690586
v 0.17429895 -0.41204887 0.22409827
v 0.17827634 -0.39589772 0.04044037
v 0.16764675 -0.25331831 0.31668578
v 0.18058461 -0.26446167 0.31630280
v 0.17826997 -0.26078598 0.32608056
v 0.17878670 -0.22303667 0.32813836
v 0.17729184 -0.18972145 0.31900141
v 0.19715018 -0.16855529 -0.11518352
v 0.17262895 -0.12822979 -0.01866022
v 0.16938730 -0.15260671 0.31371931
v 0.17537488 -0.15633726 0.30835999
v 0.19715011 -0.12842694 -0.09996201
v 0.17392423 -0.08098515 0.27051626
v 0.17075474 -0.03934078 0.20134734
v 0.16864935 -0.01071415 0.24589910
v 0.17756817 0.01647611 -0.05084172
v 0.17639951 0.02515966 -0.03320085
v 0.17729028 0.03198565 -0.04202653
v 0.17405737 0.03413345 -0.03564805
v 0.17868525 0.05985366 0.19215227
v 0.17701877 0.04945903 -0.02784020
v 0.17613597 0.05091192 -0.01860893
v 0.17185646 0.07273704 -0.01865704
v 0.17751993 0.06794057 0.18358768
v 0.17753105 0.08831330 -0.04039815
v 0.17658621 0.08114820 -0.01832640
v 0.17014120 0.11175048 0.01088609
v 0.17724281 0.12087237 0.00427686
v 0.17273538 0.12843657 -0.02883254
v 0.17470539 0.12442249 0.01306192
v 0.18185785 0.19363452 0.18118824
v 0.18197438 0.29035054 -0.08734242
v 0.18661783 0.33871827 0.18944011
v 0.16947397 0.39741860 0.21823236
v 0.16023827 0.41241409 0.21591874
v 0.17973943 0.41283936 0.23220329
v 0.17106979 0.41303793 0.24323779
v 0.17936742 0.42201916 0.23865182
v 0.17587872 0.46181866 -0.19490147
v 0.18313893 0.45270650 -0.16017573
v 0.17495499 0.47550717 0.19144449
v 0.17635464 0.48202440 -0.19310467
v 0.16656427 0.49155104 -0.13758155
v 0.17266277 0.50136808 -0.14286775
v 0.16363935 0.50265400 -0.12924247
v 0.18049162 0.50949347 -0.17026096
v 0.18465744 0.52477540 -0.16646823
v 0.18269878 0.53070492 0.17779168
v 0.17687182 0.55028249 -0.13324889
v 0.16958576 0.54676323 0.16068057
v 0.18603528 0.53848738 0.16958382
v 0.18777123 0.55686988 0.08753255
v 0.17427001 0.55376342 -0.16012126
v 0.17251589 0.59073423 -0.16193210
v 0.16520304 0.60287773 0.00616895
v 0.17711290 0.60827975 -0.15380709
v 0.19098461 0.63396433 -0.13161492
v 0.17788975 0.64361512 -0.07238052
v 0.17099515 0.65299430 -0.08909725
v 0.18263238 0.65384214 0.10717753
v 0.17071864 0.67043879 0.12030359
v 0.17667775 0.68814581 0.08955143
v 0.18248244 -0.99455402 -0.38110674
v 0.24618105 -0.99501352 -0.29683336
v 0.16093623 -0.99441398 -0.06359783
v 0.18588300 -0.99305655 -0.00342181
v 0.16205265 -0.98389257 -0.38035268
v 0.17423158 -0.98285413 0.00607890
v 0.16908631 -0.71438894 -0.01013230
v 0.19085566 -0.73095438 0.09596008
v 0.17020504 -0.69540020 -0.02073116
v 0.16764136 -0.70491184 0.07646675
v 0.18562125 -0.68832494 0.10719249
v 0.18110518 -0.66570452 0.11238488
v 0.17805818 -0.55755065 0.19307048
v 0.19458539 -0.50814084 -0.01122777
v 0.18492354 -0.44428112 0.04337397
v 0.17872979 -0.43532437 0.05112352
v 0.18123785 -0.42441593 0.04823568
v 0.18396073 -0.40206763 0.23857302
v 0.17763033 -0.36753942 0.02882096
v 0.16641059 -0.33242519 0.01466648
v 0.17927411 -0.35528460 -0.19493678
v 0.18104701 -0.30675208 -0.19553235
v 0.17049785 -0.25477715 -0.00273482
v 0.19202011 -0.26280544 0.30276957
v 0.18152655 -0.24849899 0.33570830
v 0.17154240 -0.17771817 -0.14727751
v 0.18553130 -0.17663695 0.29633077
v 0.18311051 -0.14730969 0.28689984
v 0.17733723 -0.11462663 0.28244221
v 0.18093049 -0.11034064 -0.02034894
v 0.17991599 -0.09123397 -0.03421566
v 0.18661447 -0.05951625 -0.09639359
v 0.18410913 -0.06365018 -0.04503032
v 0.17219835 -0.02682004 0.22868326
v 0.18304540 0.00516099 0.18747751
v 0.18618378 0.03925538 -0.03124398
v 0.17173687 0.07535412 -0.00916607
v 0.17435569 0.05705509 0.18465260
v 0.18541288 0.06482890 -0.01909477
v 0.18671388 0.07637598 0.17556283
v 0.17634988 0.09791995 -0.01036723
v 0.17751422 0.11210637 0.01849255
v 0.18656383 0.11389563 0.02784587
v 0.18111408 0.18304070 -0.00633169
v 0.18209632 0.24114350 -0.04645624
v 0.18506628 0.28923655 0.18466035
v 0.18428607 0.30576598 -0.09723681
v 0.17825310 0.37356074 -0.13085769
v 0.18962075 0.42295866 0.21879101
v 0.18838551 0.44912428 -0.17369033
v 0.18784656 0.45641017 -0.15388545
v 0.18315477 0.45858200 -0.13896334
v 0.17475507 0.50007823 -0.17638475
v 0.19452078 0.48069310 -0.17466230
v 0.20293657 0.48086245 0.15091319
v 0.16943618 0.52466257 0.12895772
v 0.18894705 0.51988362 0.16145303
v 0.18121412 0.53631436 0.15747321
v 0.17974570 0.58308377 -0.15321037
v 0.19043000 0.59226965 -0.02285824
v 0.18491030 0.61027890 -0.15022751
v 0.17752418 0.62560502 0.16179384
v 0.18467505 0.64328163 0.16652822
v 0.17608243 0.65584387 -0.10109695
v 0.17968149 0.66424736 -0.06371514
v 0.17607207 0.64923118 0.16356726
v 0.18451780 0.66543916 -0.08396029
v 0.17691448 0.66347763 -0.08038472
v 0.18273343 0.67869671 0.08282339
v 0.18280925 0.67356592 0.13847118
v 0.18901327 0.67710231 -0.05089991
v 0.18712368 0.67367635 -0.06677460
v 0.17567052 0.68591302 0.06687933
v 0.18544557 0.68054200 0.12029402
v 0.17892217 0.68310485 0.10957814
v 0.19688112 -0.99493006 -0.37609917
v 0.20740705 -0.99450775 -0.08005939
v 0.19737096 -0.99141917 -0.01433287
v 0.19492809 -0.98637023 0.00351882
v 0.19102683 -0.78167756 0.03662921
v 0.19372490 -0.74557781 0.08906972
v 0.19411181 -0.67925706 -0.31804530
v 0.19980591 -0.64429291 -0.04598588
v 0.16174572 -0.62978264 -0.31545759
v 0.20437155 -0.66408786 -0.31168027
v 0.18425637 -0.61666915 0.14101558
v 0.19414935 -0.61480763 0.14968191
v 0.19087407 -0.62699122 -0.03929243
v 0.19119994 -0.56906887 0.18802343
v 0.19872224 -0.55846513 -0.02053102
v 0.15592495 -0.50029600 -0.25011910
v 0.18502007 -0.51817336 -0.00984836
v 0.17204789 -0.48903307 -0.26538364
v 0.19136428 -0.45428260 0.23441410
v 0.18404957 -0.41193802 0.24707300
v 0.17328125 -0.41331089 -0.21730557
v 0.20479160 -0.39799737 0.21932666
v 0.19200792 -0.36618925 0.21369030
v 0.18844867 -0.31119042 0.21157859
v 0.20669405 -0.26451790 0.00324217
v 0.17463416 -0.24680228 -0.17428281
v 0.19228975 -0.27167331 0.31222132
v 0.18647600 -0.20720100 -0.00948942
v 0.21611940 -0.24597713 0.21988688
v 0.20279238 -0.22734238 -0.00276185
v 0.19013499 -0.20903732 0.30396052
v 0.17973463 -0.17417670 -0.01435837
v 0.20133274 -0.16424143 0.22122372
v 0.18750740 -0.17585160 -0.01105534
v 0.19048613 -0.05960326 0.20609858
v 0.18453270 -0.03535713 -0.04533937
v 0.19166023 -0.03970798 0.19862740
v 0.19321234 -0.02741811 -0.05577841
v 0.18600659 -0.00866839 0.18978785
v 0.20798181 0.02719804 -0.01701270
v 0.19880916 0.02003091 0.19529636
v 0.18665619 0.06778800 0.18456702
v 0.18756216 0.06916851 0.16649423
v 0.19425068 0.07362823 0.15632151
v 0.18859112 0.08252918 0.16898833
v 0.19259138 0.08891718 0.16177605
v 0.19283149 0.11461917 0.01818403
v 0.18449878 0.12220112 0.01498342
v 0.19245151 0.11866168 0.03020356
v 0.19931435 0.16786524 0.17259260
v 0.19613594 0.18298553 0.01610211
v 0.19327510 0.20922451 -0.00045349
v 0.17697197 0.22382617 0.18349302
v 0.17182376 0.21707728 -0.03549528
v 0.20686629 0.36451676 -0.11285454
v 0.18143183 0.36747056 0.19951282
v 0.19143276 0.42232074 0.22583339
v 0.18464054 0.43719914 0.18872283
v 0.19168307 0.43009360 0.23241593
v 0.18521137 0.44995673 -0.19318376
v 0.21010702 0.43474687 -0.13271907
v 0.19594624 0.44589828 -0.20304608
v 0.19276805 0.45972728 -0.19981489
v 0.18433532 0.46417369 0.17268694
v 0.19318585 0.47043574 -0.14316827
v 0.19391024 0.46905409 -0.19329136
v 0.19490942 0.49394341 -0.17030777
v 0.20455793 0.48336902 -0.13790607
v 0.19507392 0.49139400 0.17869521
v 0.20513979 0.49903847 -0.14280892
v 0.18594290 0.52666498 -0.11535147
v 0.19209158 0.52719168 0.15610163
v 0.19261853 0.53475240 0.16109713
v 0.19078230 0.55344264 -0.09443712
v 0.19375777 0.57783033 -0.06693458
v 0.18596358 0.59843328 -0.10197277
v 0.18810212 0.59239358 -0.14459431
v 0.18186909 0.63657532 0.12945485
v 0.20095469 0.66171870 0.13871832
v 0.19106008 0.63998553 0.15169422
v 0.19256809 0.64844358 0.16492309
v 0.18726523 0.64972648 -0.05424201
v 0.18792410 0.66054224 -0.04163445
v 0.18978195 0.65831127 0.16701008
v 0.18619764 0.67182709 -0.04204051
v 0.19308043 0.67247663 0.14997817
v 0.18985766 0.66598681 0.16222627
v 0.18965904 0.67619834 0.10173819
v 0.20530270 -0.98553722 -0.37836475
v 0.19197672 -0.98368225 -0.37271839
v 0.19908717 -0.80560865 0.02324464
v 0.18950344 -0.76259916 -0.00020189
v 0.20029537 -0.76677952 0.08347423
v 0.20461404 -0.76457903 0.08949321
v 0.20020887 -0.73466782 0.09827926
v 0.21037651 -0.67248072 -0.33624090
v 0.18441989 -0.68139643 -0.33503577
v 0.20661020 -0.62060455 0.15122185
v 0.20538764 -0.63028760 -0.04586649
v 0.19923101 -0.56124529 -0.27070342
v 0.19530990 -0.53122849 -0.00560298
v 0.20377634 -0.51506428 -0.01631907
v 0.19248997 -0.51188271 0.21486455
v 0.19252181 -0.49738515 0.22282781
v 0.23077126 -0.52247830 -0.27171015
v 0.20732077 -0.49494607 0.23945150
v 0.20396026 -0.46594976 0.01332368
v 0.19671017 -0.47842435 0.23644903
v 0.20611960 -0.45501764 0.24051675
v 0.19678518 -0.40269756 0.25028249
v 0.19825448 -0.39892184 0.23044421
v 0.19638524 -0.39600109 0.24007591
v 0.20145652 -0.39471164 0.24773216
v 0.18743118 -0.40086160 0.03989654
v 0.19404864 -0.30771219 0.01239672
v 0.20002073 -0.26546216 -0.15295290
v 0.19920511 -0.25407983 0.32601417
v 0.21260055 -0.20070332 -0.14048731
v 0.20816905 -0.19027022 0.22247755
v 0.19765863 -0.11331131 0.21868676
v 0.18571885 -0.12093633 -0.01293642
v 0.18710999 -0.10728106 0.25023265
v 0.20670363 -0.07030472 -0.01726965
v 0.20346094 -0.07776692 0.20712828
v 0.20340916 -0.05837948 0.22312170
v 0.20400697 -0.02729184 0.17968757
v 0.20487534 0.00922317 -0.02859376
v 0.19895728 -0.00013060 -0.01561474
v 0.18828270 0.00495828 0.20702273
v 0.20863850 0.04140810 -0.03430380
v 0.21305677 0.01196118 0.15833986
v 0.21327990 0.01708151 0.18685643
v 0.20869321 0.05010111 -0.00141892
v 0.19352594 0.08109837 0.15458668
v 0.19289685 0.07618468 0.17695463
v 0.19639363 0.09501788 0.03271520
v 0.20011900 0.08702537 0.14073524
v 0.19287659 0.09144173 -0.02608780
v 0.19698150 0.09225285 0.15139301
v 0.19991909 0.09205227 0.16039496
v 0.19500141 0.10559673 0.03598486
v 0.19980607 0.10588176 0.04165694
v 0.20010787 0.10957309 0.02982941
v 0.20561877 0.14067386 0.08374372
v 0.19484202 0.14471327 -0.00038516
v 0.20613137 0.35377951 0.17404047
v 0.20477390 0.42486705 -0.13183984
v 0.20246699 0.43483873 -0.16456299
v 0.20077021 0.43674631 0.20715046
v 0.19797605 0.44111222 0.22578643
v 0.17935648 0.45995401 0.21832558
v 0.19990108 0.49387539 -0.13122181
v 0.19922257 0.49990674 0.13204937
v 0.20732597 0.51402028 0.11334385
v 0.20000907 0.53793567 0.15273451
v 0.20618100 0.52458350 -0.11808159
v 0.20257154 0.53057614 0.16650088
v 0.20061154 0.55173896 0.15171177
v 0.20138240 0.57333076 0.12970773
v 0.19938183 0.57944058 0.14401374
v 0.19739712 0.58973822 0.00816157
v 0.20047005 0.60729627 0.12821745
v 0.19266182 0.62066255 -0.13992139
v 0.20901822 0.61104201 0.13025477
v 0.20180598 0.63154178 -0.12791248
v 0.18663045 0.63982443 -0.06226647
v 0.20055180 0.64462514 -0.11809990
v 0.20780078 0.63718183 -0.04761441
v 0.20233221 0.65522002 0.16223896
v 0.19347156 0.66401839 -0.02292922
v 0.19923698 0.66395863 0.01109929
v 0.20064541 0.66411219 0.03748870
v 0.19548294 0.66425694 0.12424862
v 0.19523294 0.67199181 -0.00232542
v 0.19972577 0.67318993 0.02027755
v 0.19558616 0.67322885 0.13533774
v 0.20165628 0.66483506 0.16232998
v 0.20214466 0.67803329 -0.04650269
v 0.19986564 0.68121064 -0.00618072
v 0.20862933 -0.99227652 -0.02214696
v 0.21043784 -0.98363046 -0.05080499
v 0.20646777 -0.98452858 -0.02038500
v 0.20873555 -0.98649558 -0.00068999
v 0.20947084 -0.84073525 0.00384122
v 0.20542493 -0.80387495 -0.00159643
v 0.20882031 -0.78593510 0.08416293
v 0.19784136 -0.66899173 -0.04308003
v 0.20534089 -0.66364854 -0.33670201
v 0.21212917 -0.62159668 -0.29531085
v 0.20651036 -0.60906428 0.16862693
v 0.23495446 -0.56323943 -0.28832886
v 0.20844324 -0.55927051 0.19093506
v 0.19378430 -0.54789159 0.19235494
v 0.18963389 -0.47546390 -0.23862745
v 0.20481086 -0.52419728 0.21434711
v 0.21038684 -0.50715648 -0.01509059
v 0.19897879 -0.43351236 0.04390316
v 0.20788925 -0.43009404 0.24182193
v 0.20633066 -0.41602059 0.22381622
v 0.23067428 -0.39348936 0.04462697
v 0.20624447 -0.40306428 0.22787535
v 0.21613486 -0.39155165 0.23148430
v 0.21270561 -0.27625783 0.31397779
v 0.20043569 -0.26256959 0.32461929
v 0.19988777 -0.23376776 0.30716319
v 0.20619297 -0.16976181 -0.13102288
v 0.21163821 -0.12799840 -0.11222317
v 0.20282233 -0.15230055 0.25703967
v 0.16308073 -0.04695821 0.24137632
v 0.19852033 -0.09812738 0.21648293
v 0.18501932 -0.10698660 0.27109173
v 0.19478361 0.00411011 0.22356259
v 0.19072311 0.02639757 -0.05798284
v 0.21130845 0.04459127 0.02130132
v 0.19849580 0.08998335 0.00799730
v 0.20624096 0.07246141 0.13368405
v 0.20036374 0.08340281 0.16737757
v 0.21318967 0.07898420 0.02688408
v 0.20827803 0.09136455 0.12604624
v 0.20000652 0.10557022 0.18386727
v 0.20477088 0.11244734 0.07988074
v 0.21410420 0.10384400 0.00764175
v 0.20753136 0.10090909 0.04455872
v 0.20849935 0.11244586 0.09462469
v 0.20790657 0.12428156 0.07156788
v 0.20127087 0.13320183 0.08242311
v 0.20792656 0.19710364 0.15935295
v 0.20573677 0.20634681 0.02748795
v 0.20722994 0.21094438 0.15604835
v 0.20371556 0.24417315 0.15112468
v 0.21688888 0.30050013 -0.05945458
v 0.20547151 0.31305393 -0.08492796
v 0.20787693 0.38572156 -0.12081730
v 0.20802587 0.41755451 -0.17751813
v 0.21135764 0.41734686 -0.16800590
v 0.20344517 0.43701593 -0.18487601
v 0.20651804 0.43683629 0.21621167
v 0.20786884 0.44758370 0.20003374
v 0.20484131 0.46438078 -0.19253729
v 0.20966342 0.45939625 -0.15225047
v 0.20566292 0.47620440 -0.13656403
v 0.21289436 0.46753951 -0.18538711
v 0.20819103 0.47313766 -0.14539770
v 0.22142324 0.50876225 0.10641042
v 0.20204087 0.51824830 0.15408036
v 0.20706884 0.54389059 0.11149095
v 0.20350905 0.53353431 0.12535864
v 0.20029948 0.53431772 0.14599576
v 0.22466583 0.55482456 -0.13046810
v 0.22652460 0.55247872 0.06128225
v 0.20896320 0.53498037 0.16089331
v 0.20123881 0.55830986 0.11563482
v 0.24323074 0.55059116 -0.10959235
v 0.20315975 0.57041190 0.06044173
v 0.20109399 0.57930261 0.10346749
v 0.20850600 0.56302894 0.15275463
v 0.20456882 0.60488777 0.08587665
v 0.20272359 0.59569662 0.09517794
v 0.20264075 0.60171991 0.11616757
v 0.20424261 0.61885160 0.09609100
v 0.20076883 0.60922329 0.12179379
v 0.19887199 0.61982839 -0.07642912
v 0.20565241 0.63532280 0.07364134
v 0.20332279 0.61689860 -0.12392012
v 0.20148841 0.63557286 0.10304206
v 0.20289695 0.63962953 0.08729587
v 0.20882238 0.63772593 0.10719395
v 0.20362433 0.64741864 0.07925585
v 0.20263646 0.65678352 0.03943010
v 0.20361578 0.65471140 0.15345865
v 0.20386359 0.65941311 0.05816138
v 0.20361064 0.66609790 0.15081217
v 0.20866893 0.67286803 0.03762569
v 0.19564096 0.68313736 -0.02792966
v 0.21730409 -0.98677191 0.01836075
v 0.21828194 -0.97928985 -0.03551205
v 0.21212121 -0.97672295 -0.01278954
v 0.21630465 -0.90524846 -0.00322913
v 0.21157831 -0.89897811 0.02408767
v 0.21641304 -0.90690397 0.04335077
v 0.20879162 -0.88865114 0.00400311
v 0.21175026 -0.87827123 -0.02358833
v 0.20889546 -0.84868869 0.02354592
v 0.21605156 -0.85363898 0.05381897
v 0.21413977 -0.83629443 -0.01640040
v 0.20643574 -0.82507087 0.03846711
v 0.21580759 -0.82218680 0.07404534
v 0.21775939 -0.81071045 0.08029263
v 0.21162596 -0.80313384 -0.01251835
v 0.20679597 -0.77757250 -0.01383850
v 0.20320422 -0.76325785 -0.01586191
v 0.21709534 -0.73590896 -0.03282931
v 0.23154252 -0.74412160 0.10088173
v 0.20920288 -0.67284763 0.12423474
v 0.21039988 -0.66842875 -0.04595165
v 0.21048592 -0.61668158 0.16151312
v 0.21914395 -0.61658341 0.16836363
v 0.21221662 -0.59450100 -0.30374928
v 0.21073600 -0.53012564 -0.00919931
v 0.20082228 -0.46778847 -0.25356611
v 0.21160933 -0.39554943 0.25276667
v 0.23151993 -0.36597528 0.03964697
v 0.22232089 -0.38391593 0.25306119
v 0.21602799 -0.40226579 0.21993215
v 0.22500625 -0.31469294 0.21564347
v 0.20794662 -0.28034280 0.30346373
v 0.21638310 -0.27712127 0.21793678
v 0.21625000 -0.26249547 0.31710117
v 0.20301194 -0.23461021 0.28080862
v 0.21354284 -0.21385935 -0.12502114
v 0.21708437 -0.20155669 0.21931932
v 0.21915620 -0.17563792 -0.10536560
v 0.20947264 -0.14814635 0.21834383
v 0.22361220 -0.14131336 0.26212989
v 0.21506982 -0.11455005 0.01155607
v 0.20872075 -0.11334606 0.21303534
v 0.21479113 -0.10518624 -0.09929848
v 0.17791130 -0.06165263 0.25826761
v 0.22252802 -0.06802329 0.17496975
v 0.23356118 -0.05845932 -0.05841848
v 0.21468489 -0.03602748 0.20789684
v 0.21906473 -0.04550889 -0.00728110
v 0.22854305 -0.02038799 0.00972695
v 0.20333267 -0.04074299 -0.07656782
v 0.21801431 0.03348554 0.02968134
v 0.20934067 0.03976963 0.15065453
v 0.21132284 0.06866812 0.05068421
v 0.21828652 0.04672497 0.17130639
v 0.22069271 0.05700899 0.18705130
v 0.20461834 0.08852870 0.04293182
v 0.21473186 0.08483334 0.10954530
v 0.19676416 0.08134732 0.19433084
v 0.21771685 0.06398118 -0.01056493
v 0.21181852 0.08252918 0.12182879
v 0.21635302 0.08955346 0.11249639
v 0.20965989 0.09505746 0.13550791
v 0.19041729 0.12250257 -0.01450680
v 0.21127667 0.09989881 0.05295798
v 0.20897454 0.09756690 0.09003405
v 0.21089676 0.10622780 0.17131896
v 0.21605061 0.10515375 0.09735680
v 0.20808945 0.12747176 0.09280777
v 0.20890874 0.15150834 0.15907073
v 0.21292738 0.11620346 0.08209290
v 0.22084078 0.11329414 0.02557497
v 0.21430746 0.17762921 0.13543430
v 0.21168409 0.20616814 0.14841800
v 0.21838691 0.20942558 0.10743619
v 0.21593979 0.28372892 -0.04370077
v 0.21639168 0.36177810 -0.10779139
v 0.21622732 0.39153905 -0.12272904
v 0.21351583 0.39589070 0.19152579
v 0.19956406 0.40002834 0.20167567
v 0.22173373 0.40213913 -0.17722275
v 0.21514452 0.41388015 -0.18628346
v 0.21562414 0.44376108 -0.20639948
v 0.22141213 0.43105384 0.17189203
v 0.21561921 0.44548980 0.20399557
v 0.21267079 0.44809174 0.21836399
v 0.21615916 0.47214743 -0.13736224
v 0.22267203 0.46367431 0.20910142
v 0.21881866 0.50441439 0.18647375
v 0.20959369 0.50590429 0.12056090
v 0.21727065 0.51256891 0.11489739
v 0.21022988 0.51447081 0.12217477
v 0.18833645 0.57258230 -0.15158320
v 0.20820591 0.58018852 0.09290649
v 0.20225234 0.59458502 -0.13762411
v 0.23413526 0.59624110 -0.09080088
v 0.21401303 0.61288468 -0.11944402
v 0.22164136 0.61656335 0.04968475
v 0.20663555 0.61539351 0.07124414
v 0.21733368 0.63233179 -0.10101615
v 0.20529519 0.64891847 0.05161797
v 0.21203613 0.64317092 -0.11246362
v 0.21259709 0.64420253 -0.02621051
v 0.21190794 0.65020963 0.00485825
v 0.20877851 0.64892438 0.09014752
v 0.20926939 0.66293703 0.06177043
v 0.20752845 0.67915290 0.00780686
v 0.22650691 -0.98866441 -0.37277757
v 0.23218030 -0.99530669 -0.36094126
v 0.21631103 -0.99713928 0.00639806
v 0.22504179 -0.98366136 -0.36494356
v 0.22675581 -0.98256959 -0.05602205
v 0.21772864 -0.97799578 0.01699364
v 0.22218744 -0.91638528 0.02239048
v 0.21876616 -0.91268602 -0.02535154
v 0.21942000 -0.90897014 0.02469677
v 0.21892352 -0.89197976 -0.02145632
v 0.21617996 -0.90111424 0.00419282
v 0.22460051 -0.89274399 -0.03178385
v 0.22237926 -0.87867108 -0.03572523
v 0.22012743 -0.86819308 -0.04196199
v 0.21363906 -0.86468514 -0.02822976
v 0.22391149 -0.85753461 0.07447410
v 0.22104380 -0.82841160 0.07804122
v 0.22741689 -0.77459892 -0.02848584
v 0.22086652 -0.70314706 -0.04018645
v 0.20467669 -0.69503812 0.11296029
v 0.19867422 -0.68132159 -0.32656908
v 0.23069990 -0.66482898 -0.33542381
v 0.21129329 -0.62375856 -0.31731373
v 0.24378661 -0.64359134 -0.04824660
v 0.22285087 -0.57792880 0.19426184
v 0.22836476 -0.56519092 0.19554113
v 0.23176876 -0.55892551 0.20002704
v 0.20117454 -0.44104370 0.03237692
v 0.23865299 -0.41127641 0.22387907
v 0.18926890 -0.35032961 -0.21010679
v 0.22644258 -0.38571060 0.25497650
v 0.22362042 -0.34779749 0.21626748
v 0.23459051 -0.33718060 0.03185385
v 0.22104272 -0.30099818 0.01576020
v 0.22420606 -0.28879055 0.29395039
v 0.22925946 -0.28798804 0.30291243
v 0.21740048 -0.26407379 0.00707390
v 0.21383236 -0.27883360 0.29479022
v 0.22500833 -0.26570044 0.21685547
v 0.23999453 -0.26281117 -0.15482981
v 0.22728008 -0.26322341 0.30686889
v 0.22627294 -0.19582355 0.01608287
v 0.22274949 -0.23549696 0.28946250
v 0.20050726 -0.08972142 -0.08031898
v 0.22596349 -0.09094880 0.01640024
v 0.22287735 -0.09200770 0.22498078
v 0.22832320 -0.03214945 0.15573030
v 0.22159079 0.00815120 0.01333936
v 0.22701305 0.01211044 0.05867452
v 0.22727265 0.02567977 0.17009977
v 0.22934665 0.01010081 0.12247668
v 0.21547962 0.07306566 0.11448377
v 0.22347897 0.04961008 0.10205236
v 0.22278819 0.04272900 0.01733735
v 0.20958168 0.09201903 0.14599103
v 0.21817852 0.09421987 0.06044002
v 0.22335851 0.07203759 0.12944857
v 0.22227946 0.07970475 0.17372467
v 0.22329461 0.07722302 0.11326326
v 0.21629293 0.08776694 0.12978483
v 0.22241136 0.09304990 0.08970303
v 0.21988513 0.10918651 0.15471558
v 0.22252313 0.13370376 0.13183254
v 0.22089980 0.13857180 0.04571595
v 0.21599542 0.19061582 0.05985737
v 0.21974713 0.19683089 0.07964695
v 0.21646526 0.21610241 0.05651557
v 0.22279700 0.24157054 0.07103084
v 0.22006403 0.21601194 0.08711847
v 0.21684055 0.23181384 0.14043310
v 0.21920449 0.23717765 0.03209125
v 0.22214651 0.25509269 0.12625863
v 0.21852497 0.26923973 0.13763345
v 0.21151757 0.24532263 -0.00586034
v 0.22474185 0.28016607 -0.01432542
v 0.22445376 0.28654911 -0.02878987
v 0.22403991 0.29497637 -0.05010602
v 0.22352138 0.30628587 -0.07357893
v 0.21616113 0.32358201 -0.08385340
v 0.21631299 0.33547437 -0.09224585
v 0.21088350 0.36621227 0.17321490
v 0.22629071 0.40480610 -0.18487653
v 0.23049836 0.40419450 -0.17023972
v 0.21728178 0.42843683 -0.18518105
v 0.21037029 0.43239604 -0.16250231
v 0.21172825 0.43772641 -0.20036541
v 0.21030798 0.45110993 -0.20552596
v 0.22341719 0.45196662 0.20343171
v 0.23188245 0.46192711 0.14399118
v 0.25133280 0.47382915 -0.17636689
v 0.21589408 0.49579172 0.12127138
v 0.21364490 0.50557007 0.13970220
v 0.21968548 0.50142055 0.15060972
v 0.24126130 0.50475100 0.09256618
v 0.22277621 0.51680147 0.11251401
v 0.21666342 0.51709402 0.17805801
v 0.22080611 0.52129087 0.16291379
v 0.22067537 0.55499785 0.15353289
v 0.23457668 0.57481856 -0.08367583
v 0.19384257 0.58720971 -0.04958850
v 0.21540605 0.59231713 0.08061385
v 0.23119947 0.57687996 -0.14369698
v 0.21155617 0.58779649 0.14235063
v 0.22449554 0.61294780 -0.07147660
v 0.21538927 0.62869880 0.03811495
v 0.22251523 0.63600523 -0.01297152
v 0.21374213 0.65658283 -0.09393651
v 0.22348755 0.64849881 -0.09098509
v 0.22768669 0.66502567 -0.06684375
v 0.22982001 0.67313552 -0.02415862
v 0.24457305 -0.99461310 -0.36452191
v 0.22973302 -0.99610335 -0.03120686
v 0.22312711 -0.99646420 0.02397478
v 0.21337426 -0.99335156 -0.05258698
v 0.22955874 -0.98599826 0.03968502
v 0.23333775 -0.97739458 -0.05398490
v 0.22334660 -0.92478584 -0.03591762
v 0.22393555 -0.91458465 0.05199633
v 0.23157132 -0.91960176 0.05797969
v 0.23044988 -0.91686399 0.08364196
v 0.22922243 -0.93701420 -0.04467275
v 0.22653640 -0.90589991 0.07447665
v 0.23273909 -0.88191668 0.08728408
v 0.22230174 -0.82758844 -0.02655977
v 0.22955069 -0.80551518 -0.02961868
v 0.23045484 -0.75574636 -0.03167252
v 0.24059995 -0.47079043 0.00562932
v 0.23279232 -0.42471176 -0.22935405
v 0.22920039 -0.43706298 0.02617793
v 0.22938136 -0.41993967 0.24535334
v 0.23237835 -0.42874275 0.04343852
v 0.21606024 -0.40263040 -0.20475723
v 0.22754888 -0.41703222 0.04585978
v 0.22197281 -0.41567460 0.23343407
v 0.23244657 -0.40091670 0.22091294
v 0.23222498 -0.37675350 0.22064023
v 0.22916698 -0.38780886 0.23413377
v 0.23217765 -0.34126031 0.21572736
v 0.23237044 -0.30313128 0.21199317
v 0.23309747 -0.27774110 0.30902938
v 0.22143375 -0.21535595 0.21600649
v 0.21598038 -0.20185995 0.26262664
v 0.23760042 -0.19820940 -0.10280644
v 0.23376203 -0.15630320 -0.08379053
v 0.24958545 -0.14398104 0.03559358
v 0.23641753 -0.14104092 0.18194782
v 0.21023935 -0.13310427 -0.09338101
v 0.22850755 -0.14487126 0.24008881
v 0.21290368 -0.05870184 -0.05397113
v 0.21651518 -0.05195544 0.23251387
v 0.23876492 -0.05204792 0.19672408
v 0.23073528 -0.01408048 0.14228796
v 0.22496742 -0.01598824 0.19147240
v 0.23341306 -0.00615814 0.20105157
v 0.23200943 -0.00620944 -0.03224615
v 0.23322913 -0.00998533 -0.00328447
v 0.23230203 0.01205742 0.09780656
v 0.23232394 0.06443750 0.09826828
v 0.23275453 0.04731074 0.13367594
v 0.23716944 0.09291856 0.12284080
v 0.22576243 0.14234995 0.11277957
v 0.23298731 0.28958353 0.00779253
v 0.23033706 0.28609898 -0.03140894
v 0.22711132 0.27725764 0.11729052
v 0.23293350 0.31698932 0.13041397
v 0.22688417 0.33824455 0.14604080
v 0.22746128 0.37172989 -0.12144656
v 0.23037552 0.39660767 -0.13198329
v 0.22380000 0.40823871 0.18418482
v 0.23311451 0.45200998 -0.20558968
v 0.22082595 0.45820682 0.19224195
v 0.23026053 0.45963769 0.20055954
v 0.23702044 0.46559981 -0.19351098
v 0.22619740 0.47477115 -0.14515353
v 0.23309531 0.47555926 0.12510987
v 0.23312174 0.48685947 0.19470436
v 0.23638062 0.49309074 0.15876917
v 0.23096646 0.49909280 0.10609334
v 0.22979704 0.49347424 0.11503893
v 0.23469864 0.49738904 0.16270947
v 0.21543824 0.50612844 0.16083973
v 0.21558360 0.49908321 0.16962568
v 0.22696106 0.50792290 0.11275475
v 0.21475395 0.51505392 -0.14119266
v 0.23045845 0.51067844 0.16201084
v 0.21673524 0.55970394 0.09866112
v 0.23288238 0.55430491 0.14822983
v 0.21675380 0.57939765 0.02797922
v 0.22546437 0.59024302 -0.00055135
v 0.23479039 0.59484539 0.13093236
v 0.22826746 0.62875293 -0.09164073
v 0.22626470 0.62056872 -0.05627127
v 0.21979878 0.63518564 0.01426920
v 0.22832596 0.63979935 -0.07775165
v 0.23117972 0.65611866 -0.07123282
v 0.24052869 0.66100894 0.04591057
v 0.23410956 0.67030605 -0.03762698
v 0.23900853 0.66930268 0.01384922
v 0.25244362 -0.98496943 -0.36528515
v 0.23201245 -0.98359682 -0.06683563
v 0.23504607 -0.97076559 0.04826724
v 0.24310627 -0.93342444 0.06738537
v 0.23159047 -0.92419825 0.04211272
v 0.24489817 -0.92457869 0.08038812
v 0.23982448 -0.92164517 0.09204321
v 0.23926552 -0.91571441 0.10276978
v 0.23630674 -0.88369905 -0.04152593
v 0.23948169 -0.90834806 0.10386161
v 0.23344508 -0.86417521 -0.05184315
v 0.23111679 -0.84685835 0.08165060
v 0.23488076 -0.82372486 -0.03633587
v 0.23021159 -0.67167948 -0.31811824
v 0.23778487 -0.66335497 -0.31207333
v 0.25741439 -0.64754109 -0.32836436
v 0.24779958 -0.61022237 -0.30839394
v 0.26313667 -0.52686220 -0.26788580
v 0.23336860 -0.48543866 -0.23611678
v 0.24651837 -0.52222666 -0.01031595
v 0.23444253 -0.51464916 -0.01690174
v 0.24293608 -0.50668798 -0.01785826
v 0.21728935 -0.49567659 0.24583856
v 0.24296567 -0.48918517 0.25489548
v 0.25381165 -0.38379574 0.23769146
v 0.22747695 -0.37927721 0.23834465
v 0.22607463 -0.37721300 0.24530055
v 0.27414440 -0.33297784 -0.17304707
v 0.22775375 -0.29825015 0.01874997
v 0.24495681 -0.29681995 0.29562448
v 0.23474271 -0.29554430 0.29032892
v 0.24130260 -0.25393171 0.02984566
v 0.23786119 -0.25526805 0.28832274
v 0.23861664 -0.25376187 0.26376469
v 0.24364389 -0.10678577 0.03398017
v 0.24008470 -0.08630744 0.02992433
v 0.23737037 -0.07599307 0.02417063
v 0.24129387 -0.08348263 0.04094429
v 0.23324876 -0.03668893 -0.02067433
v 0.23746332 -0.02606244 0.03067429
v 0.23823226 -0.03075507 0.06692220
v 0.24708218 -0.06480642 0.21852385
v 0.23595160 -0.00183698 0.11062187
v 0.24961577 -0.00739341 0.15125423
v 0.23749588 -0.01064018 0.17430988
v 0.23590058 0.02052256 0.02759927
v 0.24746514 -0.00363256 0.18657358
v 0.23553807 0.04701856 0.17684072
v 0.24763777 0.02556587 0.09350622
v 0.23338084 0.05702638 0.06848468
v 0.24505175 0.06561112 0.12774983
v 0.22620255 0.13454193 0.06258933
v 0.22823147 0.13989654 0.09057532
v 0.23980686 0.26520387 -0.03715366
v 0.23921459 0.27897274 -0.01488614
v 0.23619950 0.29066801 -0.00661332
v 0.23308442 0.28924950 0.05804062
v 0.23927528 0.30478666 0.00583582
v 0.22192345 0.32637532 -0.09408841
v 0.23953959 0.31527681 0.02108561
v 0.24758026 0.34595848 0.07263695
v 0.23450772 0.31110761 0.11990767
v 0.23746497 0.34583511 -0.12069589
v 0.24705357 0.35355672 -0.12748662
v 0.23611684 0.40237075 0.17397615
v 0.25801060 0.39229675 -0.13990337
v 0.21948467 0.43674527 -0.18992187
v 0.23583364 0.43643946 -0.18375029
v 0.24003172 0.45954173 -0.14076975
v 0.23988425 0.46894552 0.19244560
v 0.23610293 0.47116696 0.20017242
v 0.23747731 0.47163372 0.18271718
v 0.23597236 0.48863052 0.11696025
v 0.23227776 0.49190547 0.12101712
v 0.22915839 0.49868703 0.11412584
v 0.23824586 0.49945952 0.16095474
v 0.23658386 0.50831856 -0.13833133
v 0.21585953 0.52598364 0.09332956
v 0.25470461 0.50906025 0.10661843
v 0.23651628 0.50962477 0.15411055
v 0.23050816 0.53139581 -0.13823019
v 0.23740759 0.51766508 -0.12953957
v 0.23642094 0.52239316 0.14267392
v 0.23634676 0.53399732 0.13553529
v 0.25121308 0.56451014 -0.12045898
v 0.22817629 0.56550030 -0.15433522
v 0.23619344 0.57082366 0.14060754
v 0.23945725 0.58866422 0.12688595
v 0.24473523 0.59362364 -0.03797912
v 0.26122630 0.59158461 -0.12014862
v 0.22956770 0.59937103 0.06516710
v 0.23842166 0.62367763 0.10789298
v 0.22964780 0.62795664 -0.03176357
v 0.23946063 0.63927289 -0.06096822
v 0.23510896 0.64792151 -0.05704668
v 0.24319024 0.64928359 0.06774388
v 0.24089971 0.64102299 0.08480570
v 0.24014106 0.66439008 -0.04087792
v 0.23920973 0.67066211 -0.00924492
v 0.24215141 -0.99402620 0.04605739
v 0.24862191 -0.98352579 -0.06653131
v 0.24444967 -0.98812475 0.05893257
v 0.25485033 -0.98209257 0.07992465
v 0.24227875 -0.94598419 -0.05448083
v 0.24719045 -0.91573083 0.10617032
v 0.25420804 -0.88633501 -0.04911750
v 0.24528764 -0.87554917 -0.04728844
v 0.25059285 -0.85999976 -0.05704961
v 0.24604156 -0.82317795 -0.04121658
v 0.24022057 -0.78628005 -0.03226746
v 0.25634050 -0.74283367 0.10816522
v 0.24705199 -0.62798544 -0.29606342
v 0.25001690 -0.62380682 0.17405580
v 0.24197929 -0.61734854 0.17779527
v 0.24582999 -0.57391362 -0.03067207
v 0.24379495 -0.53032801 -0.01077044
v 0.24272803 -0.50270624 0.25089195
v 0.25023263 -0.44619984 -0.23422120
v 0.24130200 -0.41937656 0.04829711
v 0.23431828 -0.40780155 0.23409216
v 0.21820851 -0.35994359 -0.18564771
v 0.24270384 -0.39128030 0.21812475
v 0.25079203 -0.37455399 0.25767093
v 0.24243721 -0.35680094 -0.19575394
v 0.25691695 -0.36092387 0.06113437
v 0.23819045 -0.34264509 0.21182884
v 0.24485309 -0.36662009 0.25695325
v 0.24375202 -0.28728161 0.30216304
v 0.23980768 -0.27499220 0.30427626
v 0.26882485 -0.26980388 0.27191446
v 0.25586068 -0.22504333 0.24668883
v 0.25069497 -0.24491060 0.27322996
v 0.24119065 -0.19617923 -0.12235577
v 0.26126785 -0.20929679 -0.11524888
v 0.24508308 -0.17203245 0.23805569
v 0.23910229 -0.10650457 0.21987197
v 0.24030101 -0.04889235 0.14677921
v 0.24200534 -0.02550241 0.10329470
v 0.24403567 -0.03776220 0.12916852
v 0.24138022 -0.00102035 -0.01726792
v 0.24650858 -0.01854456 0.01481909
v 0.24872440 0.01470232 0.06335205
v 0.25000835 0.02665025 0.16407718
v 0.23566377 0.05827731 0.16820512
v 0.24213445 0.07185633 0.04694459
v 0.24624009 0.07653402 0.09962903
v 0.24543869 0.07810011 0.07879443
v 0.25551996 0.23623548 -0.06628888
v 0.23928504 0.27472801 -0.07129389
v 0.23685178 0.29569632 -0.09730388
v 0.23895490 0.32291685 -0.11602644
v 0.24587415 0.30744312 0.00890043
v 0.24677404 0.32505345 0.01982862
v 0.24658026 0.34088331 0.03381059
v 0.25545348 0.37808073 0.07586036
v 0.25161584 0.36081089 0.11241782
v 0.24331552 0.34680375 0.12564923
v 0.25346764 0.38016150 0.12707979
v 0.24964418 0.41202940 0.16688884
v 0.22551586 0.41242280 -0.18751190
v 0.26179034 0.44422384 -0.18432394
v 0.23186826 0.45522686 0.15014318
v 0.24300989 0.44397695 -0.20079267
v 0.24326601 0.46025888 -0.20106380
v 0.24758529 0.45983139 0.13360427
v 0.23988283 0.47531244 0.12224385
v 0.24263918 0.47743170 0.13169411
v 0.24719266 0.47600604 0.18457627
v 0.24627163 0.48319379 0.19322000
v 0.24793619 0.48455329 0.10418721
v 0.24573762 0.49126247 0.11144589
v 0.24738601 0.49239708 0.16731645
v 0.24711344 0.49801192 0.18626664
v 0.25267646 0.50280735 0.13773430
v 0.25430525 0.52233267 -0.13778073
v 0.25442831 0.52418286 -0.12979718
v 0.23520002 0.53173238 0.07658580
v 0.24660231 0.53406528 0.12837588
v 0.24571345 0.54318329 0.06223340
v 0.26930741 0.55969069 -0.15421444
v 0.23857204 0.56132524 0.12671813
v 0.24932966 0.58493620 0.10443629
v 0.24020603 0.58977772 0.11370414
v 0.24348874 0.59747729 0.10090915
v 0.24142107 0.60977378 0.11456412
v 0.25556271 0.61586016 -0.09541768
v 0.24429926 0.60935683 0.09097387
v 0.24420607 0.63043030 0.09247594
v 0.24614187 0.63821422 0.07620326
v 0.24592256 0.66399346 -0.00985666
v 0.24964176 0.65781465 0.03641937
v 0.24837791 0.64920875 0.05556248
v 0.24768576 0.66365641 0.01961251
v 0.26054279 -0.98880215 0.07364914
v 0.25579192 -0.92332056 0.09724684
v 0.25666768 -0.91540116 0.10408569
v 0.25146770 -0.90505840 0.11357620
v 0.25112315 -0.89482686 0.11184451
v 0.24221353 -0.87776629 0.09525114
v 0.26505232 -0.83609568 0.09623585
v 0.24145350 -0.79272078 0.09095232
v 0.25651024 -0.80867998 -0.03786918
v 0.26524739 -0.78288299 -0.03175324
v 0.25627816 -0.75890345 -0.03095866
v 0.26272024 -0.71666549 -0.03507608
v 0.25424071 -0.66520010 -0.32657756
v 0.25210639 -0.66515566 -0.04588139
v 0.23939244 -0.63226738 0.15305031
v 0.23863117 -0.62325702 0.16022062
v 0.24940508 -0.61763722 -0.04438674
v 0.28093881 -0.59469936 -0.27457940
v 0.26144351 -0.55899666 -0.26185378
v 0.24744306 -0.58098221 0.20036445
v 0.25834400 -0.51439253 -0.01362096
v 0.27010764 -0.46478366 0.01719653
v 0.25169324 -0.43793943 0.02692693
v 0.24966329 -0.42914846 0.03513470
v 0.24445295 -0.42949804 0.04466856
v 0.26302167 -0.41927330 0.06490674
v 0.24474109 -0.40410360 0.21951957
v 0.25205314 -0.41194600 0.22324289
v 0.25551606 -0.40317671 0.20752617
v 0.25287916 -0.40114832 0.23501238
v 0.24125869 -0.37483425 0.04685787
v 0.25313666 -0.36526374 0.23731698
v 0.25914873 -0.36473986 0.26019788
v 0.25063463 -0.35959422 0.24872039
v 0.27014921 -0.35025400 0.07549707
v 0.26111806 -0.30590665 0.28799269
v 0.25082682 -0.30353472 0.28263957
v 0.25878826 -0.29569592 0.29492928
v 0.24652400 -0.24975616 0.18828182
v 0.26392919 -0.26023343 -0.14169573
v 0.25443643 -0.18082987 0.03844507
v 0.25427684 -0.13120552 0.24022871
v 0.27480028 -0.13718470 -0.03586422
v 0.25333208 -0.12783799 0.04356938
v 0.25345155 -0.09403271 0.22534136
v 0.25153739 -0.10235113 -0.03800089
v 0.23620041 -0.10481121 0.17225537
v 0.26572075 -0.10910332 0.13013324
v 0.25062733 -0.07172122 0.13871917
v 0.27529165 -0.09831106 -0.03712894
v 0.25968507 -0.08640355 0.12165500
v 0.24681432 -0.04355864 0.11061573
v 0.26079443 -0.04782765 -0.02254009
v 0.24491443 0.01295149 -0.00209784
v 0.24670527 0.01816619 0.12995807
v 0.26189801 -0.01183768 0.10941621
v 0.25655835 -0.00789781 0.00338210
v 0.23886881 0.05791570 0.02103194
v 0.25809801 0.03494891 0.05446219
v 0.25293366 0.26395438 -0.09892601
v 0.26958785 0.27352377 0.01099183
v 0.25804703 0.27833384 -0.11634958
v 0.25662712 0.31794042 0.02016157
v 0.24782011 0.35036407 0.04533290
v 0.25627076 0.34832886 0.03617612
v 0.25444637 0.36798245 0.04791072
v 0.24180834 0.39223084 0.15655110
v 0.26058747 0.43042414 -0.18060016
v 0.26005395 0.45170900 -0.20127115
v 0.23999789 0.45173839 -0.15434213
v 0.25644527 0.45083688 0.13569603
v 0.25823130 0.45800632 0.13322320
v 0.24771712 0.47306439 0.15174755
v 0.25344650 0.47778952 0.15763126
v 0.25554764 0.47593433 0.10584830
v 0.25390410 0.48541351 0.15856286
v 0.25510788 0.49027087 0.17664581
v 0.25534049 0.48876369 0.18501540
v 0.26126148 0.48035213 0.09208095
v 0.25199330 0.50055621 0.17735626
v 0.26280824 0.48709259 0.08843557
v 0.25449115 0.49354995 0.15422062
v 0.24798332 0.49998745 0.16887220
v 0.22448841 0.53692674 -0.16541289
v 0.27310700 0.52721721 -0.15910064
v 0.24052855 0.55060428 -0.16203707
v 0.22421027 0.56855877 0.04168154
v 0.24524772 0.57356824 0.11469540
v 0.24702043 0.58910942 -0.05772791
v 0.24568397 0.58376084 0.07159206
v 0.26473585 0.58546602 0.09550498
v 0.27504226 0.60292916 -0.04156047
v 0.27436966 0.60703017 -0.02132989
v 0.24545601 0.62077155 0.00320014
v 0.24657084 0.62444947 0.07135856
v 0.24461978 0.64622247 -0.03138065
v 0.24825507 0.64703313 -0.00500940
v 0.25201904 0.63928843 0.02785627
v 0.25004459 0.63656369 0.04133583
v 0.25550234 0.64078358 0.00604538
v 0.24912946 0.64757862 0.03070678
v 0.26762945 -0.99461267 -0.35745157
v 0.27993925 -0.98435939 -0.07073862
v 0.26003121 -0.97825417 -0.06095223
v 0.26396095 -0.97895640 0.10260059
v 0.26235350 -0.91183415 -0.05236843
v 0.26111832 -0.93031278 0.11031435
v 0.26175778 -0.91844871 0.11131147
v 0.26607436 -0.90898518 0.11086542
v 0.26530018 -0.89315233 0.11876256
v 0.27005435 -0.88418257 0.11970454
v 0.24437888 -0.65626015 -0.33358699
v 0.27044953 -0.66102889 -0.30842786
v 0.27805660 -0.63774327 0.15599988
v 0.27826961 -0.62935338 0.16128385
v 0.26074232 -0.59417389 -0.03523716
v 0.25865216 -0.52961279 -0.00697452
v 0.25619591 -0.50630976 -0.01426777
v 0.26505270 -0.41578586 0.20981023
v 0.25803310 -0.41114911 0.21529736
v 0.26347852 -0.40720273 0.25072150
v 0.26198309 -0.38814724 0.23196374
v 0.26190023 -0.39477896 0.25131243
v 0.26394558 -0.35681956 0.25614357
v 0.26215645 -0.34738224 0.18533879
v 0.27204836 -0.29873602 0.16902555
v 0.24999666 -0.25439503 -0.12485550
v 0.26567873 -0.23424104 0.04980415
v 0.25749507 -0.16970597 0.24982260
v 0.24678903 -0.16735208 -0.10396012
v 0.25867721 -0.17123199 0.04278113
v 0.25715482 -0.11391623 0.08652107
v 0.25961457 -0.07677596 -0.01213637
v 0.25850573 -0.07758952 0.18495437
v 0.26534379 -0.07067782 0.00449713
v 0.25680390 -0.04038402 0.16384790
v 0.25944046 -0.04959045 0.19756916
v 0.27064895 -0.00055277 0.13850281
v 0.26005740 0.04073903 0.08130750
v 0.26128756 0.24155474 -0.02978754
v 0.26858612 0.24860454 -0.11875628
v 0.26422242 0.37672144 0.05027649
v 0.25591343 0.38003175 0.05939826
v 0.25934530 0.40040946 0.13073847
v 0.26027259 0.40246040 -0.17659639
v 0.26403671 0.41621677 0.15134242
v 0.27956807 0.41401344 -0.18484778
v 0.26588821 0.40792845 -0.14177391
v 0.25660833 0.42181606 0.15974940
v 0.27074021 0.43626895 -0.17795632
v 0.26037856 0.45871583 -0.14582251
v 0.25503577 0.46166746 0.13717006
v 0.26760871 0.45636535 0.10673320
v 0.26272077 0.47654263 0.11100053
v 0.24689081 0.48443750 -0.17159668
v 0.26263754 0.51082771 0.08076488
v 0.26850667 0.51992828 0.09862239
v 0.26485882 0.53069251 -0.13733753
v 0.26401603 0.54726839 -0.13070255
v 0.26413355 0.56259362 -0.10351044
v 0.25975781 0.56803534 -0.11381477
v 0.26152015 0.57112968 -0.09209390
v 0.26216152 0.57821923 -0.10059550
v 0.26527826 0.59278488 -0.04047153
v 0.26182045 0.59216493 -0.01227015
v 0.26825545 0.59290682 0.04424739
v 0.28569525 -0.99515400 -0.34504996
v 0.27587464 -0.98567179 -0.35754925
v 0.26950235 -0.98764129 0.10442172
v 0.23650246 -0.98349084 -0.12302799
v 0.27470117 -0.98399326 -0.06683697
v 0.27619592 -0.97914592 -0.05883809
v 0.27479480 -0.98646521 0.13508505
v 0.26940641 -0.92751413 0.13610508
v 0.27252747 -0.91554295 0.12405335
v 0.27417936 -0.90140281 0.11387591
v 0.26782025 -0.86851004 -0.05673949
v 0.27403086 -0.87814293 -0.04857389
v 0.27120703 -0.86024107 -0.05764188
v 0.27388520 -0.81849595 -0.03959085
v 0.28268015 -0.80599922 -0.03214082
v 0.27300059 -0.68573206 -0.03719276
v 0.27825543 -0.66753299 0.14170976
v 0.29323638 -0.65582580 -0.30141935
v 0.26473130 -0.64897376 -0.04538445
v 0.26533756 -0.63036541 -0.04387986
v 0.26097863 -0.59061484 0.20085716
v 0.28512476 -0.58702719 0.20696515
v 0.28010322 -0.56947031 -0.28321506
v 0.27100572 -0.56373884 0.20785025
v 0.27848491 -0.45464514 0.25948262
v 0.27156730 -0.43491462 0.25571607
v 0.24913863 -0.44867266 -0.21567009
v 0.26690051 -0.42951363 0.03788619
v 0.26661797 -0.42983261 0.05935109
v 0.26146850 -0.42784100 0.04374433
v 0.27180445 -0.41067510 0.07454387
v 0.26601998 -0.40374685 0.19404110
v 0.26414212 -0.40475128 0.22443166
v 0.27272200 -0.37398679 0.21330486
v 0.26543110 -0.36545494 0.22737394
v 0.26888962 -0.35609628 0.24301861
v 0.26409110 -0.31094580 0.27888540
v 0.26544278 -0.29176502 0.05672668
v 0.25484151 -0.29845777 0.27497446
v 0.28224587 -0.33006197 -0.14700264
v 0.27312322 -0.26548557 0.06084074
v 0.25683020 -0.20414108 -0.09134173
v 0.27775780 -0.25521357 0.24233592
v 0.26642355 -0.22005883 0.05054561
v 0.27227245 -0.20894532 0.15352500
v 0.27886519 -0.20926194 0.24881181
v 0.26965311 -0.21728671 0.05854210
v 0.26609350 -0.16450323 0.15003772
v 0.26252192 -0.17656052 0.04997544
v 0.26980403 -0.14559421 0.12956684
v 0.26602824 -0.12800433 0.13873048
v 0.27457768 -0.06401581 0.15038094
v 0.27756105 -0.06679150 -0.00882648
v 0.26602859 -0.03331677 0.05533719
v 0.26403414 -0.02037559 0.07060159
v 0.26955547 -0.01186982 0.15396764
v 0.26177905 0.03282555 0.11352992
v 0.26256671 0.22570469 -0.08441551
v 0.27523812 0.22417347 -0.04387360
v 0.28631505 0.25921460 0.01120329
v 0.26731755 0.30433636 -0.13218337
v 0.27206034 0.30594545 0.02338779
v 0.28480758 0.36123573 -0.14168515
v 0.26717479 0.40108788 0.06154893
v 0.26303874 0.40406001 0.06770748
v 0.27007140 0.41968444 0.06922033
v 0.26857779 0.43363514 0.08880426
v 0.26645471 0.42872627 0.13246226
v 0.26397953 0.43470135 0.14030601
v 0.27278543 0.41346805 -0.16245440
v 0.26978040 0.44777573 0.12223995
v 0.26773839 0.44397964 0.12963024
v 0.27873775 0.45475275 -0.14614091
v 0.26518781 0.44934041 -0.13989483
v 0.27091315 0.44611908 0.08507044
v 0.25546421 0.44440853 -0.19322098
v 0.27091455 0.44593076 0.13802033
v 0.28221046 0.43447132 0.14599756
v 0.26604932 0.45975382 -0.19938735
v 0.27080723 0.46095731 0.11393982
v 0.28891617 0.47636925 -0.17584116
v 0.29550260 0.49207454 -0.16387673
v 0.27761968 0.48729362 0.08702277
v 0.27448377 0.52766728 -0.13010121
v 0.27381025 0.53550392 -0.12265004
v 0.27011817 0.56620293 -0.10501299
v 0.26841655 0.57326776 -0.09766335
v 0.27392157 0.57721878 -0.09038594
v 0.26807088 0.58102425 -0.07645875
v 0.26429746 0.58318770 0.01026254
v 0.27002173 0.60618100 0.01278241
v 0.25483087 0.62340304 0.05999153
v 0.30289042 0.60617568 -0.06456300
v 0.28307317 0.62589745 -0.03015777
v 0.29111474 -0.99474042 -0.34791069
v 0.28034483 -0.98591150 0.15952268
v 0.27348605 -0.94532327 0.14137529
v 0.28018338 -0.93970754 0.16970248
v 0.27780885 -0.92994604 0.15466802
v 0.27988309 -0.89119274 -0.04619107
v 0.27937597 -0.90850268 0.12158482
v 0.28820699 -0.78904845 -0.02490659
v 0.27727516 -0.76209058 -0.02736955
v 0.28083875 -0.76261150 0.11260709
v 0.27470367 -0.73015478 -0.03021672
v 0.27951112 -0.70804473 0.12700158
v 0.27889454 -0.68311286 0.13509929
v 0.28187990 -0.65654702 -0.32330494
v 0.26519719 -0.66493902 -0.31748991
v 0.28082187 -0.64807811 -0.32452207
v 0.28570593 -0.62868852 0.17297514
v 0.28662563 -0.62765560 0.18694850
v 0.27919186 -0.42510107 0.25105150
v 0.27582921 -0.41802129 0.07264131
v 0.27626466 -0.41101204 0.18128599
v 0.27429060 -0.41536977 0.19625327
v 0.27303370 -0.41240098 0.20617141
v 0.29310031 -0.40426001 0.17982257
v 0.27116513 -0.40324594 0.24779441
v 0.27589810 -0.39499552 0.08282636
v 0.27506267 -0.39486294 0.17498234
v 0.27224436 -0.37783343 0.24827397
v 0.28109266 -0.39503068 0.09698649
v 0.28208733 -0.37231221 0.20264514
v 0.28225880 -0.36657021 0.21518771
v 0.27248202 -0.36386009 0.25225980
v 0.26811487 -0.35647626 -0.16501713
v 0.28128128 -0.36570184 0.22764437
v 0.27445765 -0.34444940 0.08241308
v 0.27625282 -0.32314106 0.08692632
v 0.27399499 -0.35699174 0.16784282
v 0.27691856 -0.30412731 0.28779140
v 0.27303059 -0.30648171 0.07154250
v 0.27765035 -0.26990908 0.07406173
v 0.29987068 -0.26823766 -0.09518749
v 0.29449772 -0.25476720 -0.11666670
v 0.27378717 -0.24167264 0.06117662
v 0.27695034 -0.25786908 0.15418391
v 0.27796860 -0.23794426 0.14576762
v 0.27139659 -0.20260810 0.23043644
v 0.27641060 -0.20217176 0.14463057
v 0.27260394 -0.16791335 0.13700423
v 0.26176460 -0.15668437 0.22157084
v 0.26702656 -0.10588289 0.21655368
v 0.27054499 -0.11785895 -0.05371402
v 0.27448641 -0.10727076 -0.01226607
v 0.26019596 -0.10941160 0.19845702
v 0.28040558 -0.06274264 0.06634957
v 0.27563775 -0.07065952 0.03348373
v 0.26857319 -0.04041726 0.13916736
v 0.27576317 -0.00951591 0.05585046
v 0.29309477 -0.05527743 0.14300290
v 0.27751793 -0.00279392 0.09219456
v 0.27992799 0.13874553 -0.06494363
v 0.27552467 0.15337479 -0.07265648
v 0.27599750 0.15166658 -0.04555425
v 0.27563858 0.18943842 -0.06885796
v 0.27467011 0.21144131 -0.10022874
v 0.27417685 0.21453082 -0.06436830
v 0.28589498 0.19241831 -0.11957878
v 0.28524194 0.23455830 -0.13535472
v 0.26832534 0.28063957 -0.12783168
v 0.27651922 0.23911621 -0.01497001
v 0.26941829 0.35484747 -0.13783694
v 0.28231315 0.40393334 -0.17764077
v 0.27534816 0.44356884 0.12435810
v 0.28310293 0.43801923 0.15361246
v 0.28474821 0.45139332 -0.19307708
v 0.28411683 0.49224596 0.08994703
v 0.28434505 0.51518640 0.09046546
v 0.28514614 0.52796702 0.11807483
v 0.27902722 0.50687143 0.08249536
v 0.27352513 0.52195798 0.07264272
v 0.27753809 0.54198292 -0.15447457
v 0.27532270 0.53837997 -0.13137197
v 0.27742610 0.54632155 -0.12165484
v 0.29367093 0.56183221 0.03067404
v 0.27367474 0.54406983 0.08763036
v 0.27181157 0.55528806 -0.12164103
v 0.28995931 0.57117381 0.09802429
v 0.27331472 0.58557721 -0.08257941
v 0.27160624 0.58808362 -0.05634796
v 0.28675411 0.58868332 -0.03580948
v 0.23677345 -0.99479904 -0.19621552
v 0.26423386 -0.99896544 0.02116197
v 0.28661034 -0.99404680 0.15690258
v 0.28261021 -0.99176950 0.13919242
v 0.29203511 -0.97824225 -0.05276595
v 0.28792661 -0.95269332 0.19645597
v 0.29058567 -0.94211071 0.19598058
v 0.28770495 -0.93014775 0.16755817
v 0.28351596 -0.89472762 0.11637372
v 0.28182209 -0.88127648 0.12396591
v 0.28848395 -0.86902508 -0.05486796
v 0.30299699 -0.82937690 0.11344542
v 0.26791696 -0.81749486 0.09702030
v 0.28806152 -0.78200510 0.11172482
v 0.28709319 -0.74982829 0.11747194
v 0.29929555 -0.65789359 -0.31013687
v 0.28604962 -0.64493006 0.14548433
v 0.28268253 -0.63915329 -0.03494731
v 0.28624054 -0.62380435 0.15723707
v 0.29431375 -0.59044679 -0.01709877
v 0.28661677 -0.59467046 0.20541414
v 0.28508495 -0.57790082 0.20353317
v 0.28550094 -0.57220328 0.20533719
v 0.28477154 -0.53155227 0.00559710
v 0.28643952 -0.51160008 0.25627757
v 0.29133152 -0.50376263 0.00150077
v 0.31447457 -0.50916821 -0.24355771
v 0.29023639 -0.48914146 0.26821028
v 0.28611518 -0.46479999 0.02537725
v 0.27864928 -0.42342222 0.04815212
v 0.28757466 -0.41936226 0.06001159
v 0.28255168 -0.40925318 0.08746710
v 0.28628067 -0.41363686 0.17110242
v 0.28920900 -0.41418949 0.17985533
v 0.28669116 -0.40128652 0.15842261
v 0.28612260 -0.40322704 0.10456646
v 0.28687447 -0.38895867 0.15335515
v 0.29063699 -0.38153266 0.18421774
v 0.28804860 -0.38326386 0.14247984
v 0.28481311 -0.37266611 0.22699925
v 0.28240731 -0.33525203 0.13499498
v 0.28287954 -0.35804169 0.15359081
v 0.27875133 -0.30106709 0.10953955
v 0.27674907 -0.31489155 0.26942904
v 0.28164378 -0.31789982 0.27616051
v 0.28253770 -0.32917505 0.14575563
v 0.28009550 -0.29928674 0.15440075
v 0.26449946 -0.28796771 0.29272072
v 0.30186851 -0.30139777 0.27681441
v 0.27807233 -0.27412860 0.24870382
v 0.28400263 -0.21734133 0.22284836
v 0.29594212 -0.21808384 -0.09025198
v 0.28628065 -0.20118614 0.24043102
v 0.27605767 -0.18144773 0.21571718
v 0.28144354 -0.11276609 -0.00321941
v 0.28049455 -0.09450282 -0.02781646
v 0.29869211 -0.08375693 0.15943368
v 0.28573534 -0.08185461 0.05158383
v 0.27629782 -0.05172291 0.17271428
v 0.28320067 -0.02853033 0.13340927
v 0.29219423 0.12007340 -0.04270904
v 0.28011719 0.14588349 -0.08744865
v 0.29294086 0.13214849 -0.01810907
v 0.29113398 0.15295143 -0.11203467
v 0.27624037 0.16283067 -0.03601686
v 0.28728028 0.16084916 -0.08718359
v 0.28482987 0.16814735 -0.06685887
v 0.28164791 0.16738308 -0.01885800
v 0.27773239 0.18973176 -0.09820577
v 0.28546125 0.17440963 -0.04403757
v 0.28398324 0.19299941 -0.03856207
v 0.27861186 0.21191331 -0.05349711
v 0.28270503 0.27933672 -0.13908590
v 0.28256015 0.30778468 -0.14051360
v 0.30060570 0.31119638 0.02844092
v 0.27865763 0.33094385 0.03620086
v 0.28601728 0.40357584 -0.16822978
v 0.29275402 0.43947552 -0.13339777
v 0.29430967 0.43360947 -0.17340746
v 0.28210772 0.44493897 -0.17649951
v 0.27936963 0.44837626 0.07795568
v 0.27731532 0.46644025 0.15283027
v 0.28686140 0.47275274 0.08241773
v 0.27386435 0.48126315 0.13563204
v 0.29402022 0.45289800 0.14810382
v 0.29547281 0.48245208 -0.16853472
v 0.27739618 0.48591286 0.10283775
v 0.28527251 0.49910507 0.09038910
v 0.27940491 0.50696498 0.08252918
v 0.28853705 0.51185497 0.08319719
v 0.28688717 0.51482493 0.07977300
v 0.29137179 0.52936236 0.07939525
v 0.28045024 0.53524306 0.06064956
v 0.28018404 0.55505387 0.07885547
v 0.28067113 0.56445171 0.10598288
v 0.28458094 0.56241990 -0.14687298
v 0.27832854 0.57040273 -0.14320936
v 0.29888769 0.58419567 -0.04566851
v 0.28795746 0.58697052 -0.01064206
v 0.27048274 0.59148073 -0.07554246
v 0.28621134 0.58726837 -0.04995772
v 0.28737273 0.59379682 -0.05238436
v 0.28320606 0.60327270 0.06030570
v 0.28994795 0.59986838 -0.09521866
v 0.30101045 0.60998964 0.01777651
v 0.28118823 0.62621490 0.00072344
v 0.29357574 -0.99301572 0.20679543
v 0.30533228 -0.99164884 0.06270898
v 0.29348561 -0.98369504 -0.05882340
v 0.29452363 -0.88725758 -0.03976335
v 0.28994305 -0.88130025 0.12197505
v 0.29112175 -0.86672461 0.12434291
v 0.29474708 -0.80564201 0.11114901
v 0.29484570 -0.79618425 0.11150397
v 0.29548923 -0.77141397 0.11082254
v 0.30070881 -0.76374648 -0.01216999
v 0.29204458 -0.72857291 0.11553852
v 0.28808104 -0.71998039 0.12312713
v 0.28673528 -0.67660983 0.13141023
v 0.29446017 -0.71856152 -0.01888949
v 0.29739614 -0.62676960 0.17462462
v 0.29518967 -0.62518540 0.18468470
v 0.29340149 -0.57407661 0.19859138
v 0.30049642 -0.56693242 0.18197650
v 0.29034707 -0.55229824 0.22014365
v 0.29722726 -0.53437903 0.01456464
v 0.29213532 -0.52466363 0.00491577
v 0.29542875 -0.53133900 0.23511242
v 0.29645891 -0.51505601 0.00035646
v 0.29334616 -0.49912352 0.26681997
v 0.30086150 -0.53032241 -0.23866599
v 0.29015743 -0.49115710 0.03848622
v 0.29387711 -0.49956056 0.04504934
v 0.29508516 -0.48578936 0.01717937
v 0.29450959 -0.46679784 0.03364595
v 0.28649713 -0.47443548 0.04972957
v 0.29105080 -0.45909676 0.06863952
v 0.29834986 -0.44460752 0.06449147
v 0.29470838 -0.46680603 0.25385430
v 0.28711987 -0.45669362 0.25807488
v 0.29566448 -0.41245923 -0.20086988
v 0.28959678 -0.44431212 0.04334946
v 0.29277982 -0.42590693 0.23003410
v 0.29733423 -0.42020549 0.07358326
v 0.29257904 -0.40443981 0.21074677
v 0.28714707 -0.41826186 -0.18601247
v 0.29430718 -0.40775327 0.09252257
v 0.30297957 -0.40265935 0.11101496
v 0.29463490 -0.39720682 0.13104619
v 0.29425358 -0.40846421 0.16544758
v 0.29747820 -0.39346568 0.16230535
v 0.29215808 -0.39193671 0.14539870
v 0.29452147 -0.39594581 0.15501221
v 0.30147382 -0.38163978 0.20083567
v 0.29487275 -0.37307841 0.20855854
v 0.29510551 -0.37345814 0.19282905
v 0.30048731 -0.30992778 0.25149613
v 0.29904177 -0.26009064 0.24783995
v 0.30832025 -0.24528593 0.19846740
v 0.29744919 -0.20252672 0.19317087
v 0.28168278 -0.16402399 0.22985346
v 0.28532388 -0.15308901 0.18625285
v 0.28844622 -0.11897914 0.00835122
v 0.29531987 -0.11101405 0.15102880
v 0.29227627 -0.11034439 -0.02097832
v 0.30538967 -0.12431965 0.06857584
v 0.29081635 -0.08816169 0.06580616
v 0.28252306 -0.06207363 0.10996213
v 0.29495287 0.11879870 -0.08033867
v 0.30184999 0.11492501 -0.09046190
v 0.29110177 0.14529556 -0.11173031
v 0.29919931 0.15130503 0.00221204
v 0.29688357 0.16088588 -0.10673886
v 0.29477349 0.16910873 -0.10684346
v 0.28672999 0.16900781 -0.08707685
v 0.28905518 0.17496872 -0.00874950
v 0.30228634 0.18601650 -0.13464183
v 0.28519961 0.21357041 -0.03903652
v 0.29331428 0.22435583 -0.02582494
v 0.30212978 0.23194266 -0.14676078
v 0.30843404 0.29765397 0.02324092
v 0.29802836 0.34290372 0.04201420
v 0.29175046 0.37386788 0.04882342
v 0.29530528 0.44324621 0.10091058
v 0.28978536 0.43568298 0.12116830
v 0.30231879 0.44299197 -0.16869608
v 0.28259067 0.45633360 -0.13748005
v 0.27978135 0.45339372 0.15678347
v 0.27359558 0.46801835 -0.19223059
v 0.28573041 0.45917596 0.10446731
v 0.30225887 0.47234116 0.08194671
v 0.29566918 0.47411814 0.09070119
v 0.28960325 0.52162571 0.07400669
v 0.29354658 0.53225099 0.06604559
v 0.28472015 0.58468642 -0.07115333
v 0.29459867 0.58636241 -0.03961621
v 0.31400973 0.57237628 0.03422252
v 0.31049603 0.58638821 0.05973726
v 0.29512481 0.58556113 -0.05130972
v 0.29437111 0.59361763 -0.03653714
v 0.28988270 -0.99611053 0.17891359
v 0.30517290 -0.99508122 0.23987122
v 0.28753395 -0.98361698 -0.34644983
v 0.34481076 -0.98365995 -0.09040265
v 0.30033511 -0.95864971 0.23626015
v 0.30391359 -0.98018634 -0.04505638
v 0.29889411 -0.94701103 0.21746608
v 0.29971104 -0.92448319 -0.03977161
v 0.31447851 -0.91455994 0.16273049
v 0.31109482 -0.89467133 -0.02822440
v 0.29563625 -0.89284909 0.11975828
v 0.30321651 -0.88131946 0.11897298
v 0.30510112 -0.86399785 0.12910565
v 0.28644310 -0.84578307 0.11055696
v 0.30336307 -0.80486084 0.10700525
v 0.30420311 -0.80615670 -0.01664246
v 0.29869960 -0.78073052 0.10532411
v 0.29344483 -0.74468415 0.11323182
v 0.30386791 -0.64833705 -0.31854218
v 0.31950923 -0.63824039 -0.31196957
v 0.30748149 -0.63912067 -0.02124408
v 0.29802229 -0.61275266 0.13791887
v 0.30285263 -0.58425243 0.18631696
v 0.29536363 -0.58946769 0.20303520
v 0.32966576 -0.58017397 -0.27430528
v 0.30343125 -0.57671358 -0.00208881
v 0.29601670 -0.55479500 0.00120887
v 0.29965757 -0.55408597 0.20088693
v 0.30518059 -0.52432089 0.01103766
v 0.30320400 -0.51283832 0.00761572
v 0.30186864 -0.52351386 0.23072235
v 0.30433245 -0.50119247 0.03606760
v 0.29969458 -0.48933848 0.02344122
v 0.29619447 -0.48106035 0.03011215
v 0.30726629 -0.48385809 0.24488875
v 0.29786223 -0.49290059 0.26629955
v 0.29896109 -0.45096238 0.09619541
v 0.29647321 -0.44486331 0.08894689
v 0.32524033 -0.48265316 -0.22487053
v 0.30269613 -0.43674730 0.11738977
v 0.29962482 -0.37348652 -0.17899264
v 0.30224419 -0.39098100 0.14487395
v 0.30224257 -0.38841585 0.15441387
v 0.30241652 -0.38126048 0.17106042
v 0.30573182 -0.37779913 0.19053215
v 0.31019403 -0.39470988 -0.16172355
v 0.30691007 -0.31945992 -0.14658586
v 0.29158730 -0.31706094 -0.15593679
v 0.29631957 -0.32647834 0.26215552
v 0.28241048 -0.27930338 -0.11799947
v 0.29380952 -0.20046677 0.23170956
v 0.31216627 -0.14469735 0.13726421
v 0.29908325 -0.10402129 0.00387326
v 0.30255740 -0.12225613 0.05300854
v 0.29133294 -0.08680830 0.13310225
v 0.29498076 -0.06444349 0.04342733
v 0.29442576 -0.05323137 0.06162287
v 0.30928327 -0.08272026 0.11763883
v 0.29217791 -0.04192493 0.10209327
v 0.29485304 0.11460937 -0.06506182
v 0.31167382 0.12145580 -0.11145048
v 0.29360019 0.18408045 -0.02241949
v 0.29913683 0.18245504 0.00291116
v 0.30264083 0.19386419 -0.01051850
v 0.31221957 0.25526259 -0.15261213
v 0.31060386 0.26819050 0.02022922
v 0.30745021 0.40330590 -0.17359577
v 0.30631512 0.41261496 -0.17990692
v 0.32257972 0.40963663 -0.12856055
v 0.29838734 0.43058789 0.11732248
v 0.30260700 0.43403497 0.12968871
v 0.29683616 0.42932192 0.14437327
v 0.29579572 0.43598561 0.15317049
v 0.29645082 0.42130320 0.06342800
v 0.30310883 0.45452002 -0.12879441
v 0.30328696 0.46197821 0.07496943
v 0.30186232 0.46921665 -0.18667021
v 0.30086048 0.53817380 0.05686780
v 0.29422127 0.54497294 0.07325413
v 0.30266906 0.54426650 0.10560587
v 0.30414980 0.56421740 0.05762362
v 0.31657663 0.55834835 0.09660221
v 0.31274100 0.56625908 0.09132748
v 0.30254196 0.58075754 -0.01379625
v 0.29799168 0.57535673 0.00747794
v 0.30052103 0.58531969 -0.11391678
v 0.30182664 0.58524272 -0.04903946
v 0.30332037 0.58827113 -0.03607308
v 0.29517959 0.59476299 -0.02416603
v 0.31777846 -0.99421794 -0.33621455
v 0.30077162 -0.99418644 -0.06091200
v 0.31999899 -0.99706208 0.16069992
v 0.30999734 -0.98588184 -0.34458313
v 0.24271232 -0.98339362 -0.18756702
v 0.31012721 -0.98473083 -0.05371013
v 0.31008790 -0.96330693 0.24689090
v 0.30478975 -0.87645063 -0.04807694
v 0.29608538 -0.86386960 -0.05079195
v 0.31035671 -0.84629399 0.12412477
v 0.31355490 -0.83889362 0.11759773
v 0.31544331 -0.87368077 -0.04126981
v 0.31053439 -0.82787052 0.10773623
v 0.30313892 -0.72304774 -0.01110293
v 0.30236404 -0.64558058 0.11213854
v 0.29384366 -0.61407839 -0.30223592
v 0.30513575 -0.61557428 0.15898787
v 0.30214785 -0.61912331 0.17225023
v 0.30553019 -0.60804233 0.12086792
v 0.30474601 -0.61295079 -0.01886716
v 0.31189890 -0.60239374 0.13706284
v 0.30677555 -0.60791865 0.16299886
v 0.30937781 -0.57574119 0.16704995
v 0.30787765 -0.56098617 0.16519119
v 0.31385029 -0.55233256 0.04696391
v 0.30419846 -0.54347315 0.02434429
v 0.31099933 -0.51305117 0.02468180
v 0.31496308 -0.51095914 0.04861633
v 0.30347332 -0.50672927 0.05713323
v 0.31178749 -0.49413408 0.23564991
v 0.31098551 -0.48440257 0.10408984
v 0.31109251 -0.46617008 0.11579877
v 0.31734673 -0.48154037 0.22197674
v 0.30999220 -0.43789704 0.12781696
v 0.30520069 -0.43065198 0.08927910
v 0.31257742 -0.42664761 0.12035632
v 0.30534991 -0.41434995 0.09748252
v 0.31151854 -0.38856196 0.18232221
v 0.31210969 -0.38490022 0.16022397
v 0.31046788 -0.38120553 0.17684825
v 0.30667543 -0.32491031 0.27256546
v 0.30133014 -0.31274362 0.27909227
v 0.29800270 -0.27275552 0.22867261
v 0.30633687 -0.28485713 0.25480781
v 0.30558394 -0.17288614 -0.02149352
v 0.31189106 -0.16957140 -0.00104798
v 0.30435809 -0.16668714 0.19567830
v 0.29839635 -0.10347972 0.11283371
v 0.31414470 -0.16713930 0.15606032
v 0.31328998 -0.09935099 0.06820813
v 0.30045563 0.13105618 -0.00715198
v 0.30989069 0.11441156 -0.03607593
v 0.30887308 0.15183148 -0.13646401
v 0.31186947 0.19586821 -0.00169283
v 0.29906856 0.21642755 -0.02259557
v 0.31403406 0.22413895 -0.01405054
v 0.30679975 0.23160492 -0.01012654
v 0.30265659 0.31425671 -0.14622566
v 0.30603055 0.36528280 -0.14027791
v 0.30877883 0.40674587 0.11390396
v 0.30761111 0.42834442 0.12128815
v 0.30619177 0.41468525 -0.15482718
v 0.30169679 0.42579291 0.10640808
v 0.31552112 0.43558006 0.14070367
v 0.30970931 0.44764024 -0.13916345
v 0.29854841 0.45829133 -0.13833570
v 0.31590427 0.45353306 -0.12996343
v 0.31055332 0.46000128 0.08259693
v 0.30245911 0.45981741 -0.19153188
v 0.30260547 0.45203668 -0.17323232
v 0.30141798 0.46705486 0.12702831
v 0.31972961 0.46833607 -0.18314864
v 0.32140819 0.48747542 -0.15295394
v 0.30765647 0.49521509 0.11630603
v 0.31396678 0.53579737 0.10083306
v 0.30389926 0.55919454 -0.12403447
v 0.30963941 0.54549912 0.04488457
v 0.30789265 0.57370700 -0.00729041
v 0.29848280 0.57544095 -0.12575669
v 0.30873397 0.57959744 -0.05650251
v 0.30931068 0.57406871 -0.04112283
v 0.31876669 0.58738865 -0.09567065
v 0.30318577 0.58920255 -0.01589373
v 0.31976341 0.59801283 0.02929246
v 0.31205422 0.60919738 -0.04010993
v 0.30989195 -1.00047015 0.23233012
v 0.31082698 -0.99662112 0.24496231
v 0.32201054 -0.93477102 -0.01841977
v 0.31287824 -0.88367593 -0.04133070
v 0.31807893 -0.86842506 0.12163264
v 0.32210645 -0.85354880 -0.02243498
v 0.31812176 -0.85774116 0.13247162
v 0.31627076 -0.81560291 -0.00606859
v 0.31896639 -0.83945664 0.10567415
v 0.32055311 -0.83410843 0.07785601
v 0.31428708 -0.81616272 0.07615459
v 0.30937956 -0.77969015 -0.00196486
v 0.32294308 -0.77450562 0.04271495
v 0.31150365 -0.71991583 0.00342533
v 0.30351282 -0.68999689 0.09612079
v 0.31567261 -0.67544696 0.00614309
v 0.31313217 -0.63392127 -0.01474821
v 0.32843017 -0.59889638 -0.28506418
v 0.31303980 -0.59718940 0.11535195
v 0.31644149 -0.59528163 0.13493224
v 0.31504602 -0.60814570 0.00685529
v 0.31615179 -0.59125864 0.10387218
v 0.31168767 -0.56120739 0.03526819
v 0.31929668 -0.54150940 0.13232634
v 0.31962329 -0.53438263 0.03830896
v 0.31630927 -0.53781401 0.14136936
v 0.31166569 -0.54902422 0.15231710
v 0.32062157 -0.50158592 0.17186029
v 0.31082486 -0.51121474 0.07225847
v 0.31788011 -0.51693033 0.08468520
v 0.30708268 -0.55079237 0.16886408
v 0.31642250 -0.50770797 0.09600285
v 0.31758587 -0.48670867 0.11166211
v 0.31928633 -0.43472219 0.16632882
v 0.31082192 -0.41859680 0.17662260
v 0.31107221 -0.39945348 0.12859557
v 0.31730024 -0.38915368 0.17080945
v 0.32029479 -0.39252551 0.15464619
v 0.33684293 -0.39377070 -0.14287237
v 0.31915664 -0.36830727 0.24794237
v 0.32159666 -0.36127658 0.24032261
v 0.31175797 -0.35204396 0.25479036
v 0.31549140 -0.34674129 0.26163427
v 0.31051539 -0.34544729 0.24921152
v 0.30309769 -0.33437505 0.26354183
v 0.31561584 -0.32773169 0.24013041
v 0.31906028 -0.31372389 0.26879867
v 0.31940440 -0.29578645 0.24769425
v 0.32191931 -0.27861137 0.22761579
v 0.31226248 -0.25075801 0.22692286
v 0.31019980 -0.21591706 -0.04934568
v 0.34129587 -0.24108798 -0.03107943
v 0.30590040 -0.18975874 -0.03534340
v 0.30691797 -0.17251689 -0.04997955
v 0.32298964 -0.14513204 0.01668014
v 0.32250555 -0.12897160 0.04823806
v 0.31151374 -0.09178914 0.13991511
v 0.31140151 0.11079452 -0.05431303
v 0.31640199 0.10841477 -0.07386902
v 0.32183580 0.10427719 -0.02235053
v 0.31897410 0.13128314 0.00383858
v 0.31426437 0.14473435 0.01414257
v 0.31192785 0.16539394 0.01663637
v 0.31821914 0.16593620 -0.14021256
v 0.30882282 0.16572738 -0.12471296
v 0.33166742 0.17740654 -0.14856310
v 0.32468003 0.20252340 0.00541895
v 0.31677997 0.19219647 0.01720579
v 0.31199831 0.25029291 0.01062563
v 0.31481707 0.37220320 0.04235309
v 0.31212885 0.40439681 -0.15913318
v 0.30975896 0.40433697 0.10260124
v 0.32103998 0.40548033 0.11979976
v 0.31528999 0.43713660 0.12330347
v 0.33376945 0.44633575 0.05156439
v 0.31466518 0.44398022 0.14566035
v 0.31382820 0.45341068 0.06744787
v 0.30817185 0.45354949 -0.18285993
v 0.31897234 0.45734444 0.07385524
v 0.31809880 0.47238171 0.11599968
v 0.34563347 0.47916333 -0.16286365
v 0.30541834 0.51113603 -0.15158225
v 0.29100060 0.54446591 -0.14411720
v 0.32257517 0.54563900 -0.11993846
v 0.31816298 0.55397693 0.01972769
v 0.31060421 0.55205416 0.03508299
v 0.31833228 0.55411874 0.04323384
v 0.31381088 0.55002809 0.05101601
v 0.30750066 0.57535217 -0.05470615
v 0.31902847 0.57249288 -0.10196115
v 0.31851576 0.57891252 -0.05909808
v 0.33749288 0.57850275 -0.02017184
v 0.30193175 0.58693348 0.00815203
v 0.32981977 -0.99055646 -0.33393535
v 0.33688451 -0.98453199 -0.02000830
v 0.32745336 -0.90111829 -0.01299753
v 0.31478935 -0.89222306 0.13318098
v 0.33346624 -0.88381726 0.13547040
v 0.32589325 -0.87665939 0.12054785
v 0.33364254 -0.88324590 -0.02971624
v 0.32515478 -0.85022981 0.12780801
v 0.33105226 -0.83893740 0.04828154
v 0.32737657 -0.81028441 0.02677228
v 0.32406677 -0.77534861 0.03274328
v 0.32405430 -0.73689899 0.03542740
v 0.32350127 -0.74219580 0.04370316
v 0.32601288 -0.69026332 0.04420679
v 0.32289371 -0.72256688 0.03205118
v 0.32482974 -0.69191355 0.04961576
v 0.31609522 -0.65483022 -0.30185908
v 0.32690135 -0.64852121 -0.30873073
v 0.32933012 -0.63155765 0.04656339
v 0.32743612 -0.61114388 0.07315359
v 0.32697443 -0.59312936 -0.25946667
v 0.31872348 -0.56383812 0.06036729
v 0.32693713 -0.58444490 0.07492597
v 0.32105873 -0.58339490 0.09569703
v 0.32983001 -0.57489156 0.09967370
v 0.32454689 -0.58234547 0.11555582
v 0.32581747 -0.56910883 0.07632709
v 0.31981538 -0.55831570 0.14033919
v 0.32060337 -0.52766754 0.12732934
v 0.32830640 -0.52372009 0.07133523
v 0.32617914 -0.51499902 0.09052136
v 0.33318656 -0.50272444 0.12518773
v 0.32345137 -0.50020660 0.14373991
v 0.32436680 -0.48286793 0.19596138
v 0.31652212 -0.49425384 0.21868629
v 0.32776531 -0.47127914 0.18566653
v 0.32550102 -0.47215481 0.19578524
v 0.32464526 -0.45740500 0.12471186
v 0.30944482 -0.44193774 0.20239900
v 0.32533823 -0.45369362 0.16148050
v 0.32488618 -0.44289080 0.13016235
v 0.34749311 -0.45363663 -0.19532000
v 0.31889992 -0.42134377 0.12919047
v 0.32757339 -0.44124300 0.15219972
v 0.32289724 -0.40223780 0.15192080
v 0.32101871 -0.40135293 0.16277251
v 0.32555838 -0.37667282 0.24008155
v 0.32467625 -0.33903501 0.26404089
v 0.32298649 -0.29472383 -0.11779631
v 0.32651814 -0.27445864 0.17788776
v 0.31863344 -0.27799711 0.19493201
v 0.33071693 -0.22247690 0.16114300
v 0.32724733 -0.19655129 0.00129460
v 0.32801707 -0.17879917 0.08576822
v 0.32096107 -0.16407140 0.06020370
v 0.32676540 -0.14636987 0.15623971
v 0.31965543 -0.11240337 0.13593371
v 0.33213355 -0.15220665 0.14826799
v 0.32109957 0.11471682 -0.11006406
v 0.32801512 0.10933603 -0.09361466
v 0.32489372 0.11256022 -0.00291257
v 0.33130460 0.13886628 0.01482976
v 0.33019081 0.18650953 0.02631311
v 0.32975098 0.18479086 -0.14883059
v 0.32606973 0.23241704 -0.00726853
v 0.32386643 0.28852268 -0.15344375
v 0.31799928 0.39494129 0.10259063
v 0.33430456 0.39657383 0.08973785
v 0.32008176 0.39468413 0.11213083
v 0.31478538 0.40780214 0.09777196
v 0.32868665 0.39699684 0.11321858
v 0.31885000 0.42340118 0.05281909
v 0.32027545 0.42405904 0.11778810
v 0.31795449 0.44346523 -0.12313261
v 0.32668809 0.43613820 0.11338952
v 0.32833036 0.44249341 0.13843590
v 0.32234368 0.45312428 -0.16056146
v 0.33145330 0.44870866 -0.11557428
v 0.31795625 0.45658348 0.13900728
v 0.32579051 0.52352416 0.09072777
v 0.32952333 0.54269861 0.07381599
v 0.31576115 0.56786511 -0.06701572
v 0.31706583 0.55897842 -0.05778736
v 0.32575202 0.55248587 0.02917683
v 0.32050410 0.56126512 0.08861631
v 0.32366924 0.56990426 -0.06832480
v 0.32494663 0.57267813 0.06875325
v 0.33302553 -0.99511293 -0.32824737
v 0.31102531 -0.99703220 -0.00760390
v 0.33506778 -1.00023777 0.24767610
v 0.30792713 -0.99022487 0.07992909
v 0.32124506 -0.97792461 -0.02729559
v 0.33321336 -0.99338132 0.25540079
v 0.35185226 -0.92578966 0.20622110
v 0.32156764 -0.92231674 0.18153658
v 0.33659041 -0.90407711 -0.00191692
v 0.32954440 -0.89169667 -0.02966992
v 0.33405012 -0.87596860 0.11383573
v 0.33373701 -0.86831346 0.11472096
v 0.33210416 -0.86107022 0.12277262
v 0.33192370 -0.85306836 0.11396927
v 0.33253404 -0.84649593 0.06292072
v 0.32631447 -0.81228925 0.04062624
v 0.32560504 -0.65136289 -0.29435209
v 0.32400102 -0.64659439 -0.29067503
v 0.32932198 -0.64765398 0.05055870
v 0.32604242 -0.65610504 0.05854251
v 0.33047613 -0.61611375 0.06047801
v 0.33719389 -0.56060631 0.07796838
v 0.33563744 -0.56309068 0.09493183
v 0.32729873 -0.54786131 0.05694419
v 0.33188506 -0.53624221 0.11102882
v 0.33381547 -0.51581598 0.11418462
v 0.33296919 -0.50893818 0.10483229
v 0.32663470 -0.50287300 0.10116491
v 0.30534118 -0.47943617 -0.21085045
v 0.33340334 -0.49525240 0.11781683
v 0.33372438 -0.49001592 0.13076472
v 0.32858084 -0.48532471 0.11356283
v 0.33389154 -0.46611030 0.13716074
v 0.32740380 -0.47349784 0.15107686
v 0.33020361 -0.44453226 0.14113858
v 0.32987349 -0.38406228 0.24769257
v 0.33423064 -0.36550687 -0.15138736
v 0.32784651 -0.36659273 0.25509234
v 0.34150841 -0.36461859 -0.12144006
v 0.35238569 -0.33749095 -0.09300810
v 0.33450189 -0.33384697 0.25445290
v 0.33578881 -0.29394505 0.16445774
v 0.34839979 -0.27020036 -0.04769885
v 0.33119781 -0.22206475 0.18582076
v 0.32332487 -0.20368034 -0.02031408
v 0.32796808 -0.18411780 -0.03082346
v 0.32173964 -0.17406524 0.03033069
v 0.33460857 -0.19215542 0.05778397
v 0.32610770 -0.18069884 0.14162422
v 0.35057965 -0.20538961 0.15651812
v 0.32472253 -0.16493815 -0.01314036
v 0.33931048 -0.17045317 0.03448208
v 0.32669741 -0.13432649 0.08630587
v 0.32396472 0.16275726 -0.15065102
v 0.34098431 0.17353702 -0.16264018
v 0.32514203 0.22596163 -0.15509726
v 0.34040462 0.27421130 0.01697011
v 0.32964209 0.32291005 -0.14306699
v 0.32577954 0.34040223 0.03531124
v 0.34276062 0.34919943 0.02891115
v 0.33446617 0.39292942 0.10060062
v 0.32868400 0.40193208 -0.16719438
v 0.34187336 0.40512061 -0.14445366
v 0.33069027 0.39661670 0.04029014
v 0.33030885 0.44165879 -0.12887780
v 0.34465449 0.43571169 -0.10642215
v 0.33054460 0.44227017 0.11596653
v 0.34108352 0.44288631 0.12850795
v 0.34242342 0.45268964 -0.14712725
v 0.32702322 0.45994604 -0.18138969
v 0.35063013 0.45916949 -0.16525904
v 0.33017431 0.45639229 -0.16349145
v 0.33653313 0.47654472 0.10357808
v 0.32979404 0.53415528 -0.06762273
v 0.34196137 0.52555243 -0.07029472
v 0.33608564 0.54206899 -0.06980667
v 0.32254632 0.55718491 -0.02233603
v 0.32583182 0.54682102 0.01074821
v 0.33350903 0.55146927 0.02285176
v 0.32810338 0.56062828 0.07171790
v 0.32444272 0.56288929 0.03159762
v 0.33729368 0.56906579 -0.05713269
v 0.33214542 0.57828299 -0.04988832
v 0.33820283 0.57149985 0.00635341
v 0.33881091 0.58581714 0.03952094
v 0.32014554 0.60452185 -0.00878035
v 0.33306831 -0.98355187 -0.32699529
v 0.35117951 -0.96308897 0.26427309
v 0.33409403 -0.90686719 0.16630384
v 0.34628972 -0.89433800 -0.01887118
v 0.34202784 -0.89285800 0.15233353
v 0.34268813 -0.88354868 -0.01979903
v 0.34785071 -0.86761119 0.09872401
v 0.33775163 -0.84696950 0.01627398
v 0.33884408 -0.55323473 0.07878197
v 0.33557496 -0.52746515 0.09596177
v 0.33451566 -0.52568346 0.08877208
v 0.34542593 -0.47701305 -0.18784836
v 0.34659383 -0.41083855 0.23957177
v 0.34184228 -0.40993499 0.23143981
v 0.33131413 -0.39297597 0.23894045
v 0.33450817 -0.36879633 0.22850071
v 0.32817936 -0.34514226 0.22820524
v 0.36118175 -0.33917833 0.14852739
v 0.34141871 -0.28500793 0.19232133
v 0.35568376 -0.26562641 0.10732521
v 0.33711210 -0.26341266 0.19088525
v 0.33691009 -0.20818236 0.14833333
v 0.34076864 -0.18109829 0.15702818
v 0.34042232 -0.18221510 0.00713991
v 0.33676796 0.08496549 -0.03592994
v 0.34535316 0.08333655 -0.06014312
v 0.35933235 0.12857540 -0.13945704
v 0.32542440 0.15483543 -0.14918223
v 0.33439337 0.15652263 0.02866759
v 0.35111855 0.16879880 0.03377928
v 0.33464466 0.20242234 0.02042049
v 0.34938527 0.19271384 -0.15517056
v 0.33245744 0.22626018 -0.00614821
v 0.33691531 0.24003538 -0.15888297
v 0.34450102 0.23830936 -0.00395845
v 0.34624225 0.25377438 0.00692565
v 0.33534202 0.30361235 0.01312795
v 0.34190661 0.39339334 0.09824903
v 0.33012605 0.41281746 -0.17163485
v 0.34406303 0.40468514 0.10621251
v 0.34644616 0.43949201 -0.14745590
v 0.32314795 0.44720361 0.07658169
v 0.31980317 0.44368428 -0.16145797
v 0.34141384 0.44675944 -0.11217743
v 0.34252234 0.45103575 0.05090465
v 0.33457274 0.45352973 0.05861373
v 0.34736787 0.44962958 0.09904578
v 0.34555582 0.45984878 -0.15194815
v 0.33563574 0.49296673 -0.14032752
v 0.34180587 0.50931251 -0.06894745
v 0.34030680 0.51073092 -0.05682529
v 0.33986065 0.52253537 -0.00931702
v 0.34184261 0.52164114 0.01101727
v 0.33686675 0.53753615 0.01772764
v 0.34306328 0.54553510 0.01343808
v 0.34430172 0.56139810 0.00494732
v 0.34535917 0.56962903 -0.03788222
v 0.34366056 0.57765103 0.04228620
v 0.34216718 0.59547186 -0.06534666
v 0.34744696 -0.99475346 -0.32245966
v 0.34487236 -0.98356579 -0.20557783
v 0.35555883 -0.98376554 0.00638920
v 0.35298877 -0.97788534 0.01533898
v 0.31402608 -0.95391634 0.24296595
v 0.35935515 -0.92417746 0.03684139
v 0.34354799 -0.90893190 0.01256607
v 0.34547916 -0.90008583 -0.01367725
v 0.35658661 -0.90373100 0.00334154
v 0.35362395 -0.90358676 0.01668091
v 0.34999039 -0.89318892 0.15096622
v 0.35041493 -0.89973606 0.16462323
v 0.35908244 -0.89203436 -0.00204911
v 0.35246168 -0.87289387 0.01466643
v 0.34191107 -0.86161773 0.10349320
v 0.34791933 -0.39562908 0.22077145
v 0.37330220 -0.45349401 -0.17694696
v 0.34379062 -0.39215498 0.24748987
v 0.33984431 -0.35490732 0.25604895
v 0.34746951 -0.38348076 0.21529778
v 0.34705158 -0.21855138 0.11848172
v 0.34270202 -0.21796629 0.13679521
v 0.34219165 -0.20553085 0.07673176
v 0.34091455 -0.20465131 0.12850907
v 0.34859419 -0.18413048 0.07788049
v 0.34145263 -0.17250510 0.14116975
v 0.34650432 0.07634436 -0.00419534
v 0.34925039 0.11416720 -0.11213368
v 0.35209941 0.12094107 -0.12969878
v 0.33337315 0.11846238 -0.12346344
v 0.35311322 0.14654738 0.02453009
v 0.34884282 0.18484565 -0.16194948
v 0.35517851 0.20176124 -0.15727244
v 0.35258228 0.21166543 0.01326544
v 0.36556443 0.28291349 0.00720419
v 0.34393213 0.34582067 -0.13344722
v 0.36523318 0.30924860 -0.00054923
v 0.35477941 0.33070435 0.01301648
v 0.36197327 0.35939338 0.01539118
v 0.34632408 0.39260529 0.08787407
v 0.35171655 0.41020734 0.06670071
v 0.35192184 0.42592592 0.08873362
v 0.34111669 0.44302760 0.04278061
v 0.34846304 0.44110044 -0.11233244
v 0.34214164 0.44564551 0.05863699
v 0.35136086 0.44515262 0.11848194
v 0.33656034 0.45171848 0.13453092
v 0.33832243 0.46208695 0.12723947
v 0.34998255 0.48221639 0.09094877
v 0.34879071 0.49185929 -0.06992079
v 0.35059849 0.50380668 0.00477718
v 0.35684594 0.49236945 0.07770749
v 0.34858518 0.53504664 -0.05874869
v 0.34738945 0.56940584 -0.01426340
v 0.35036340 0.55439739 0.04017102
v 0.34514546 0.56659945 -0.08840470
v 0.34420593 0.58549555 -0.07827765
v 0.35038958 0.58969552 0.01680674
v 0.34915015 0.59802947 -0.02390228
v 0.36986530 -0.99515904 -0.30734048
v 0.36621255 -0.99424367 0.03647641
v 0.34833563 -1.00027236 0.25469524
v 0.36835678 -0.95390867 0.26759373
v 0.35654903 -0.90989815 0.18229264
v 0.35846244 -0.90166107 0.16719216
v 0.34948052 -0.88251870 0.08817210
v 0.34911313 -0.88779626 0.10227094
v 0.34261692 -0.88568047 0.13529512
v 0.35976563 -0.87610652 0.07297331
v 0.34247619 -0.85446006 0.03314412
v 0.35434678 -0.86782816 0.07582454
v 0.34928695 -0.64946435 -0.29048827
v 0.35080970 -0.64045854 -0.27826545
v 0.35435092 -0.63264322 -0.29847988
v 0.38117201 -0.57030701 -0.24464515
v 0.36666252 -0.46431402 -0.16437272
v 0.36507909 -0.39890140 -0.12288623
v 0.35129682 -0.41876830 0.22442174
v 0.36038182 -0.43559325 0.23152591
v 0.35696656 -0.41621938 0.23943901
v 0.36102430 -0.39816647 0.24290145
v 0.35193593 -0.36982339 0.24713745
v 0.33714294 -0.34509166 -0.11400558
v 0.34704255 -0.33948719 0.22972771
v 0.35097644 -0.28638512 0.16763309
v 0.34703485 -0.28247776 0.13367662
v 0.35820622 -0.26829965 -0.02748705
v 0.35184246 -0.24069449 -0.04888551
v 0.35184938 -0.23101351 0.07500674
v 0.35026438 -0.23135537 0.15940145
v 0.34756153 -0.21714609 0.02734104
v 0.36120071 -0.20963827 0.12510768
v 0.35698275 -0.20160294 0.14199471
v 0.35951436 0.05308224 -0.00046791
v 0.35640866 0.06319397 -0.02813967
v 0.35445369 0.07518998 0.01352486
v 0.35282357 0.09763132 0.02092531
v 0.36679497 0.14787289 -0.15381732
v 0.35844123 0.15278198 0.02664685
v 0.35114346 0.16822992 -0.16405242
v 0.35893443 0.18357722 -0.17392427
v 0.35529279 0.20419515 0.02986251
v 0.35837409 0.23294260 -0.00395125
v 0.35096532 0.25216262 -0.15935585
v 0.36989239 0.25059442 -0.00645232
v 0.36769625 0.32085845 -0.13197481
v 0.36360164 0.34007950 0.00682934
v 0.36070553 0.39290911 0.08445658
v 0.35141215 0.39640176 0.09854805
v 0.34763838 0.39960227 -0.15088619
v 0.35054348 0.41071576 -0.11197642
v 0.36644111 0.41278313 -0.15099155
v 0.35677202 0.42680946 -0.09662845
v 0.36683408 0.43629929 -0.13369246
v 0.35614322 0.44097470 -0.09680856
v 0.35762647 0.44408560 -0.08769146
v 0.36416867 0.43776809 0.01305148
v 0.34963506 0.44362157 0.09240514
v 0.36882569 0.45308259 -0.12434112
v 0.35621283 0.44860519 0.02992889
v 0.35798236 0.44787486 0.03520204
v 0.36007899 0.44798882 0.11083828
v 0.35812694 0.45172650 0.12014936
v 0.34953649 0.46001253 -0.14453323
v 0.35569215 0.47590779 -0.07025737
v 0.35728055 0.46799838 -0.06606049
v 0.35816455 0.48570746 -0.07091325
v 0.35433016 0.48018547 -0.03660748
v 0.35599858 0.49954544 -0.12219565
v 0.36264625 0.49444027 -0.06051300
v 0.36004293 0.49080640 0.00317658
v 0.35798521 0.50570885 0.00539674
v 0.34998849 0.50571881 -0.07013207
v 0.35016681 0.51590676 0.01212030
v 0.35895269 0.52824765 -0.04156018
v 0.35306523 0.55408430 -0.02022015
v 0.36275349 0.57693009 0.00762828
v 0.35601741 0.58555493 -0.05929486
v 0.35055804 0.59685769 -0.04803140
v 0.35759951 0.59362210 -0.03560464
v 0.35936339 0.59085516 -0.00931667
v 0.36293789 -0.99449821 0.01014024
v 0.37116551 -0.99342093 0.27107272
v 0.35530273 -0.98559828 -0.32037813
v 0.39576906 -0.99529354 0.09722809
v 0.27583977 -0.98332915 -0.28656148
v 0.37357600 -0.98350365 -0.00966145
v 0.37403806 -0.97031228 0.04609280
v 0.35996110 -0.90799003 0.04169525
v 0.35783898 -0.90012049 -0.00498852
v 0.35981827 -0.90265678 0.02972806
v 0.36036753 -0.90245330 0.03771005
v 0.36462698 -0.90195724 0.07131555
v 0.35760105 -0.89928321 0.15216400
v 0.36707385 -0.89779315 0.00637850
v 0.36509257 -0.88799939 0.05253270
v 0.35887714 -0.89934250 0.05050603
v 0.35737248 -0.88855064 0.06560981
v 0.36074950 -0.64683216 -0.28433514
v 0.37998234 -0.63947025 -0.26392741
v 0.38455819 -0.62531372 -0.27982821
v 0.36781354 -0.58821959 -0.26257475
v 0.36102465 -0.44313216 0.22457846
v 0.36655903 -0.41570971 0.23900749
v 0.36946457 -0.43138116 0.20937007
v 0.36000009 -0.38313174 0.23939975
v 0.36200329 -0.36368184 -0.10596063
v 0.37052434 -0.34266161 -0.10558521
v 0.35837968 -0.30269863 0.12045293
v 0.37039259 -0.31815133 -0.05611607
v 0.35946753 -0.27605264 0.14263912
v 0.36278213 -0.26020928 0.00703933
v 0.36817833 -0.27886207 0.06172402
v 0.35380344 -0.22620737 0.05357073
v 0.36770549 -0.24063987 0.11181406
v 0.35925811 -0.21126274 0.14090494
v 0.35660935 -0.20127813 0.02344393
v 0.36216827 -0.21291683 0.08220122
v 0.36601851 -0.09949802 0.14842855
v 0.35878971 -0.08926353 0.13492263
v 0.36144385 -0.07728163 0.12692795
v 0.36538469 -0.05805172 0.13472643
v 0.36241553 0.01768028 0.01355365
v 0.36525025 0.03619810 0.00495459
v 0.35344101 0.09108895 -0.08536694
v 0.36936662 0.10429275 0.03327088
v 0.36548638 0.11394417 -0.11396887
v 0.36548639 0.11982495 -0.12182879
v 0.35749725 0.19085490 -0.16887582
v 0.36033952 0.19432924 -0.16034149
v 0.36490660 0.21275522 0.03004243
v 0.37610993 0.21326195 -0.15785516
v 0.35320431 0.23480369 -0.16028714
v 0.34315798 0.28263909 -0.15373461
v 0.36649803 0.26681743 0.00375825
v 0.38318612 0.32959403 -0.11832787
v 0.36913837 0.35782194 -0.11643676
v 0.36738041 0.39144135 -0.10389883
v 0.36134935 0.39340697 0.07094412
v 0.35390435 0.40401003 -0.15796281
v 0.37366763 0.40275865 -0.12244045
v 0.36443163 0.42210973 -0.11525190
v 0.36400836 0.43779503 -0.09584769
v 0.36350168 0.45086965 -0.06495295
v 0.38131025 0.46279988 -0.11199928
v 0.36200500 0.45583510 -0.07099651
v 0.36033339 0.45382796 0.08542246
v 0.35813564 0.45169239 0.09778724
v 0.36643277 0.46100057 -0.01040579
v 0.35854548 0.47880895 -0.01056717
v 0.36870279 0.48652773 -0.01050019
v 0.35925613 0.51520112 0.00087027
v 0.36192659 0.52479974 -0.02296439
v 0.37902841 0.50313769 -0.09769409
v 0.37296666 0.55471233 0.00280893
v 0.36012516 0.55740252 -0.07868245
v 0.36384368 0.58563461 -0.03605898
v 0.36575838 0.58399308 -0.01455110
v 0.45413409 -0.99484151 -0.11663782
v 0.40624156 -0.99858250 0.13949110
v 0.37777365 -0.99972717 0.18902835
v 0.36728445 -0.99945314 0.26310986
v 0.37754465 -0.98388663 0.03078815
v 0.36415297 -0.98017703 0.02851654
v 0.38150176 -0.92991978 0.06347318
v 0.37165699 -0.93428482 0.23147297
v 0.37116678 -0.91727223 0.05454179
v 0.38107566 -0.91920448 0.20243718
v 0.37078516 -0.91004849 0.17213037
v 0.36662810 -0.91005164 0.18318264
v 0.36925962 -0.90311535 0.01916918
v 0.37015923 -0.89042477 0.03270638
v 0.36270808 -0.87716789 0.05184343
v 0.34971314 -0.64079880 -0.30221965
v 0.38416711 -0.64174182 -0.27423769
v 0.35709082 -0.54762107 -0.22259658
v 0.38718573 -0.51727962 -0.18471974
v 0.37659037 -0.49573223 0.21580868
v 0.37678993 -0.47952647 0.20781581
v 0.36840023 -0.46076197 0.21710973
v 0.37059969 -0.46516604 0.22410838
v 0.37553708 -0.45303618 0.22985152
v 0.37727885 -0.42063762 0.23359782
v 0.36611661 -0.35281295 -0.11698551
v 0.37838093 -0.37304930 -0.11812052
v 0.37175463 -0.38538513 0.20709614
v 0.37521175 -0.35962942 -0.08642696
v 0.35978990 -0.33042313 0.18778132
v 0.37103024 -0.29626886 0.12702256
v 0.38060961 -0.30521269 0.03434292
v 0.35698443 -0.23426384 -0.03277869
v 0.37299783 -0.25872539 0.09361401
v 0.37028969 -0.22285385 0.05349401
v 0.36215409 -0.10121738 0.13506750
v 0.37097918 -0.09691684 0.11769978
v 0.37112451 -0.05761245 0.10953464
v 0.36622523 -0.04696388 0.12260899
v 0.36911146 -0.04786138 0.11051036
v 0.37281795 -0.02710441 0.12503470
v 0.36625743 0.00426882 0.00015019
v 0.37367562 -0.00263173 -0.00636250
v 0.36604629 0.01196669 -0.01407614
v 0.37358868 0.00778645 0.03947266
v 0.37219820 0.01482161 -0.02814404
v 0.36343680 0.01966815 -0.00460068
v 0.36330989 0.02669423 0.02141757
v 0.37243624 0.02455356 0.05612736
v 0.37201098 0.03142273 -0.01727844
v 0.36699754 0.04252622 0.02541468
v 0.36914528 0.04039125 0.04854699
v 0.37526403 0.04607692 0.06045285
v 0.36738295 0.08015887 -0.07694465
v 0.36827407 0.10027632 -0.10058954
v 0.36587256 0.11396887 -0.11396887
v 0.37334630 0.11396887 -0.11352728
v 0.38089895 0.12368712 -0.13068141
v 0.38085335 0.12258985 -0.12145278
v 0.37334630 0.11445328 -0.11396887
v 0.38909204 0.12927988 -0.13775652
v 0.37434010 0.16343754 0.02859190
v 0.37346007 0.18091941 0.03437951
v 0.36741361 0.18493666 -0.17635731
v 0.37742106 0.20199192 0.04371234
v 0.37190966 0.20248440 -0.17152188
v 0.37003374 0.21180464 0.03748417
v 0.37377106 0.30565778 -0.01763353
v 0.37852638 0.35643377 -0.00544327
v 0.37833561 0.35593928 -0.10472498
v 0.35880159 0.41124421 0.01774881
v 0.37617001 0.39468591 0.05354296
v 0.37334630 0.39265203 0.07466926
v 0.36676018 0.39768973 -0.13931476
v 0.36649226 0.42262621 0.07550040
v 0.37358203 0.42343288 -0.04606586
v 0.37636132 0.43634951 0.05933018
v 0.36979878 0.43660833 -0.00123840
v 0.36877613 0.44331146 -0.01913990
v 0.37092021 0.44287983 0.00002346
v 0.36589618 0.44512619 0.01134917
v 0.36548959 0.44763340 0.02126119
v 0.36526669 0.45916315 -0.07661701
v 0.36710215 0.45260460 -0.01895119
v 0.37306228 0.45304107 0.06649307
v 0.37326233 0.45214584 -0.06669754
v 0.37313553 0.45738009 -0.01235573
v 0.37273655 0.46669146 -0.01882758
v 0.35580426 0.46732684 -0.16831687
v 0.36560976 0.46333780 -0.13723192
v 0.37519657 0.46484260 -0.03893450
v 0.36653327 0.46865385 -0.06825560
v 0.36693392 0.47023476 0.10547151
v 0.37072752 0.49562538 -0.03617536
v 0.35526584 0.53774736 -0.09972373
v 0.38853568 -0.99463413 -0.29488047
v 0.36961560 -1.00135108 0.23966607
v 0.38885312 -0.99558059 0.27631159
v 0.38960288 -0.98296681 0.05168853
v 0.39245773 -0.96315521 0.28173284
v 0.40586953 -0.93654037 0.24988823
v 0.38031014 -0.59566028 -0.23649620
v 0.37779073 -0.50571078 0.20721177
v 0.38530302 -0.50294177 0.21748972
v 0.37786229 -0.44672888 0.20285460
v 0.38161261 -0.44014976 0.23221874
v 0.37179754 -0.40467982 0.23165721
v 0.37192965 -0.29699771 -0.02890259
v 0.36681803 -0.29155619 0.09011918
v 0.37488377 -0.29040215 0.00234378
v 0.38886675 -0.32400843 0.01006206
v 0.37080229 -0.26681419 0.11287520
v 0.38384836 -0.29068563 0.09098078
v 0.37995896 -0.26031096 0.05548462
v 0.37913010 -0.16230150 0.03716801
v 0.38069906 -0.15093613 0.03148891
v 0.37965588 -0.11022608 0.13429465
v 0.38790233 -0.07000342 0.10667576
v 0.36841217 -0.07670870 0.14761242
v 0.39008592 -0.05521584 0.14703373
v 0.37832480 -0.04275758 0.09317556
v 0.37677611 -0.04471053 0.13931481
v 0.37362499 -0.02212387 0.08718427
v 0.38356666 -0.02141168 0.13138746
v 0.37920837 -0.00373898 0.07558749
v 0.37050630 -0.02248934 0.10756946
v 0.37963121 -0.00511626 -0.02283627
v 0.38226486 0.00359756 0.09063752
v 0.37413188 0.00388419 -0.02872620
v 0.38966221 -0.00406260 -0.00718480
v 0.38173338 0.00239342 0.02034978
v 0.37880408 0.01332915 0.05278431
v 0.37794317 0.05684453 0.04190938
v 0.37298385 0.05708567 -0.04727592
v 0.38366256 0.07320411 -0.07534633
v 0.37755013 0.09662256 -0.09771227
v 0.38125269 0.11590491 -0.11400233
v 0.38080672 0.15899559 0.02848817
v 0.37879704 0.16797021 -0.16362097
v 0.38183698 0.18793727 0.04413819
v 0.38339956 0.19848204 -0.18159025
v 0.36955921 0.19859794 -0.17912364
v 0.38492773 0.21055417 -0.16027357
v 0.38136757 0.21948314 0.03620225
v 0.40105891 0.22853174 -0.15382742
v 0.40464047 0.24491778 -0.15074314
v 0.37799674 0.24434136 -0.00887695
v 0.39529678 0.26052962 -0.02014857
v 0.38061718 0.28290541 -0.14408324
v 0.38684414 0.31937984 -0.01657905
v 0.37424225 0.40231065 -0.00702623
v 0.37899832 0.39714570 -0.02377593
v 0.38154596 0.36374995 -0.08480297
v 0.37881656 0.39111212 0.06426225
v 0.38533819 0.39687286 0.07071489
v 0.38650323 0.40216313 -0.13410476
v 0.37844822 0.40510471 0.07843015
v 0.37358604 0.43684378 0.01986565
v 0.39532931 0.43120243 -0.10385274
v 0.37343183 0.44261334 0.01167477
v 0.38003469 0.45081528 -0.02853351
v 0.38752325 0.46058053 0.05079945
v 0.38510210 0.46189891 0.05955756
v 0.37777964 0.45353286 0.08730457
v 0.37957222 0.45296546 0.09389706
v 0.36640993 0.45896916 0.11446924
v 0.36852725 0.46115307 -0.15011140
v 0.38093864 0.46766457 0.09822536
v 0.36768461 0.48501006 0.07542817
v 0.39739425 0.48880700 -0.11265142
v 0.38094562 0.49296192 0.04978597
v 0.35436271 0.49157115 -0.13377546
v 0.38939105 0.49644928 -0.09376718
v 0.37227119 0.54498191 -0.07068127
v 0.39748060 0.51060722 -0.05435284
v 0.38253593 0.54729766 -0.01641301
v 0.32673802 -0.99468021 -0.10646250
v 0.38528049 -0.98597699 -0.30063907
v 0.40472248 -0.95460581 0.28478548
v 0.38447662 -0.91981847 0.07645304
v 0.38306373 -0.63273088 -0.28306368
v 0.38989252 -0.63603135 -0.25628571
v 0.40186022 -0.57270917 -0.23292701
v 0.38511905 -0.53515345 0.20023606
v 0.38478754 -0.52985944 0.20788192
v 0.39763207 -0.53140658 0.18706891
v 0.39303334 -0.49274331 0.18945674
v 0.40646001 -0.45287889 -0.14646956
v 0.38994550 -0.44308770 0.22607896
v 0.38501590 -0.42741958 0.22416847
v 0.38380295 -0.37705214 0.12622326
v 0.38894847 -0.34714367 -0.05058910
v 0.37146460 -0.28831879 -0.06124239
v 0.38325779 -0.31941165 0.07994210
v 0.37038727 -0.23784197 0.00573125
v 0.38007510 -0.17360765 0.07463650
v 0.38926741 -0.18406109 0.07797386
v 0.38492330 -0.17095568 0.08446612
v 0.38055723 -0.16161114 0.02754934
v 0.38498302 -0.17616467 0.06339332
v 0.38440819 -0.15722880 0.06697029
v 0.38715838 -0.15746206 0.07576174
v 0.38382405 -0.14843824 0.04109204
v 0.39276993 -0.15132377 0.05304182
v 0.38477168 -0.10794773 0.14725083
v 0.38575086 -0.09566861 0.15603323
v 0.39640899 -0.02836003 0.13838642
v 0.38045939 -0.02349904 0.07359130
v 0.38596812 -0.00584642 -0.03466130
v 0.39609007 -0.00715458 -0.01630601
v 0.38623390 0.00579459 0.04630234
v 0.38271617 -0.00528748 0.11361691
v 0.39199127 0.00332072 -0.04911735
v 0.38480181 0.00760594 0.05850360
v 0.39179851 0.01151592 -0.05010120
v 0.38763552 0.01914613 0.06883202
v 0.39545672 0.06503626 0.05421311
v 0.39700716 0.10592123 0.04329273
v 0.38667621 0.12478402 0.03522401
v 0.39265364 0.13811574 0.03455566
v 0.38470164 0.16590138 0.04502936
v 0.38851193 0.20901152 0.03715691
v 0.38509946 0.20988339 -0.18470854
v 0.39008060 0.21669835 -0.18479686
v 0.39014079 0.22248044 -0.17707595
v 0.39468615 0.22269650 -0.15571660
v 0.37983789 0.22396578 0.01064311
v 0.38141068 0.22864335 0.02346211
v 0.39064935 0.22761279 0.02866514
v 0.38742177 0.23268634 0.00135781
v 0.39373729 0.24082353 0.00805714
v 0.39751077 0.24507731 -0.00989471
v 0.37328180 0.27153286 -0.00193629
v 0.39184015 0.33884853 -0.02119976
v 0.38643214 0.36849560 -0.03891181
v 0.39034572 0.35612371 -0.05164693
v 0.37922838 0.39446400 -0.05660879
v 0.38678478 0.36181767 -0.02921673
v 0.38207983 0.39700075 -0.12157910
v 0.39576535 0.39663159 0.02592524
v 0.38865486 0.39128967 0.04601414
v 0.38906616 0.39218548 0.05894941
v 0.38415662 0.42659063 -0.07967762
v 0.38929890 0.43145433 -0.02278017
v 0.37810350 0.45828173 0.07248972
v 0.39758163 0.45765404 0.06615837
v 0.38954298 0.45438104 0.08098160
v 0.38957510 0.45931649 0.09088303
v 0.37969163 0.46694503 -0.14988153
v 0.38702718 0.46684883 -0.11695003
v 0.39189292 0.46793267 -0.10543762
v 0.38530579 0.47580350 -0.14492805
v 0.39134410 0.48159545 0.06644409
v 0.39753782 0.49960788 -0.07085427
v 0.39270759 0.50123419 0.02308525
v 0.38294293 -0.99502581 -0.28892968
v 0.45741318 -0.99479835 -0.19706596
v 0.39614221 -0.98340354 -0.28479226
v 0.38859975 -0.97877525 0.05966967
v 0.40524714 -0.94883642 0.27761757
v 0.38939512 -0.92142692 0.10261439
v 0.39523708 -0.92349571 0.14854436
v 0.38478415 -0.91986914 0.19329871
v 0.39297169 -0.92665764 0.22181969
v 0.39553514 -0.63989243 -0.26449306
v 0.40688579 -0.63379882 -0.26428503
v 0.39855213 -0.57822304 -0.21397682
v 0.39210545 -0.56003304 0.19316471
v 0.39974682 -0.57492820 0.18530343
v 0.38420091 -0.50357388 -0.20309290
v 0.39686854 -0.54303118 0.20808949
v 0.39514097 -0.49251286 0.22016185
v 0.39162663 -0.47064816 0.22476455
v 0.39650337 -0.43193812 0.19124637
v 0.39058284 -0.29523402 0.06757197
v 0.39584282 -0.18902217 0.11013454
v 0.39472280 -0.18659598 0.12064504
v 0.39923365 -0.18428382 0.08239237
v 0.40064578 -0.17974472 0.09039345
v 0.39376869 -0.17666470 0.09073602
v 0.39459470 -0.17813285 0.09795680
v 0.39078822 -0.17676203 0.11142471
v 0.39839572 -0.16885796 0.02846546
v 0.38748701 -0.16575695 0.04963838
v 0.39402819 -0.16895853 0.09204580
v 0.39587995 -0.16846509 0.11978277
v 0.38751897 -0.14934694 0.01816227
v 0.39507269 -0.13709034 0.02243298
v 0.39387667 -0.10734252 0.13526852
v 0.39227368 -0.10018001 0.11991421
v 0.38369013 -0.09751985 0.11529666
v 0.40059240 -0.08704422 0.14821286
v 0.40047682 -0.06311319 0.14653400
v 0.39420419 -0.05741962 0.09657914
v 0.39720655 -0.02838210 0.04867618
v 0.40958678 -0.04879904 0.06147277
v 0.39640074 -0.01046198 -0.00577346
v 0.40119884 -0.02012544 -0.00266701
v 0.39056123 -0.00022632 0.03201155
v 0.40423400 -0.00825274 -0.02800419
v 0.39898444 0.00174981 0.11491914
v 0.40029000 0.01977515 0.08894811
v 0.39580379 0.02678624 0.07687755
v 0.39397097 0.04562198 0.07906570
v 0.38824458 0.02896843 -0.03763714
v 0.40377240 0.08567392 -0.08996885
v 0.40082502 0.10229909 -0.11644666
v 0.39575420 0.12033015 -0.13010317
v 0.39621873 0.13513304 0.04084853
v 0.39786920 0.14487795 -0.14482395
v 0.39193968 0.15190744 0.05098853
v 0.38501118 0.16334940 0.03323007
v 0.39547861 0.17641306 0.04584151
v 0.39920281 0.18504917 0.03745636
v 0.39691148 0.20829019 -0.18047364
v 0.40134686 0.22378900 -0.16104325
v 0.39562931 0.21852946 0.02812275
v 0.39299543 0.23509171 0.02145270
v 0.40162566 0.24391117 0.01313268
v 0.39370642 0.31077949 -0.12171684
v 0.39071431 0.30569821 -0.02776665
v 0.39090814 0.39677447 -0.12137079
v 0.39707696 0.39145652 0.04864857
v 0.39077848 0.40331792 -0.13073171
v 0.39764663 0.39799239 -0.09550022
v 0.39137906 0.42292686 -0.06624107
v 0.39370226 0.42672191 0.03868944
v 0.39376312 0.45495060 0.03596042
v 0.39006693 0.45805590 -0.09856312
v 0.39956216 0.45852230 -0.08166573
v 0.40357410 0.46707327 -0.12435931
v 0.40025439 0.46472029 -0.11838732
v 0.39661275 0.46413937 0.03986073
v 0.41462477 0.46830490 0.06104596
v 0.39556246 0.45981832 0.08312081
v 0.39565830 0.47575148 0.07610559
v 0.40578586 0.50107846 -0.04337449
v 0.38859909 0.53537546 -0.03314199
v 0.40125212 -0.99866963 0.27521536
v 0.41794140 -0.98612404 -0.27537580
v 0.39520290 -0.99347518 0.05331977
v 0.41184309 -0.63332188 -0.24038999
v 0.40891278 -0.62010948 0.18436104
v 0.40533285 -0.60432415 0.18032563
v 0.40878510 -0.58908785 0.19587743
v 0.40034685 -0.58990565 0.19139101
v 0.39251083 -0.55970539 0.20077287
v 0.40280364 -0.51938657 0.21281526
v 0.39465996 -0.47934429 0.18170322
v 0.40493405 -0.48405800 0.20723182
v 0.40245716 -0.49566091 0.21530006
v 0.39675406 -0.46742060 0.22028767
v 0.38126663 -0.42349142 0.17436453
v 0.39851958 -0.41949220 -0.10554508
v 0.40749425 -0.44393108 0.17086321
v 0.40919301 -0.39478587 -0.06692279
v 0.39707893 -0.36377947 0.08495772
v 0.40486490 -0.34936148 0.03770999
v 0.40111597 -0.34425831 0.05894021
v 0.39330963 -0.31857981 -0.05546503
v 0.39994383 -0.30816887 0.02159636
v 0.40779193 -0.18982903 0.10485769
v 0.40686469 -0.17657113 0.13604494
v 0.38801542 -0.17082969 0.03613998
v 0.40950300 -0.17042862 0.05161969
v 0.39882383 -0.18121494 0.06400864
v 0.41054040 -0.16616463 0.04280499
v 0.39675230 -0.15947980 0.01435860
v 0.39479864 -0.16482558 0.10643525
v 0.40061347 -0.13870367 0.01019032
v 0.40447634 -0.09562966 0.13295321
v 0.39805714 -0.09887371 0.14669308
v 0.40542683 -0.08355503 0.12192236
v 0.40572832 -0.08567816 0.14070021
v 0.39758600 -0.08223167 0.11420837
v 0.39328322 -0.05006647 0.08685807
v 0.39866381 -0.04403522 0.07390448
v 0.40516042 -0.04067239 0.04186226
v 0.40616594 -0.02283621 -0.01664222
v 0.39239184 0.05340000 -0.05945415
v 0.41896418 0.05425782 -0.06835134
v 0.39910134 0.08059122 0.05111703
v 0.40935313 0.08667218 -0.10714427
v 0.40734797 0.09746078 0.04923989
v 0.39461437 0.10306969 -0.10262735
v 0.40229413 0.11323526 0.04468788
v 0.40464697 0.11621272 0.05972320
v 0.40428055 0.12307476 -0.12895435
v 0.39754451 0.13719081 0.05406494
v 0.40884577 0.18033797 -0.15122922
v 0.39172662 0.15759539 -0.15344763
v 0.39663219 0.18789413 -0.16518380
v 0.41013476 0.23905624 0.01197132
v 0.41158199 0.23953544 -0.18523071
v 0.40699690 0.25556706 -0.01962325
v 0.40910416 0.25898505 -0.00786548
v 0.41028256 0.25359854 0.00358000
v 0.40543446 0.26457337 -0.02854978
v 0.39225403 0.28259221 -0.01545804
v 0.39977998 0.31059732 -0.10781357
v 0.40237318 0.31398014 -0.08442921
v 0.40351648 0.31304175 -0.07033812
v 0.40400909 0.31902802 -0.05019261
v 0.40065871 0.32973514 -0.03129775
v 0.41059476 0.39378931 -0.08940876
v 0.40379658 0.39474441 0.01118592
v 0.40299937 0.39011330 0.03207700
v 0.40919149 0.39509217 -0.07802010
v 0.38559592 0.42406406 0.00987811
v 0.39382852 0.41304425 -0.12571187
v 0.40191014 0.43605312 -0.08843870
v 0.41036980 0.43509494 -0.06126368
v 0.40305077 0.45014556 0.01243997
v 0.40436246 0.46582179 0.01559796
v 0.40587987 0.45876806 0.06682859
v 0.40178456 0.46899257 -0.08681409
v 0.40818106 0.46247495 0.04107668
v 0.38901953 0.48511055 -0.12998587
v 0.39910959 0.49060035 0.03026123
v 0.41535466 -0.99498901 -0.27362024
v 0.42799155 -0.99543860 0.28859201
v 0.41357575 -0.98402001 0.06455856
v 0.40584264 -0.94322707 0.08662496
v 0.40684819 -0.93333436 0.23118927
v 0.41722782 -0.57909907 0.19818661
v 0.41151897 -0.55752067 0.17255843
v 0.41017198 -0.50593476 -0.18319489
v 0.40749404 -0.52557010 0.17251428
v 0.41837573 -0.51620829 0.18739470
v 0.41320056 -0.53034205 0.20474285
v 0.41088111 -0.44259825 0.11422595
v 0.39740645 -0.38377087 -0.07920908
v 0.40261633 -0.39005922 0.13835376
v 0.39668015 -0.35538808 -0.03554960
v 0.40417311 -0.33386922 0.08769742
v 0.40904266 -0.35624674 -0.06450554
v 0.41253008 -0.34012102 -0.00441704
v 0.39141264 -0.30492378 -0.04090503
v 0.40770492 -0.19369018 0.12072764
v 0.41058772 -0.18320951 0.13511853
v 0.41422609 -0.18693291 0.14570038
v 0.41964120 -0.17592842 0.08839996
v 0.41050006 -0.17750138 0.15529676
v 0.40898057 -0.16738249 0.13282422
v 0.41638219 -0.16611100 0.15766450
v 0.40519217 -0.17402405 0.14586624
v 0.40445447 -0.16139624 0.12047704
v 0.41141129 -0.14897109 0.00605818
v 0.40317790 -0.15923788 0.09055871
v 0.41479612 -0.13312431 0.00175493
v 0.41608776 -0.13457092 0.06165753
v 0.41487155 -0.12023159 0.01442965
v 0.40436354 -0.13424930 0.03244270
v 0.41057244 -0.06316631 0.11260060
v 0.41292528 -0.06742051 0.12623296
v 0.41936993 -0.06735395 0.02815967
v 0.41172775 -0.05682997 0.10079323
v 0.41372389 -0.05400973 0.13422158
v 0.41427577 -0.00898168 -0.03445481
v 0.40577513 -0.00488317 -0.05122274
v 0.41819860 0.03363181 0.08462047
v 0.41380258 0.06478592 -0.07694746
v 0.41245128 0.07256590 -0.09459917
v 0.41024647 0.10275868 -0.11723334
v 0.41221806 0.11943013 0.06378393
v 0.41513697 0.13896212 -0.12374399
v 0.40827568 0.13628108 0.05838020
v 0.41226760 0.16980107 0.02822880
v 0.40759554 0.15895417 0.04783165
v 0.41200808 0.24783077 -0.17716668
v 0.41842183 0.26290532 -0.03394907
v 0.41825005 0.27117943 -0.04923346
v 0.40692336 0.29774660 -0.05560024
v 0.41326106 0.29648149 -0.08537364
v 0.41206177 0.39540664 -0.01969608
v 0.41282804 0.39016547 0.00203593
v 0.41270259 0.38950360 0.01547683
v 0.40890387 0.38884325 0.02380598
v 0.40636168 0.39571212 0.04637407
v 0.41353050 0.39608105 -0.04690036
v 0.39997517 0.40485390 0.05417401
v 0.41664698 0.41192184 -0.09357602
v 0.40421913 0.42750304 0.01908166
v 0.40882333 0.45437381 -0.01594801
v 0.40806265 0.45701976 -0.05014179
v 0.40648287 0.45954831 0.00192252
v 0.41100290 0.45923000 0.04902613
v 0.41730098 0.46567572 -0.09738991
v 0.40902876 0.46763868 0.01822379
v 0.41075101 0.47534996 -0.11692959
v 0.41154978 0.46945518 -0.04948217
v 0.41258091 0.46829062 -0.01475654
v 0.41911472 0.47604037 0.04742288
v 0.42657305 0.49084637 -0.04299551
v 0.40549557 0.50046799 -0.00775018
v 0.41358006 0.49373735 -0.00933079
v 0.40242166 -0.93429573 0.08702041
v 0.41803103 -0.93754044 0.10742861
v 0.42325581 -0.67161254 0.16907966
v 0.41383558 -0.65053434 0.16912412
v 0.42205135 -0.66973273 0.16009496
v 0.41552084 -0.64961474 0.17643212
v 0.43512817 -0.63257621 -0.22626496
v 0.41467338 -0.62336370 -0.26076236
v 0.42269776 -0.63065051 0.18520866
v 0.40856953 -0.62495684 0.17593642
v 0.42399128 -0.57676445 0.15590621
v 0.41098796 -0.55141847 0.20507928
v 0.42631586 -0.46571855 -0.11038511
v 0.43163326 -0.48180765 0.09521380
v 0.43622529 -0.44241330 -0.10865968
v 0.40393336 -0.36947494 -0.08915526
v 0.41026005 -0.36818964 -0.07834563
v 0.41543156 -0.37152970 0.04986422
v 0.42433598 -0.38978444 0.02939737
v 0.42842368 -0.39806799 -0.07644116
v 0.42688320 -0.35476354 0.03761411
v 0.41427907 -0.33544542 0.06108795
v 0.42496234 -0.17699506 0.16201018
v 0.42648776 -0.14138993 0.00111433
v 0.42203465 -0.12760646 0.03909280
v 0.42042703 -0.10987542 0.00734961
v 0.41459391 -0.06556536 0.00915669
v 0.41949183 -0.06542290 -0.01307741
v 0.41985411 -0.05989489 0.10388878
v 0.42023580 -0.05382007 -0.01951723
v 0.42099902 -0.05810338 0.11387566
v 0.41975327 -0.05561646 0.12166561
v 0.41438420 -0.03302891 0.13448895
v 0.40880298 -0.01650525 0.13077176
v 0.40909619 0.00237649 -0.06037265
v 0.42961002 0.01334721 -0.07458578
v 0.41394773 0.02893388 -0.05365214
v 0.41519727 0.05039740 0.08917001
v 0.41571015 0.06226207 0.08346659
v 0.42145137 0.06946643 -0.09822489
v 0.41428877 0.06892964 0.06036276
v 0.41768280 0.07714467 0.06793988
v 0.42852026 0.08373004 0.07859279
v 0.41896165 0.08957931 0.07492694
v 0.41416525 0.08746430 0.05813532
v 0.41121279 0.10280376 0.06687974
v 0.42665420 0.12912719 0.03941704
v 0.40233360 0.19270702 0.02404926
v 0.41265531 0.23166590 -0.15200294
v 0.42302681 0.22976614 -0.00538867
v 0.42015549 0.23902296 -0.18357972
v 0.40512740 0.23476186 -0.16985669
v 0.42111968 0.23782422 -0.14862568
v 0.42050582 0.24758755 -0.18383482
v 0.42190675 0.24815468 -0.14371852
v 0.42136441 0.25216975 -0.00076341
v 0.41980567 0.25634059 -0.17781088
v 0.40681166 0.28773205 -0.13062812
v 0.41875172 0.26216276 -0.00590342
v 0.42036663 0.39144511 -0.06386479
v 0.42112497 0.38977656 -0.02101185
v 0.42006652 0.38970593 0.00536331
v 0.41708721 0.39619821 0.02870138
v 0.41828582 0.39581818 -0.09138879
v 0.41956749 0.40517027 0.02040922
v 0.41165566 0.42898249 -0.00567722
v 0.41975277 0.46658918 0.00327304
v 0.41972935 0.46182660 0.04061869
v 0.41247438 0.46976560 -0.06907703
v 0.42110008 0.46964471 -0.02644483
v 0.41530061 0.48243781 0.04015968
v 0.41860787 0.49006594 -0.07703378
v 0.42154408 -0.99966433 0.21897749
v 0.42694841 -0.99950581 0.26499125
v 0.42715163 -0.99926882 0.28059069
v 0.42658925 -0.98350075 -0.13681452
v 0.42686194 -0.98240470 0.29298845
v 0.43737576 -0.95434763 0.29659559
v 0.42148917 -0.94552560 0.27579809
v 0.42789619 -0.67998129 0.16177284
v 0.42853429 -0.66382519 0.17500410
v 0.43438211 -0.65606762 0.14608431
v 0.42514596 -0.60469410 0.19091551
v 0.42489385 -0.57660968 -0.21894414
v 0.42422799 -0.57104072 0.19307253
v 0.42277454 -0.51782506 -0.15329079
v 0.43083282 -0.49438510 0.14569412
v 0.41441587 -0.47674266 0.13071833
v 0.41920514 -0.42728741 -0.08724837
v 0.42362641 -0.42625898 -0.07494005
v 0.42234584 -0.42444761 0.07140281
v 0.43190510 -0.40957098 0.03888802
v 0.42731683 -0.38495617 0.07289198
v 0.42527709 -0.35330769 0.05427167
v 0.42646785 -0.18365978 0.11298355
v 0.43293470 -0.18408408 0.14964852
v 0.42587355 -0.16777982 0.05355304
v 0.42540747 -0.14890895 0.14409791
v 0.43193604 -0.14907194 0.15365031
v 0.42717132 -0.12614660 -0.00412814
v 0.42000761 -0.13445083 0.07024035
v 0.42868920 -0.11158435 0.03169491
v 0.42796991 -0.10118268 -0.00516034
v 0.42327723 -0.09574838 0.00578993
v 0.41920951 -0.07840321 -0.00403062
v 0.42674559 -0.09218280 0.02083635
v 0.42784337 -0.08381836 -0.01531681
v 0.42146520 -0.06189194 0.07310789
v 0.42451720 -0.06730520 0.09937481
v 0.42924992 -0.06740334 0.11677333
v 0.42986514 -0.05330753 0.12299128
v 0.42753842 -0.01104464 -0.04206389
v 0.41548110 0.00805116 0.10923899
v 0.42951734 0.03082868 -0.06088183
v 0.42805512 0.03980962 -0.07705981
v 0.42050639 0.05417944 -0.08536351
v 0.43028993 0.04951956 0.09405223
v 0.42777500 0.05393834 -0.08953998
v 0.42454636 0.08283894 -0.10158137
v 0.42770457 0.06083782 0.09648010
v 0.42185448 0.10703491 0.06754192
v 0.42137608 0.11772140 -0.10958049
v 0.41840707 0.13277609 0.05333269
v 0.40752563 0.21230033 0.01258662
v 0.44021547 0.22864499 -0.15256698
v 0.43206036 0.25034044 -0.18000641
v 0.42893302 0.26623465 -0.16761207
v 0.42931850 0.26242683 -0.17899247
v 0.42799612 0.26736480 -0.04493525
v 0.42303935 0.27277271 -0.02208987
v 0.42788370 0.26228259 -0.01077426
v 0.41673196 0.28418455 -0.12323949
v 0.43129878 0.39453952 -0.01713337
v 0.42822272 0.39687441 -0.00042613
v 0.41111152 0.40443730 -0.10834835
v 0.42990944 0.40533438 -0.06585728
v 0.41556360 0.42869291 -0.03696578
v 0.43090224 0.40489832 -0.01787680
v 0.42373661 0.46649780 -0.07319110
v 0.42968182 0.46652973 -0.05571914
v 0.42839483 0.46532929 -0.01055381
v 0.42453972 0.46315419 0.01815812
v 0.42930386 0.46717281 0.03065214
v 0.42792570 0.46736310 -0.07147498
v 0.42987854 0.47573081 0.02585376
v 0.41705924 0.48355368 -0.09737054
v 0.42803642 0.48382189 -0.07157049
v 0.42423061 0.48571965 0.01430086
v 0.44828031 -0.99973869 0.15019380
v 0.44179810 -0.99956502 0.18321863
v 0.44373446 -0.99850334 0.20605476
v 0.43716604 -0.99830471 0.23956941
v 0.43621977 -0.99054567 0.28824344
v 0.46339874 -0.98370119 -0.21981003
v 0.43889045 -0.98418028 0.09951197
v 0.43733529 -0.96163036 0.29878639
v 0.43385692 -0.94736595 0.11622309
v 0.43607565 -0.94953471 0.27023580
v 0.43187496 -0.94952128 0.28977659
v 0.44009724 -0.94636720 0.12978163
v 0.43679914 -0.68312452 0.16254049
v 0.44284660 -0.62459119 -0.23943398
v 0.42975100 -0.62507080 -0.22271835
v 0.45751996 -0.60938476 -0.22170822
v 0.42393688 -0.60356272 0.16074292
v 0.43044825 -0.59641623 0.18799616
v 0.42208014 -0.51779417 0.13624141
v 0.43762463 -0.51669483 0.10310908
v 0.44174630 -0.48706705 -0.10900638
v 0.43718961 -0.50366303 -0.15682345
v 0.43059557 -0.45504427 0.12029574
v 0.43475243 -0.44531298 0.05844166
v 0.42231572 -0.39878083 -0.00958812
v 0.44389948 -0.41288290 -0.03186745
v 0.43500337 -0.37551702 0.04924554
v 0.42352554 -0.18244494 0.13062411
v 0.41157429 -0.18124033 0.07410870
v 0.42408387 -0.18224650 0.09991301
v 0.42917793 -0.16350871 0.04540577
v 0.43757145 -0.16371247 0.08098420
v 0.43835247 -0.15977328 0.16080886
v 0.42458330 -0.15699392 0.01970483
v 0.41981908 -0.15978537 0.03498249
v 0.42633998 -0.14153116 0.08514627
v 0.43367833 -0.14355909 0.12367004
v 0.43678298 -0.13413111 0.14148501
v 0.44644052 -0.13325051 0.15157385
v 0.43032318 -0.11977381 0.06265457
v 0.43566792 -0.12910147 0.08302699
v 0.42698126 -0.13823796 0.10410400
v 0.43602206 -0.12423512 -0.00629107
v 0.43615009 -0.10202525 -0.01181382
v 0.43541797 -0.10357972 0.06360040
v 0.43399190 -0.09432617 0.09624493
v 0.43027553 -0.08162452 0.06382402
v 0.43241302 -0.06056797 -0.02587062
v 0.43876313 -0.01272523 -0.04472878
v 0.43121650 -0.02974492 0.12557083
v 0.42428268 -0.00503051 -0.04864045
v 0.43195681 0.00227876 -0.06947906
v 0.42710952 -0.00178125 -0.06136611
v 0.43756165 0.02580809 -0.07729040
v 0.43911375 0.03654135 -0.08133491
v 0.43260054 0.10247626 -0.09590012
v 0.42855611 0.14124177 0.03021248
v 0.44925293 0.17040023 -0.11819769
v 0.42912058 0.19184686 0.00653694
v 0.41904265 0.20274457 -0.15583836
v 0.43694743 0.24737701 -0.02492747
v 0.43610447 0.24756426 -0.13006397
v 0.42902734 0.26300553 -0.13006649
v 0.43409463 0.27261118 -0.17163208
v 0.43110332 0.27024502 -0.11598302
v 0.43386927 0.26568346 -0.06616956
v 0.43735056 0.26936850 -0.06080477
v 0.43857747 0.26839932 -0.02485303
v 0.42831276 0.27824482 -0.03521961
v 0.43630500 0.27945714 -0.02922307
v 0.43144809 0.39440813 -0.05277959
v 0.43630885 0.46720208 0.00214063
v 0.42578713 0.47570678 -0.08958459
v 0.43588311 0.47556498 -0.05996366
v 0.43614645 0.46750142 -0.03937552
v 0.43840806 0.47562293 0.00024802
v 0.43538341 0.48327292 -0.04459490
v 0.43347274 0.48603500 -0.01529871
v 0.44355327 -0.99530918 0.24049961
v 0.43670457 -0.99572440 0.27695959
v 0.44129719 -0.98538079 0.27551617
v 0.43891694 -0.96946381 0.11384284
v 0.44426826 -0.96260061 0.28722049
v 0.44298529 -0.95487310 0.28574014
v 0.44525293 -0.95352417 0.24621373
v 0.43958461 -0.68192338 0.14821459
v 0.43927033 -0.67517730 0.16901166
v 0.44360708 -0.67184066 0.13770163
v 0.44097973 -0.63266745 -0.22959745
v 0.43676289 -0.61633340 -0.24215699
v 0.43832717 -0.54979620 0.15614561
v 0.44228174 -0.48712141 0.07467530
v 0.43682311 -0.46466225 -0.09425199
v 0.43887233 -0.44091674 -0.02902583
v 0.43487563 -0.41860591 -0.08881439
v 0.44953008 -0.44837950 0.02407458
v 0.44586115 -0.39681254 0.02948640
v 0.44836147 -0.16906821 0.15586070
v 0.45510525 -0.15206985 0.08091213
v 0.44611007 -0.15345289 0.15847050
v 0.44258940 -0.14328524 0.01235191
v 0.44007459 -0.14411936 0.02777127
v 0.43909137 -0.13753375 0.00253944
v 0.44573257 -0.11406066 -0.00853479
v 0.44160106 -0.12193087 0.11312875
v 0.44086533 -0.11326292 0.13193423
v 0.43824547 -0.11702415 0.09653378
v 0.44723322 -0.10285744 0.14243822
v 0.43609136 -0.08518851 0.12537760
v 0.44032453 -0.04475621 0.12489114
v 0.44831616 -0.01720200 -0.04406420
v 0.44568883 0.00957929 -0.07728054
v 0.45898131 0.05002528 0.09053440
v 0.43899329 0.06182216 -0.08369079
v 0.44033726 0.06054055 0.09702697
v 0.43605759 0.07545895 0.07911347
v 0.44431521 0.07645377 0.06604764
v 0.44184197 0.12966003 -0.10035830
v 0.45619317 0.19765276 -0.12526943
v 0.44993588 0.24102303 -0.14978750
v 0.44558724 0.25541072 -0.03944215
v 0.42658236 0.23865947 -0.17762404
v 0.45183276 0.26856372 -0.16920588
v 0.43307292 0.24534298 -0.14193913
v 0.44333990 0.25720804 -0.13724945
v 0.43566338 0.26556345 -0.08296050
v 0.44421995 0.25868253 -0.08632732
v 0.44425822 0.26789348 -0.17526532
v 0.44454574 0.26713855 -0.07405622
v 0.44085272 0.27976137 -0.16072970
v 0.44032658 0.28843552 -0.05706752
v 0.43976500 0.28862063 -0.04455984
v 0.44057871 0.47556823 -0.02806475
v 0.44645333 -0.99478399 0.10435873
v 0.45299304 -0.99603573 0.19081341
v 0.44959314 -0.98346235 0.23250954
v 0.44509505 -0.97987954 0.11713827
v 0.45170434 -0.95963365 0.13061763
v 0.45188955 -0.95436113 0.19525492
v 0.45500800 -0.95364137 0.15115973
v 0.44673523 -0.68229510 0.15631283
v 0.45493200 -0.67756838 0.13634458
v 0.44203718 -0.65652165 0.17332988
v 0.44462028 -0.65473692 0.13238266
v 0.44683820 -0.60775304 0.12143428
v 0.44632900 -0.61916492 0.15892648
v 0.45667533 -0.56487504 -0.18144120
v 0.44312171 -0.42947059 -0.07986892
v 0.43724548 -0.16091835 0.06710985
v 0.45558607 -0.12546943 0.15121940
v 0.45199772 -0.12771907 0.00357234
v 0.44104741 -0.07916284 0.13353992
v 0.44213343 -0.08685376 -0.02163264
v 0.46124632 -0.07500766 0.13898227
v 0.45945060 -0.03095063 0.11536352
v 0.45788272 0.00765081 0.09442553
v 0.43447659 0.03406770 0.08394358
v 0.45136115 0.10862989 -0.08528467
v 0.44802560 0.21436962 -0.02015845
v 0.44402266 0.24904059 -0.12222280
v 0.45166116 0.26564332 -0.12259317
v 0.45284292 0.26609901 -0.10242755
v 0.44875821 0.27963657 -0.16924319
v 0.45244557 0.29260920 -0.14334181
v 0.44482012 0.28121527 -0.15343884
v 0.45194551 0.28686066 -0.16108088
v 0.45295066 0.28985922 -0.04972102
v 0.44672608 0.29660894 -0.06053505
v 0.45982553 -0.99491411 -0.23153551
v 0.45147233 -0.98558096 -0.24348522
v 0.48528468 -0.98350972 0.02276726
v 0.45900526 -0.98386400 0.12221421
v 0.45538655 -0.97946967 0.13297358
v 0.46192246 -0.98301853 0.15513520
v 0.45833234 -0.98545223 0.18107771
v 0.44982256 -0.96269864 0.23871024
v 0.46031340 -0.96163104 0.14951318
v 0.45537285 -0.67829887 0.14512590
v 0.45292044 -0.67339265 0.12921610
v 0.45543383 -0.67003640 0.15793259
v 0.45876229 -0.66494760 0.11535458
v 0.43989437 -0.63644293 0.17723252
v 0.46387217 -0.62530186 -0.21684075
v 0.46347035 -0.62583611 -0.19539192
v 0.47532036 -0.62529767 -0.18418216
v 0.45689905 -0.61241114 -0.19137777
v 0.45110505 -0.52635032 0.08002998
v 0.45522729 -0.49128694 -0.07411159
v 0.47832181 -0.52885377 0.06509155
v 0.45216832 -0.47170820 -0.11405605
v 0.45143834 -0.45933314 0.03599683
v 0.44506180 -0.44827802 -0.10193281
v 0.46169745 -0.46912629 -0.08049373
v 0.45935943 -0.42929297 0.02979669
v 0.45686921 -0.43149258 0.04188867
v 0.45385812 -0.16360561 0.10222898
v 0.45216122 -0.16059571 0.12109552
v 0.44943961 -0.15206667 0.04684061
v 0.45902927 -0.14719474 0.15454163
v 0.45526692 -0.06569769 -0.02839515
v 0.45473062 -0.00146197 -0.05020272
v 0.46831571 0.01139330 -0.07238793
v 0.44865999 0.02543681 -0.07813148
v 0.45351126 0.06991342 0.06904109
v 0.45528098 0.09736851 0.03742418
v 0.45680815 0.13104629 -0.08657710
v 0.44762015 0.14777091 0.01259848
v 0.46306089 0.17932466 -0.10056512
v 0.46167654 0.21781981 -0.04368620
v 0.46114570 0.24827731 -0.13377922
v 0.45778047 0.25821354 -0.06402733
v 0.44623253 0.27869977 -0.03602775
v 0.45984188 0.28582225 -0.05930891
v 0.45942803 0.29383741 -0.15071887
v 0.45908665 0.30528395 -0.10528606
v 0.45813413 0.30283948 -0.12824935
v 0.45172040 0.30066704 -0.07816818
v 0.46113561 0.29847305 -0.06511763
v 0.45996899 0.30782631 -0.08614153
v 0.45431981 -0.99518892 0.03060574
v 0.46542300 -0.99441459 0.14395564
v 0.45987568 -0.99472660 0.15560166
v 0.46611453 -0.98579285 0.14934213
v 0.48614012 -0.98378397 -0.18974655
v 0.47889688 -0.98563597 0.13650885
v 0.46106485 -0.96346700 0.16693035
v 0.46654920 -0.67191773 0.13284548
v 0.46703107 -0.67193275 0.12123679
v 0.46752497 -0.65642914 0.09888360
v 0.46756711 -0.61688773 -0.21663822
v 0.47455533 -0.61772987 0.11119567
v 0.44665840 -0.56940643 0.10864041
v 0.44752484 -0.56503616 -0.16228471
v 0.46282117 -0.50929732 0.04428268
v 0.47062015 -0.54322809 -0.14824556
v 0.46705605 -0.49261084 0.02472684
v 0.46965025 -0.45363119 0.02562957
v 0.46772563 -0.14572276 0.09024109
v 0.46610449 -0.14438580 0.11765384
v 0.47277646 -0.14401368 0.12991512
v 0.46084738 -0.12077966 0.02178563
v 0.46887423 -0.12200424 0.03871380
v 0.45598500 -0.09795546 -0.01393948
v 0.46921934 -0.09705790 -0.00025697
v 0.46508712 -0.05555716 0.12989470
v 0.46283143 -0.02878441 -0.03742691
v 0.45996302 0.00578978 -0.06648591
v 0.45773385 0.00465481 -0.05820091
v 0.46842210 0.00941418 0.09678153
v 0.48191188 0.02814336 -0.06542281
v 0.46513452 0.03387280 0.07940757
v 0.46515621 0.07092004 -0.06605731
v 0.47099289 0.06950460 0.05505770
v 0.46368081 0.10452552 -0.07014528
v 0.46341156 0.12967268 0.00485350
v 0.46811772 0.13007994 -0.06250639
v 0.46903264 0.13300465 -0.00769342
v 0.46959515 0.17168490 -0.03765702
v 0.46895506 0.17890568 -0.07958320
v 0.46282923 0.18606013 -0.02673842
v 0.46794536 0.20820229 -0.05492162
v 0.45651941 0.21813496 -0.13101661
v 0.46732854 0.21010011 -0.10352745
v 0.46332295 0.23498609 -0.11616115
v 0.46602535 0.24223586 -0.09900278
v 0.46634604 0.25350434 -0.09799796
v 0.46277104 0.25549760 -0.08023472
v 0.46078746 0.27917412 -0.15958485
v 0.46702047 0.28348912 -0.14690847
v 0.46979410 0.29469539 -0.08122042
v 0.47159989 0.30426545 -0.08787720
v 0.46771655 0.30244196 -0.13316036
v 0.46771933 0.30982605 -0.09896258
v 0.46972139 -0.98634754 -0.22265364
v 0.43460631 -0.98352710 -0.01297081
v 0.47694462 -0.66582252 0.11425179
v 0.47833990 -0.65845140 0.08628269
v 0.47211094 -0.66445997 0.10093508
v 0.47370013 -0.65975577 0.12830168
v 0.47585665 -0.62606074 -0.19428029
v 0.47570856 -0.61968411 -0.17720433
v 0.46394816 -0.56268301 0.11012237
v 0.46930991 -0.54933346 -0.12267162
v 0.46740762 -0.50265276 -0.11897310
v 0.47365311 -0.50237591 -0.10460826
v 0.46809437 -0.46098500 -0.01444628
v 0.46031713 -0.16596585 0.13943309
v 0.46995994 -0.14880388 0.14321704
v 0.47461146 -0.13709793 0.09688344
v 0.47080539 -0.14338220 0.10592237
v 0.47628330 -0.11755047 0.13881169
v 0.47092562 -0.12623633 0.05214787
v 0.47182011 -0.12090247 0.06749610
v 0.47246434 -0.12856796 0.11412789
v 0.46893303 -0.12620345 0.14758065
v 0.48131232 -0.10002311 0.03077973
v 0.47569278 -0.09773204 0.13769493
v 0.47059859 -0.09026832 -0.02300328
v 0.46995435 -0.06340874 0.13238541
v 0.47233683 -0.05492005 -0.02602141
v 0.48117354 -0.05626114 0.13779892
v 0.47665153 -0.03746761 0.12728584
v 0.47618535 0.04335256 -0.05564374
v 0.48038495 0.03343202 0.06527797
v 0.46801139 0.05923346 0.08673868
v 0.46948749 0.06632679 0.07732745
v 0.47503045 0.09205797 0.01713643
v 0.48458639 0.07276809 0.02572226
v 0.47472585 0.09329362 -0.04822716
v 0.47882962 0.10352223 -0.02710388
v 0.48053946 0.09560913 -0.01125073
v 0.47419844 0.13126651 -0.02854059
v 0.47277554 0.14649731 -0.04073121
v 0.47137835 0.16061027 -0.05518735
v 0.47072417 0.20927787 -0.07647764
v 0.46629996 0.25132835 -0.11544844
v 0.47302607 0.29348427 -0.13094193
v 0.47483726 0.29459564 -0.11527492
v 0.47366982 0.30260701 -0.11841135
v 0.48668775 -0.98566333 -0.20027191
v 0.49090216 -0.98371919 0.10421180
v 0.48863980 -0.98490578 0.12280491
v 0.48431253 -0.65683394 0.10881457
v 0.48232809 -0.65071613 0.07439209
v 0.49446286 -0.64784106 0.09215222
v 0.47000132 -0.62412223 0.08502515
v 0.48860820 -0.61641500 0.05065108
v 0.48347126 -0.62467903 -0.18243107
v 0.48859637 -0.62140784 -0.16421670
v 0.48957277 -0.60855266 0.08193738
v 0.47105053 -0.52787162 -0.09389353
v 0.48386191 -0.54125071 -0.05806777
v 0.47475885 -0.50569705 0.00627376
v 0.47754336 -0.49282782 -0.06192112
v 0.49640110 -0.51816315 -0.01527208
v 0.49049941 -0.49983920 0.01254365
v 0.48959859 -0.50373705 0.02325602
v 0.48061399 -0.12013262 0.09728221
v 0.48065057 -0.11385484 0.07825280
v 0.48025685 -0.10832167 0.12981480
v 0.48144934 -0.09827247 0.11723652
v 0.48176161 -0.09383028 0.12654057
v 0.49121469 -0.08072902 -0.00915638
v 0.47859199 -0.07118037 0.12904294
v 0.48011355 -0.01414044 -0.02544300
v 0.48526318 -0.03024854 0.11371928
v 0.47557187 -0.01449551 0.11160690
v 0.47427134 0.00574623 -0.04249271
v 0.48254312 0.01944981 -0.06756656
v 0.47933407 0.01192662 -0.04678304
v 0.48762467 0.07671584 -0.00539327
v 0.48432067 -0.99489109 -0.19818264
v 0.49907643 -0.99471117 -0.17268109
v 0.48709908 -0.99461787 0.11476119
v 0.49555457 -0.98575700 0.11060443
v 0.48636034 -0.66058302 0.09556609
v 0.49481804 -0.65154111 0.06434045
v 0.49471674 -0.64473602 0.05346331
v 0.48702815 -0.61712904 -0.15937633
v 0.48698659 -0.60630338 -0.19133863
v 0.49541468 -0.57194541 -0.09829889
v 0.47027701 -0.53570030 -0.10864418
v 0.49277476 -0.55802624 0.01107217
v 0.48382571 -0.52790686 0.00901071
v 0.48860978 -0.54142276 -0.12195841
v 0.48463235 -0.09065814 0.01846384
v 0.48961288 -0.08849752 0.03497277
v 0.48068816 -0.09292692 -0.01253546
v 0.49102282 -0.08918204 0.06037221
v 0.49084216 -0.08504366 0.08491079
v 0.48545389 -0.08809661 0.10288170
v 0.49056707 -0.04494885 -0.00734730
v 0.49443052 -0.01014503 -0.00230913
v 0.48487371 -0.00561771 0.09178329
v 0.49094918 0.01176965 -0.02230770
v 0.49485274 0.01763079 -0.05120687
v 0.49338276 0.01911312 -0.03104219
v 0.49387973 0.01478343 0.05084635
v 0.48523787 0.05288261 -0.04080548
v 0.48387373 0.05132132 0.07406363
v 0.48761398 0.05891064 0.07045701
v 0.48194267 0.06963560 0.04157009
v 0.48302603 0.06649817 0.06391603
v 0.48447408 0.07910126 -0.02533214
v 0.49225874 -0.99462926 0.06997333
v 0.50065736 -0.98639991 -0.17809857
v 0.50192142 -0.98350565 0.08572837
v 0.49171967 -0.65623295 0.07867143
v 0.50433502 -0.64072624 0.07539337
v 0.48706189 -0.61851501 -0.19230101
v 0.50201503 -0.61763933 -0.13681139
v 0.48983366 -0.57766238 -0.11970358
v 0.48317134 -0.57515159 -0.16231343
v 0.50319502 -0.59626644 0.05089850
v 0.50616125 -0.58908933 -0.00114972
v 0.50871855 -0.56752266 -0.11092507
v 0.49494142 -0.53992470 -0.10440350
v 0.49305486 -0.09080790 0.00670355
v 0.49938645 -0.08296748 0.00329873
v 0.49863061 -0.08857875 0.01342594
v 0.50831341 -0.08447373 0.03993324
v 0.49895661 -0.08352869 0.04887023
v 0.50496937 -0.07489864 0.01086250
v 0.49797479 -0.07629700 0.09117811
v 0.48512172 -0.07327673 0.11772681
v 0.49268702 -0.05828813 0.13316689
v 0.50294259 -0.05870549 0.11649052
v 0.50046664 -0.04040974 0.01114429
v 0.49722801 -0.01603267 0.07424554
v 0.49874591 0.01776376 0.00248376
v 0.49878253 0.02852121 0.02734176
v 0.49057011 0.03517723 0.05033251
v 0.49878272 0.02248043 -0.01071560
v 0.49578838 0.03600831 0.04182371
v 0.50979820 0.04282195 -0.03111397
v 0.49492382 0.06466792 0.00462653
v 0.49809526 0.06088176 0.05744431
v 0.50678233 -0.99449978 -0.15874783
v 0.52462593 -0.99464353 -0.09803076
v 0.50909096 -0.98622431 0.08655395
v 0.50262383 -0.98369038 -0.16247714
v 0.51873895 -0.98316264 0.04808417
v 0.51592192 -0.98468080 0.07232138
v 0.50047817 -0.65024129 0.07597118
v 0.50641920 -0.63932993 0.03500941
v 0.50663112 -0.64668985 0.05635236
v 0.50588358 -0.61860963 -0.15570754
v 0.50320790 -0.62025404 -0.14704871
v 0.50679613 -0.61035321 -0.12051978
v 0.49855964 -0.59249115 0.01962674
v 0.50518814 -0.57253925 -0.12635606
v 0.49792518 -0.56970903 -0.06398273
v 0.50252082 -0.57554692 -0.01246189
v 0.50186299 -0.54211943 -0.07102901
v 0.50275884 -0.52705248 0.00526256
v 0.50737322 -0.08270506 0.05382378
v 0.50701413 -0.07465004 0.09593829
v 0.50456397 -0.06816261 0.11437635
v 0.51296279 -0.06493523 0.09748183
v 0.50614700 -0.03301227 0.06214642
v 0.50428371 -0.02874768 0.03160955
v 0.49864581 0.00673064 0.02722575
v 0.49638250 0.02716689 -0.05556893
v 0.50370683 0.03565389 -0.04517051
v 0.50728619 0.02752717 -0.01840699
v 0.49443300 0.05850406 -0.02097462
v 0.50587505 0.05075190 0.04790807
v 0.51569705 0.05228037 -0.00156151
v 0.50602265 0.06145366 0.04018135
v 0.50952947 0.05986804 0.02093746
v 0.51353794 -0.99460907 -0.14065901
v 0.51766989 -0.99474928 -0.12267268
v 0.50417688 -0.99474828 0.08727101
v 0.51200468 -0.98619700 -0.15588474
v 0.51524079 -0.98359709 -0.12573804
v 0.53094831 -0.98322236 -0.07069491
v 0.51283148 -0.64063617 0.05738518
v 0.51698122 -0.63868606 0.03932686
v 0.51484541 -0.63625812 0.02354897
v 0.51469255 -0.62542278 0.01139480
v 0.51549364 -0.61790008 -0.12074620
v 0.51354379 -0.61810451 0.04939390
v 0.50610872 -0.60785051 -0.16449253
v 0.52270223 -0.62360856 -0.00544301
v 0.51427789 -0.61019031 -0.10243316
v 0.52343002 -0.59944777 -0.12837296
v 0.51493187 -0.56890839 -0.08442665
v 0.50908325 -0.55163337 -0.03692069
v 0.51540110 -0.56318640 0.00319695
v 0.50844396 -0.08299976 0.02463223
v 0.51366004 -0.07318974 0.03315316
v 0.51708706 -0.07698574 0.05681350
v 0.50844155 0.02655647 -0.03542318
v 0.51426009 0.03501796 -0.02555215
v 0.50432581 0.03211451 0.01334568
v 0.51547341 0.03431334 -0.00998052
v 0.51391315 0.04386907 0.02470058
v 0.51641479 0.05225558 0.02041248
v 0.52271270 -0.99444840 -0.11471314
v 0.53050152 -0.99451568 -0.08448967
v 0.51473093 -0.99466250 0.06621241
v 0.52212909 -0.98580491 -0.12818062
v 0.52207645 -0.99462085 0.04659349
v 0.52865320 -0.98289809 0.00536202
v 0.52191733 -0.63251353 0.04046704
v 0.51347451 -0.63278238 0.05809625
v 0.51470682 -0.61755903 -0.13381194
v 0.52212529 -0.60909902 -0.13290026
v 0.52044132 -0.61616921 -0.10639193
v 0.52443584 -0.61495060 -0.08436714
v 0.52201212 -0.61196062 -0.06525872
v 0.52249533 -0.61159569 -0.02696651
v 0.52867691 -0.59361548 -0.10816792
v 0.52202188 -0.57487059 -0.01347335
v 0.51671075 -0.06680102 0.05172955
v 0.51731297 -0.06696677 0.07966644
v 0.51881608 0.04318574 -0.00349854
v 0.53182183 -0.99451190 -0.06465271
v 0.53196782 -0.99448514 -0.01030329
v 0.52466507 -0.99456734 0.02748501
v 0.53010732 -0.99421199 0.01922903
v 0.52377334 -0.98661305 0.05363413
v 0.53105894 -0.98494279 -0.10315272
v 0.52320456 -0.63312413 0.02213056
v 0.52640997 -0.62449165 0.03143236
v 0.53030177 -0.62042985 -0.02010291
v 0.53184738 -0.62562904 0.00606421
v 0.53455794 -0.61619084 0.01150958
v 0.53527470 -0.60909247 -0.07842300
v 0.53030036 -0.61585587 -0.05697482
v 0.53259645 -0.59311705 -0.08077359
v 0.52251999 -0.58085343 0.00032594
v 0.52140071 -0.57423590 -0.03733118
v 0.53858540 -0.99422535 -0.05292518
v 0.53885064 -0.98663741 -0.00471848
v 0.53221256 -0.98636831 0.02634995
v 0.54057736 -0.61081939 -0.04409113
v 0.53895977 -0.61716343 -0.00291300
v 0.52558383 -0.61223586 -0.12227693
v 0.53274713 -0.60098425 -0.10956054
v 0.53879269 -0.60123336 -0.06266579
v 0.54006919 -0.60656110 -0.00554687
v 0.54181651 -0.60011203 -0.02627700
v 0.53852331 -0.98599803 -0.07404318
v 0.54225821 -0.98479184 -0.03754199
v 0.54308071 -0.60949975 -0.01721819
f 1 2 3
f 4 38 16
f 17 38 4
f 16 23 20
f 24 5 9
f 2 6 7
f 6 8 7
f 9 10 13
f 5 10 9
f 6 10 5
f 1 10 6
f 2 1 6
f 3 2 7
f 3 7 11
f 8 11 7
f 12 11 8
f 14 13 10
f 1 14 10
f 1 30 14
f 3 30 1
f 3 46 30
f 11 46 3
f 12 46 11
f 4 32 17
f 15 32 4
f 17 32 34
f 19 15 16
f 16 15 4
f 21 17 34
f 18 19 20
f 16 20 19
f 38 17 21
f 18 23 22
f 20 23 18
f 23 16 38
f 23 40 22
f 59 40 23
f 5 24 6
f 8 6 25
f 24 13 26
f 13 44 26
f 9 13 24
f 8 25 12
f 27 12 25
f 43 27 25
f 13 28 44
f 13 29 28
f 14 29 13
f 14 30 29
f 47 46 12
f 27 47 12
f 33 31 32
f 34 32 31
f 34 31 49
f 33 32 15
f 19 55 15
f 33 15 55
f 51 35 18
f 19 18 35
f 55 19 35
f 36 51 18
f 36 37 57
f 18 22 37
f 36 18 37
f 38 21 75
f 37 39 57
f 40 39 37
f 22 40 37
f 23 38 59
f 75 59 38
f 24 26 42
f 6 24 42
f 43 62 45
f 41 44 63
f 42 44 41
f 26 44 42
f 27 43 45
f 65 63 44
f 28 65 44
f 30 46 567
f 45 66 27
f 66 47 27
f 31 70 68
f 49 31 68
f 48 50 49
f 70 31 33
f 34 49 50
f 33 69 70
f 71 52 35
f 35 52 55
f 69 33 55
f 56 53 36
f 51 36 54
f 36 53 54
f 71 51 54
f 35 51 71
f 52 71 88
f 72 56 57
f 36 57 56
f 21 60 75
f 21 89 60
f 57 58 72
f 58 73 72
f 57 39 58
f 61 40 59
f 61 39 40
f 74 76 59
f 75 74 59
f 62 79 45
f 63 65 64
f 28 29 65
f 47 567 46
f 84 85 67
f 67 48 68
f 68 48 49
f 85 48 67
f 48 85 50
f 34 89 21
f 89 34 50
f 53 56 102
f 88 71 54
f 90 55 52
f 60 89 128
f 58 91 73
f 39 91 58
f 39 92 91
f 61 92 39
f 76 61 59
f 60 74 75
f 77 200 41
f 42 41 456
f 62 43 78
f 137 77 80
f 63 80 77
f 41 63 77
f 79 62 93
f 94 79 93
f 79 94 82
f 63 96 80
f 64 96 63
f 64 65 112
f 567 930 30
f 45 81 66
f 79 81 45
f 82 81 79
f 85 84 83
f 85 83 97
f 68 86 67
f 67 86 84
f 98 85 97
f 70 86 68
f 50 85 98
f 89 50 98
f 99 87 120
f 87 56 120
f 56 87 102
f 69 86 70
f 69 101 86
f 72 100 120
f 72 120 56
f 102 87 122
f 103 101 69
f 72 73 100
f 104 88 54
f 55 90 69
f 90 103 69
f 167 52 88
f 90 52 167
f 41 200 456
f 25 6 78
f 43 25 78
f 93 62 78
f 80 96 95
f 64 112 96
f 65 29 112
f 30 930 29
f 66 81 47
f 82 113 81
f 84 115 83
f 97 83 114
f 116 115 84
f 86 116 84
f 97 117 98
f 121 99 120
f 122 87 99
f 89 98 262
f 100 143 120
f 102 123 53
f 123 54 53
f 100 73 143
f 91 145 73
f 104 167 88
f 90 167 125
f 103 90 125
f 126 92 61
f 76 126 61
f 76 74 127
f 74 148 127
f 129 105 130
f 130 105 107
f 106 107 105
f 108 133 107
f 106 108 107
f 106 180 108
f 180 109 108
f 153 109 180
f 109 133 108
f 153 135 109
f 77 137 200
f 6 42 456
f 94 93 110
f 137 80 111
f 94 110 82
f 138 82 110
f 80 139 111
f 95 139 80
f 96 112 95
f 29 930 112
f 138 113 82
f 83 115 114
f 114 115 140
f 140 118 114
f 97 114 117
f 117 114 118
f 120 142 119
f 120 119 121
f 101 209 86
f 143 142 120
f 99 121 144
f 122 99 144
f 101 103 166
f 145 143 73
f 102 122 146
f 123 104 54
f 128 89 264
f 92 124 91
f 124 92 126
f 76 127 126
f 149 128 264
f 74 60 148
f 60 128 148
f 152 129 130
f 129 150 105
f 106 105 151
f 105 150 151
f 131 152 130
f 130 107 131
f 106 151 132
f 133 182 131
f 133 131 107
f 106 132 180
f 133 183 182
f 133 134 183
f 109 134 133
f 135 134 109
f 135 153 154
f 138 110 202
f 136 111 157
f 137 111 136
f 139 157 111
f 47 81 567
f 203 113 138
f 140 160 159
f 160 140 115
f 118 140 158
f 115 116 160
f 116 86 209
f 262 98 117
f 141 142 161
f 141 119 142
f 141 162 119
f 121 119 162
f 144 121 162
f 146 122 144
f 264 89 262
f 143 145 312
f 146 123 102
f 104 123 165
f 91 164 145
f 164 91 124
f 125 147 103
f 147 166 103
f 315 164 124
f 147 125 265
f 148 128 149
f 152 229 129
f 129 272 150
f 179 151 178
f 230 152 131
f 179 132 151
f 131 182 230
f 180 132 181
f 184 182 183
f 154 153 232
f 135 235 134
f 155 156 193
f 195 156 155
f 198 156 195
f 136 200 137
f 6 456 78
f 110 93 201
f 110 201 202
f 138 202 203
f 160 207 159
f 158 140 159
f 118 158 206
f 160 116 208
f 160 208 207
f 116 209 208
f 142 163 161
f 144 162 211
f 142 143 163
f 143 312 163
f 101 166 308
f 101 308 209
f 145 164 312
f 146 144 263
f 394 167 104
f 147 213 166
f 217 126 127
f 127 148 320
f 168 148 149
f 171 172 169
f 171 170 172
f 172 224 169
f 172 173 224
f 170 173 172
f 173 174 224
f 173 175 174
f 174 177 176
f 177 174 175
f 177 178 176
f 177 179 178
f 229 272 129
f 229 152 228
f 150 272 226
f 178 150 226
f 151 150 178
f 227 132 177
f 132 179 177
f 230 329 152
f 234 230 182
f 180 231 153
f 180 181 231
f 153 231 232
f 182 184 234
f 235 135 154
f 183 185 184
f 134 185 183
f 185 237 184
f 235 185 134
f 188 244 243
f 186 188 243
f 187 188 186
f 188 189 244
f 188 191 189
f 189 190 247
f 191 249 189
f 249 155 189
f 193 192 248
f 190 193 248
f 189 155 190
f 249 195 155
f 190 155 193
f 194 192 193
f 249 197 195
f 197 249 291
f 193 196 194
f 156 196 193
f 156 199 196
f 198 199 156
f 197 198 195
f 421 200 136
f 93 78 201
f 421 136 157
f 203 202 299
f 157 139 204
f 113 510 81
f 158 205 206
f 158 159 205
f 117 118 261
f 117 261 262
f 392 262 261
f 307 210 161
f 141 161 211
f 161 210 211
f 162 141 211
f 163 307 161
f 146 263 212
f 123 146 212
f 212 165 123
f 166 214 308
f 166 213 214
f 165 394 104
f 167 265 125
f 167 394 265
f 215 214 213
f 218 149 264
f 318 315 124
f 124 217 318
f 217 124 126
f 147 265 216
f 213 147 216
f 149 218 350
f 320 319 127
f 168 149 350
f 148 168 320
f 322 220 219
f 219 220 169
f 171 169 220
f 169 269 219
f 220 221 171
f 221 222 171
f 169 224 269
f 222 170 171
f 222 267 170
f 267 223 170
f 224 176 269
f 170 223 225
f 269 176 270
f 174 176 224
f 170 225 173
f 225 175 173
f 270 178 226
f 270 176 178
f 175 227 177
f 229 273 272
f 228 152 329
f 227 181 132
f 231 181 276
f 232 231 233
f 234 275 230
f 232 278 154
f 233 278 232
f 234 238 275
f 278 235 154
f 280 275 238
f 234 236 238
f 184 236 234
f 184 237 236
f 235 279 185
f 185 241 237
f 282 280 238
f 281 241 185
f 239 282 238
f 236 240 238
f 237 240 236
f 241 240 237
f 240 239 238
f 240 242 239
f 242 241 281
f 242 240 241
f 283 282 239
f 242 243 239
f 239 243 283
f 371 283 244
f 243 244 283
f 242 186 243
f 371 244 245
f 284 246 242
f 246 186 242
f 246 187 186
f 247 286 245
f 245 244 247
f 189 247 244
f 247 248 286
f 188 187 191
f 190 248 247
f 248 288 286
f 250 288 248
f 291 249 191
f 248 192 250
f 251 250 192
f 192 194 251
f 291 344 197
f 194 196 252
f 196 253 252
f 254 253 255
f 255 295 254
f 255 253 196
f 296 197 344
f 255 196 199
f 255 199 257
f 197 256 198
f 296 256 197
f 199 198 257
f 257 198 256
f 421 157 258
f 203 299 300
f 157 204 258
f 203 301 113
f 300 301 203
f 260 259 205
f 207 260 159
f 260 205 159
f 208 209 304
f 211 210 347
f 310 262 392
f 312 311 163
f 313 144 211
f 144 313 263
f 264 262 310
f 212 348 165
f 216 215 213
f 127 319 217
f 350 321 168
f 355 322 219
f 221 266 324
f 221 220 266
f 219 269 355
f 222 324 325
f 222 221 324
f 222 325 267
f 268 223 267
f 271 269 270
f 225 223 359
f 270 226 271
f 175 225 328
f 226 272 271
f 175 328 227
f 361 229 228
f 273 229 361
f 329 363 228
f 328 181 227
f 329 230 275
f 181 274 276
f 367 231 276
f 367 233 231
f 233 330 278
f 278 277 235
f 235 332 279
f 277 332 235
f 373 185 279
f 281 185 373
f 333 282 283
f 281 284 242
f 372 284 281
f 334 284 372
f 246 284 334
f 371 245 285
f 245 286 335
f 338 246 334
f 187 246 338
f 187 291 191
f 291 187 338
f 336 254 287
f 288 341 339
f 250 341 288
f 293 289 292
f 289 293 336
f 336 293 253
f 250 251 341
f 253 254 336
f 294 290 254
f 194 380 251
f 194 252 292
f 194 292 380
f 293 292 252
f 253 293 252
f 254 295 294
f 295 255 257
f 256 297 295
f 256 295 257
f 296 298 256
f 256 298 297
f 258 204 386
f 139 95 387
f 260 303 259
f 259 302 205
f 260 207 303
f 205 389 206
f 207 208 303
f 118 206 261
f 305 306 210
f 210 307 305
f 210 306 347
f 211 309 313
f 310 218 264
f 393 427 214
f 315 314 164
f 215 393 214
f 318 316 315
f 265 394 349
f 216 265 349
f 350 218 317
f 215 216 395
f 320 168 321
f 352 351 266
f 323 352 322
f 400 266 351
f 324 266 400
f 323 322 355
f 220 322 352
f 266 220 352
f 324 354 325
f 326 355 269
f 267 357 268
f 223 268 359
f 271 326 269
f 271 327 326
f 328 225 404
f 272 327 271
f 272 273 327
f 228 363 361
f 274 181 328
f 329 275 365
f 365 275 366
f 367 408 233
f 280 366 275
f 233 408 330
f 278 331 277
f 330 331 278
f 280 282 366
f 333 283 371
f 372 281 373
f 285 245 335
f 451 338 334
f 286 288 335
f 335 288 374
f 340 336 377
f 377 336 337
f 336 340 289
f 336 287 337
f 287 254 379
f 254 290 379
f 415 338 451
f 291 338 415
f 288 339 374
f 287 379 337
f 290 342 379
f 294 342 290
f 294 343 342
f 251 380 341
f 343 294 295
f 415 345 344
f 291 415 344
f 382 343 295
f 297 382 295
f 344 298 296
f 344 345 298
f 456 1015 78
f 299 202 201
f 567 509 930
f 113 301 510
f 302 259 388
f 302 346 205
f 389 205 346
f 463 206 389
f 206 463 261
f 304 303 208
f 261 463 425
f 391 306 305
f 308 469 209
f 305 426 390
f 305 307 426
f 347 306 309
f 392 261 425
f 307 163 426
f 347 309 211
f 214 427 308
f 314 312 164
f 212 263 348
f 428 348 263
f 316 314 315
f 395 216 349
f 398 350 317
f 396 320 397
f 320 321 397
f 350 397 321
f 399 351 352
f 401 353 400
f 353 324 400
f 323 355 358
f 354 324 353
f 326 358 355
f 354 356 325
f 325 356 267
f 357 267 356
f 358 326 360
f 327 360 326
f 359 404 225
f 327 362 360
f 273 361 362
f 362 327 273
f 363 329 364
f 365 364 329
f 408 368 330
f 368 331 330
f 366 282 369
f 332 277 370
f 279 332 548
f 333 369 282
f 373 279 548
f 285 448 371
f 410 372 373
f 372 410 334
f 334 410 411
f 285 335 449
f 411 451 334
f 376 340 377
f 339 375 374
f 340 376 289
f 415 451 552
f 339 341 378
f 376 378 289
f 377 337 417
f 337 379 417
f 341 380 378
f 292 289 380
f 289 378 380
f 379 454 417
f 379 342 505
f 454 379 505
f 505 342 381
f 342 343 381
f 343 452 381
f 345 415 418
f 383 345 418
f 384 382 298
f 298 382 297
f 298 345 384
f 384 345 383
f 698 78 1097
f 299 201 457
f 421 258 385
f 299 422 300
f 258 386 385
f 204 387 386
f 204 139 387
f 95 112 387
f 388 346 302
f 389 346 464
f 304 209 469
f 390 391 305
f 311 426 163
f 218 310 470
f 165 348 473
f 473 394 165
f 431 393 215
f 316 318 475
f 349 394 474
f 429 349 474
f 395 431 215
f 217 475 318
f 476 217 319
f 395 349 429
f 397 350 398
f 478 351 399
f 525 400 579
f 400 351 579
f 401 400 525
f 352 323 399
f 399 323 434
f 479 353 401
f 323 358 434
f 402 354 353
f 356 487 357
f 403 268 357
f 403 359 268
f 359 489 404
f 360 362 438
f 361 406 440
f 361 440 362
f 404 405 328
f 405 404 441
f 361 363 406
f 442 406 364
f 406 363 364
f 274 328 405
f 442 364 407
f 365 407 364
f 276 274 445
f 365 366 446
f 407 365 446
f 367 445 408
f 367 276 445
f 369 446 366
f 370 277 331
f 369 333 409
f 333 371 448
f 373 548 410
f 285 449 448
f 374 375 450
f 376 414 412
f 376 412 378
f 377 414 376
f 413 375 339
f 413 339 378
f 416 414 377
f 377 417 416
f 452 343 419
f 343 382 419
f 420 503 419
f 420 419 382
f 420 382 384
f 383 420 384
f 78 1015 1097
f 78 698 201
f 299 457 458
f 421 385 624
f 386 508 385
f 386 387 508
f 510 567 81
f 346 388 423
f 388 461 423
f 388 259 424
f 388 424 461
f 346 423 464
f 259 303 424
f 303 304 424
f 463 389 464
f 425 463 515
f 391 390 467
f 392 425 466
f 309 306 790
f 310 392 519
f 519 392 466
f 309 790 313
f 427 469 308
f 470 310 519
f 263 313 428
f 428 473 348
f 431 719 393
f 394 473 474
f 522 429 474
f 476 475 217
f 431 395 432
f 432 430 431
f 432 395 429
f 319 320 433
f 433 320 396
f 397 398 524
f 579 351 478
f 479 401 526
f 353 479 435
f 483 353 435
f 483 402 353
f 434 358 482
f 482 358 360
f 436 482 360
f 354 402 485
f 356 354 485
f 403 357 487
f 403 437 359
f 359 437 489
f 404 489 441
f 360 438 436
f 362 440 438
f 406 439 440
f 406 442 539
f 443 442 407
f 405 444 274
f 274 444 445
f 407 446 443
f 445 542 408
f 408 542 368
f 446 369 447
f 370 331 666
f 368 666 331
f 492 447 369
f 370 493 332
f 332 493 548
f 409 492 369
f 333 448 409
f 497 335 374
f 413 378 499
f 412 499 378
f 553 418 415
f 381 452 501
f 504 418 553
f 608 416 453
f 416 417 453
f 453 417 454
f 502 419 503
f 502 452 419
f 383 418 555
f 418 504 555
f 383 555 420
f 555 503 420
f 201 698 564
f 624 385 507
f 385 508 507
f 301 459 510
f 301 460 459
f 300 460 301
f 461 424 462
f 465 424 304
f 514 463 464
f 515 463 514
f 466 425 515
f 467 468 391
f 714 391 468
f 391 714 306
f 517 516 390
f 390 426 517
f 314 520 312
f 428 313 576
f 427 393 471
f 218 470 317
f 719 471 393
f 472 473 428
f 431 430 638
f 431 638 719
f 429 523 432
f 524 398 578
f 396 1035 433
f 524 396 397
f 399 434 477
f 434 527 477
f 435 479 480
f 527 434 482
f 481 483 435
f 483 481 402
f 402 481 584
f 484 587 482
f 402 584 485
f 436 486 484
f 436 484 482
f 485 531 356
f 487 356 531
f 487 531 532
f 487 437 403
f 533 437 487
f 486 436 488
f 436 438 488
f 489 490 441
f 406 539 439
f 405 441 490
f 444 405 490
f 443 541 442
f 539 442 541
f 443 446 491
f 541 443 491
f 447 491 446
f 447 544 491
f 542 543 368
f 543 666 368
f 492 544 447
f 666 493 370
f 492 409 494
f 409 495 494
f 409 448 495
f 496 448 449
f 497 496 449
f 411 410 549
f 449 335 497
f 374 450 497
f 411 549 451
f 450 550 750
f 550 450 498
f 498 450 375
f 500 498 413
f 498 375 413
f 500 413 499
f 499 412 414
f 552 553 415
f 414 416 608
f 452 502 501
f 557 505 381
f 690 562 506
f 561 690 506
f 457 201 564
f 422 512 300
f 507 508 565
f 510 568 567
f 459 511 510
f 459 570 571
f 460 570 459
f 512 460 300
f 459 572 511
f 571 572 459
f 462 513 423
f 462 423 461
f 513 464 423
f 464 513 574
f 464 574 514
f 631 515 514
f 469 465 304
f 575 466 515
f 467 516 632
f 467 390 516
f 518 517 426
f 311 518 426
f 788 469 716
f 716 469 427
f 311 312 520
f 316 718 314
f 316 521 718
f 316 475 521
f 398 317 640
f 521 475 721
f 721 475 476
f 429 522 642
f 398 640 643
f 578 398 643
f 949 476 433
f 476 319 433
f 526 726 479
f 726 480 479
f 478 399 723
f 478 723 724
f 724 579 478
f 526 401 525
f 581 481 480
f 481 435 480
f 527 482 528
f 528 482 583
f 481 581 584
f 583 482 587
f 583 587 529
f 584 585 485
f 656 587 484
f 531 485 530
f 484 486 592
f 592 656 484
f 487 532 590
f 590 533 487
f 486 534 592
f 486 488 534
f 437 533 535
f 437 535 489
f 488 438 534
f 534 438 536
f 536 438 593
f 489 535 537
f 593 438 440
f 439 593 440
f 537 490 489
f 439 539 594
f 490 537 538
f 444 490 538
f 444 538 445
f 445 538 663
f 491 540 541
f 542 445 663
f 540 491 545
f 545 491 544
f 492 546 544
f 492 547 546
f 494 547 492
f 493 600 548
f 495 547 494
f 495 448 496
f 548 749 410
f 497 603 602
f 497 450 603
f 603 450 750
f 550 498 500
f 500 499 551
f 604 551 499
f 499 414 604
f 549 552 451
f 604 414 678
f 608 678 414
f 759 501 554
f 554 501 502
f 554 503 556
f 554 502 503
f 503 555 556
f 556 555 606
f 504 606 555
f 557 381 501
f 453 609 608
f 454 505 557
f 455 454 557
f 454 455 453
f 455 609 453
f 506 615 558
f 559 506 558
f 561 506 559
f 561 559 560
f 614 561 560
f 506 617 615
f 562 617 506
f 563 690 561
f 457 564 625
f 457 625 926
f 457 926 458
f 422 299 458
f 512 422 699
f 510 569 568
f 511 569 510
f 460 512 570
f 570 572 571
f 573 627 569
f 511 573 569
f 572 573 511
f 573 572 704
f 462 628 513
f 513 628 574
f 462 424 628
f 424 465 628
f 465 629 628
f 574 630 514
f 630 631 514
f 515 631 575
f 632 634 467
f 467 634 468
f 575 631 636
f 516 635 632
f 469 788 465
f 635 516 517
f 637 466 575
f 306 714 790
f 519 466 637
f 313 790 576
f 427 471 716
f 520 314 791
f 317 470 943
f 473 472 793
f 473 639 474
f 522 474 639
f 641 522 639
f 641 642 522
f 432 523 430
f 864 429 642
f 523 429 864
f 949 433 1035
f 644 578 643
f 577 1035 396
f 867 580 525
f 580 526 525
f 726 526 580
f 581 647 584
f 649 584 647
f 800 528 583
f 800 583 733
f 649 585 584
f 585 649 650
f 733 583 582
f 582 583 586
f 586 588 582
f 582 588 654
f 586 583 529
f 585 650 655
f 656 529 587
f 586 529 656
f 588 586 656
f 485 585 530
f 530 589 531
f 592 737 656
f 589 532 531
f 590 659 533
f 535 659 660
f 535 533 659
f 534 591 592
f 536 591 534
f 536 593 738
f 535 661 537
f 439 739 593
f 661 662 537
f 439 594 739
f 537 662 538
f 539 541 594
f 538 662 663
f 541 595 594
f 541 540 595
f 596 540 545
f 546 596 544
f 596 545 544
f 543 668 666
f 667 596 546
f 493 666 598
f 546 547 597
f 546 597 667
f 597 547 599
f 600 598 670
f 493 598 600
f 599 547 495
f 495 601 599
f 600 749 548
f 601 495 496
f 496 602 601
f 497 602 496
f 410 749 549
f 603 750 748
f 550 500 675
f 675 500 676
f 500 551 676
f 676 551 604
f 553 552 677
f 677 605 553
f 556 607 554
f 556 606 680
f 606 504 605
f 504 553 605
f 554 607 759
f 759 611 501
f 501 611 557
f 609 455 683
f 683 455 610
f 455 557 610
f 611 610 557
f 685 686 558
f 686 687 558
f 560 559 612
f 559 766 612
f 614 560 613
f 560 612 613
f 613 764 614
f 615 689 685
f 558 615 685
f 559 558 616
f 766 559 616
f 561 614 618
f 689 615 617
f 563 561 618
f 617 562 619
f 619 562 690
f 690 563 840
f 839 563 618
f 691 620 694
f 621 694 620
f 773 621 620
f 773 693 621
f 693 622 621
f 623 694 621
f 695 621 622
f 695 623 621
f 200 421 1093
f 458 699 422
f 507 565 626
f 387 566 565
f 387 112 566
f 567 931 509
f 570 512 701
f 570 702 572
f 701 702 570
f 572 702 704
f 627 573 857
f 704 857 573
f 574 628 707
f 707 628 629
f 574 707 630
f 629 465 708
f 632 633 709
f 709 634 632
f 712 468 634
f 636 631 713
f 635 633 632
f 637 575 636
f 517 518 635
f 862 518 311
f 519 717 470
f 862 311 520
f 791 862 520
f 428 576 944
f 719 863 471
f 640 317 943
f 473 793 639
f 722 642 641
f 430 720 638
f 476 796 721
f 523 720 430
f 720 523 797
f 797 523 864
f 396 524 577
f 1036 644 643
f 578 645 524
f 645 578 644
f 525 579 725
f 726 646 480
f 646 581 480
f 581 646 727
f 727 647 581
f 723 399 477
f 725 579 724
f 649 647 648
f 729 649 648
f 729 650 649
f 651 733 582
f 582 731 651
f 652 731 582
f 654 652 582
f 652 654 653
f 585 655 530
f 588 656 657
f 530 655 589
f 656 737 657
f 590 589 658
f 590 532 589
f 658 659 590
f 660 659 658
f 812 737 592
f 592 591 812
f 660 661 535
f 536 738 591
f 593 739 814
f 738 593 814
f 739 594 813
f 813 594 816
f 663 662 741
f 816 594 595
f 664 542 663
f 595 540 665
f 542 664 817
f 542 817 543
f 817 819 543
f 665 540 596
f 887 665 596
f 543 819 668
f 596 667 887
f 666 668 598
f 597 669 667
f 597 599 669
f 599 671 669
f 601 671 599
f 672 671 601
f 600 670 673
f 672 601 674
f 749 600 673
f 602 674 601
f 602 603 748
f 550 827 750
f 550 675 827
f 675 676 829
f 549 753 552
f 676 604 754
f 754 604 831
f 753 677 552
f 831 604 678
f 756 680 679
f 556 680 607
f 679 680 606
f 605 679 606
f 759 607 681
f 611 759 682
f 608 609 760
f 610 611 682
f 688 613 612
f 684 685 689
f 687 686 1000
f 616 558 687
f 618 614 765
f 618 765 996
f 840 563 839
f 767 690 840
f 690 767 619
f 691 692 620
f 773 620 692
f 770 691 694
f 622 693 775
f 623 696 694
f 623 778 696
f 695 778 623
f 421 624 697
f 1093 421 697
f 507 780 624
f 507 626 780
f 387 565 508
f 568 781 567
f 567 781 931
f 568 700 781
f 569 700 568
f 701 512 699
f 703 700 569
f 569 627 703
f 856 704 702
f 703 627 705
f 857 704 706
f 707 629 708
f 708 783 707
f 783 630 707
f 783 711 630
f 711 631 630
f 709 710 712
f 634 709 712
f 859 708 465
f 631 711 713
f 786 859 465
f 712 785 468
f 785 714 468
f 465 788 786
f 518 860 635
f 713 637 636
f 637 713 715
f 637 717 519
f 716 471 942
f 863 942 471
f 314 718 791
f 792 793 472
f 792 1028 793
f 946 863 719
f 719 638 946
f 638 720 946
f 722 864 642
f 577 524 645
f 867 525 725
f 580 868 726
f 477 799 798
f 723 477 798
f 477 527 799
f 527 528 799
f 648 728 729
f 730 528 800
f 651 731 958
f 958 731 874
f 729 732 650
f 874 731 652
f 652 653 959
f 732 655 650
f 654 734 653
f 735 734 654
f 588 657 735
f 588 735 654
f 655 736 589
f 735 657 805
f 807 735 805
f 805 657 737
f 589 736 658
f 658 736 804
f 660 658 804
f 660 804 809
f 967 660 809
f 660 967 661
f 591 738 811
f 812 591 811
f 661 810 662
f 739 883 814
f 662 810 740
f 741 662 740
f 663 741 664
f 819 820 668
f 667 889 887
f 668 820 744
f 668 744 598
f 598 744 745
f 667 669 889
f 598 745 670
f 745 746 670
f 672 825 671
f 889 671 825
f 889 669 671
f 670 746 673
f 674 602 748
f 747 749 673
f 749 751 549
f 675 829 827
f 829 676 752
f 752 676 754
f 751 753 549
f 753 755 677
f 756 679 901
f 680 756 757
f 679 755 901
f 679 605 755
f 755 605 677
f 680 757 758
f 607 680 758
f 681 607 758
f 681 832 759
f 682 759 832
f 833 682 832
f 682 835 610
f 684 762 685
f 686 685 763
f 685 762 763
f 688 911 613
f 836 613 911
f 836 764 613
f 689 761 684
f 1000 616 687
f 617 913 689
f 688 612 838
f 619 914 617
f 840 843 767
f 842 619 767
f 768 770 769
f 768 771 770
f 770 771 691
f 692 691 771
f 692 771 772
f 692 772 844
f 774 775 693
f 769 770 851
f 770 694 851
f 692 844 776
f 773 692 776
f 693 773 774
f 773 776 774
f 847 775 774
f 777 622 775
f 696 851 694
f 695 622 777
f 696 1010 851
f 778 853 696
f 624 1014 697
f 456 200 1093
f 456 1093 1015
f 699 458 779
f 1014 624 780
f 699 779 854
f 626 928 780
f 509 1181 930
f 700 855 781
f 782 699 854
f 782 701 699
f 700 703 855
f 703 1021 855
f 701 782 702
f 856 702 782
f 627 857 705
f 783 708 859
f 711 783 859
f 784 709 633
f 711 936 713
f 713 936 715
f 936 787 715
f 714 785 1108
f 714 1108 790
f 715 789 637
f 637 789 717
f 943 470 717
f 428 944 472
f 792 472 944
f 947 641 639
f 721 794 521
f 795 946 720
f 796 476 865
f 476 949 865
f 1036 643 948
f 577 645 866
f 866 645 644
f 950 1035 577
f 868 580 867
f 723 798 724
f 646 726 868
f 727 953 647
f 799 528 730
f 728 732 729
f 730 800 871
f 873 733 651
f 959 653 960
f 959 874 652
f 732 801 655
f 801 961 655
f 653 734 960
f 734 802 960
f 734 803 802
f 876 802 803
f 735 881 734
f 880 734 881
f 880 803 734
f 655 961 736
f 807 881 735
f 804 806 809
f 808 805 737
f 967 810 661
f 883 739 813
f 883 813 815
f 815 813 816
f 816 595 1056
f 741 1057 664
f 1056 595 665
f 817 664 818
f 817 818 819
f 885 742 818
f 818 742 820
f 819 818 820
f 743 821 742
f 742 821 820
f 821 744 820
f 743 822 823
f 743 823 821
f 821 823 824
f 745 744 824
f 744 821 824
f 823 822 824
f 745 892 746
f 824 892 745
f 824 822 891
f 892 894 746
f 673 746 826
f 826 746 894
f 747 673 826
f 749 747 899
f 748 750 827
f 748 827 828
f 751 749 899
f 829 828 827
f 753 751 981
f 900 753 981
f 754 831 830
f 753 902 755
f 900 902 753
f 757 756 983
f 832 681 758
f 985 678 608
f 760 985 608
f 682 904 835
f 833 904 682
f 986 904 833
f 905 760 609
f 609 683 905
f 834 610 835
f 683 610 834
f 683 906 905
f 834 906 683
f 761 910 684
f 762 684 910
f 762 910 992
f 763 762 992
f 764 837 614
f 761 689 995
f 1000 686 763
f 994 836 911
f 765 614 837
f 689 913 995
f 911 688 838
f 616 1077 766
f 766 838 612
f 766 1077 838
f 914 913 617
f 618 996 839
f 914 619 917
f 843 840 841
f 839 841 840
f 619 842 917
f 842 767 843
f 843 845 842
f 769 920 768
f 1084 920 769
f 844 845 846
f 847 848 775
f 777 775 848
f 846 776 844
f 776 846 774
f 774 846 849
f 847 774 849
f 777 1009 695
f 777 850 1009
f 1010 696 853
f 695 852 778
f 1009 852 695
f 925 853 778
f 852 925 778
f 698 1097 1094
f 458 926 1017
f 1018 854 779
f 854 933 782
f 1020 856 782
f 703 1023 1021
f 703 705 1023
f 709 784 858
f 784 1103 858
f 710 709 858
f 711 859 936
f 1104 785 712
f 937 859 786
f 785 1104 1192
f 788 861 786
f 715 787 789
f 787 939 789
f 788 716 1026
f 1025 518 862
f 790 1108 1110
f 1110 576 790
f 942 1026 716
f 943 945 640
f 521 794 718
f 639 793 947
f 1027 946 795
f 643 640 948
f 796 794 721
f 797 795 720
f 864 722 1118
f 948 1034 1036
f 950 577 866
f 866 644 1036
f 1036 950 866
f 868 869 646
f 869 951 727
f 724 956 870
f 724 870 725
f 867 725 870
f 727 646 869
f 727 951 952
f 956 724 798
f 727 952 953
f 647 953 648
f 953 954 648
f 648 954 728
f 798 799 955
f 955 799 730
f 873 651 958
f 872 801 732
f 871 800 873
f 800 733 873
f 959 960 1043
f 875 802 876
f 877 876 803
f 879 962 877
f 878 879 736
f 878 736 961
f 877 803 880
f 879 877 880
f 736 879 804
f 880 963 879
f 963 880 881
f 804 879 806
f 881 807 882
f 806 879 963
f 807 805 808
f 808 882 807
f 809 806 967
f 737 812 808
f 811 1053 812
f 883 968 814
f 738 814 884
f 814 968 884
f 811 738 884
f 815 816 971
f 816 1056 971
f 972 741 970
f 741 972 1057
f 818 664 1057
f 818 886 885
f 888 742 885
f 887 1059 665
f 742 888 743
f 822 743 888
f 822 888 1060
f 889 973 887
f 891 822 1060
f 973 825 1144
f 889 825 973
f 974 890 891
f 891 892 824
f 1144 825 1061
f 1061 825 672
f 891 890 893
f 892 891 894
f 894 891 893
f 1061 672 674
f 975 890 974
f 975 893 890
f 1146 1061 674
f 826 894 893
f 893 976 826
f 748 1063 1146
f 1146 674 748
f 895 826 976
f 748 828 1063
f 826 895 747
f 895 896 747
f 747 896 899
f 897 828 829
f 829 752 898
f 898 752 1065
f 752 754 830
f 981 751 899
f 756 901 983
f 902 901 755
f 983 984 757
f 757 903 758
f 757 984 903
f 1069 758 903
f 832 758 1069
f 833 832 1069
f 905 987 760
f 907 834 989
f 990 834 835
f 990 989 834
f 907 906 834
f 908 909 761
f 761 909 910
f 994 1071 836
f 1071 764 836
f 837 764 1072
f 764 1071 1072
f 908 761 995
f 994 911 912
f 837 997 765
f 765 997 996
f 911 838 912
f 915 616 1000
f 1077 916 838
f 996 1074 839
f 914 917 1001
f 1074 841 839
f 918 843 841
f 917 919 1003
f 917 842 919
f 841 922 918
f 1002 920 1084
f 768 920 921
f 768 921 771
f 772 1003 919
f 842 845 919
f 845 843 918
f 844 772 919
f 845 844 919
f 846 845 918
f 922 849 918
f 849 846 918
f 847 849 922
f 1006 848 847
f 1006 847 922
f 923 848 1006
f 777 848 1007
f 848 923 1007
f 777 1007 924
f 1084 769 1088
f 1088 769 851
f 777 924 850
f 853 1011 1010
f 853 925 1090
f 564 698 1016
f 564 1016 625
f 779 458 1017
f 779 1017 1018
f 1014 780 927
f 780 928 927
f 565 929 626
f 566 929 565
f 781 932 931
f 781 855 932
f 855 1021 1022
f 1020 782 933
f 1020 934 856
f 1021 1023 1022
f 705 857 1278
f 784 935 1103
f 1104 710 858
f 935 784 633
f 712 710 1104
f 635 860 633
f 859 937 936
f 938 936 937
f 938 787 936
f 785 1192 1108
f 861 937 786
f 1025 860 518
f 1026 861 788
f 941 789 939
f 940 789 941
f 942 1196 1026
f 789 940 717
f 576 1110 944
f 792 944 1199
f 1028 792 1199
f 1028 947 793
f 640 945 948
f 1030 794 796
f 1029 1032 947
f 947 1032 641
f 722 641 1032
f 865 1030 796
f 797 864 1033
f 795 797 1033
f 1201 795 1033
f 865 949 1202
f 1035 1293 949
f 867 1038 868
f 798 955 956
f 954 957 728
f 955 730 871
f 728 957 732
f 957 872 732
f 958 874 1041
f 1043 960 1128
f 1128 960 802
f 875 1128 802
f 875 876 962
f 1046 875 962
f 1046 962 1047
f 1047 962 878
f 961 1047 878
f 876 877 962
f 878 962 879
f 964 881 965
f 963 881 964
f 964 966 963
f 963 966 806
f 965 881 882
f 1132 882 808
f 966 1133 806
f 806 1133 967
f 808 812 1050
f 808 1050 1132
f 812 1052 1050
f 884 968 1051
f 811 884 1051
f 1053 811 1051
f 1053 1052 812
f 883 815 971
f 968 883 971
f 741 969 970
f 969 741 740
f 665 1142 1056
f 1057 886 818
f 885 886 1058
f 1058 888 885
f 1059 887 973
f 1060 974 891
f 1062 975 974
f 893 975 976
f 1062 977 975
f 977 978 975
f 976 975 978
f 895 978 896
f 976 978 895
f 978 979 896
f 897 829 898
f 896 979 899
f 899 979 980
f 752 830 1065
f 899 980 981
f 901 982 983
f 901 902 982
f 1068 982 902
f 1068 902 900
f 1236 903 984
f 1238 831 678
f 985 1238 678
f 1069 1156 833
f 985 760 1157
f 833 1156 986
f 987 1157 760
f 990 835 904
f 987 905 988
f 906 988 905
f 908 991 909
f 910 909 1248
f 992 910 1248
f 906 993 988
f 907 993 906
f 763 992 998
f 997 999 996
f 763 998 1000
f 838 916 912
f 996 999 1074
f 913 914 1167
f 914 1001 1167
f 1077 616 915
f 1171 1079 1002
f 1001 1003 1078
f 917 1003 1001
f 841 1004 922
f 1004 841 1074
f 1002 1084 1171
f 920 1002 1080
f 921 920 1080
f 921 1080 1003
f 1007 1005 1008
f 1005 1083 1008
f 1003 771 921
f 772 771 1003
f 1006 922 1004
f 1006 1004 923
f 924 1007 1008
f 1088 1175 1084
f 1008 850 924
f 851 1010 1088
f 1011 853 1012
f 1012 853 1090
f 1090 925 1013
f 698 1094 1016
f 625 1541 926
f 1095 1100 1018
f 927 1096 1014
f 1100 854 1018
f 626 929 928
f 112 930 566
f 930 1181 1338
f 931 1099 509
f 1099 931 932
f 933 854 1100
f 933 1019 1020
f 855 1022 932
f 1186 934 1020
f 856 706 704
f 705 1278 1023
f 1103 935 1102
f 935 633 860
f 938 937 861
f 1106 938 861
f 938 1107 787
f 861 1026 1106
f 939 787 1107
f 1024 939 1107
f 939 1024 941
f 940 941 1113
f 791 1111 862
f 717 940 943
f 942 1112 1196
f 942 863 1112
f 863 946 1114
f 863 1114 1112
f 943 1285 945
f 1114 946 1027
f 794 1115 718
f 1199 1116 1028
f 1030 1115 794
f 947 1116 1029
f 947 1028 1116
f 795 1031 1027
f 722 1032 1118
f 1118 1032 1200
f 1118 1033 864
f 1202 949 1293
f 1205 1035 950
f 950 1036 1120
f 1120 1036 1034
f 1205 1293 1035
f 1120 1034 1119
f 1120 1205 950
f 870 1037 867
f 867 1037 1122
f 867 1122 1038
f 1038 869 868
f 954 1039 1124
f 956 1126 870
f 952 1039 953
f 1039 954 953
f 954 1124 957
f 955 1040 956
f 1126 956 1040
f 1040 955 873
f 873 955 871
f 958 1040 873
f 1041 1126 1040
f 1041 1040 958
f 1042 1041 874
f 1127 1042 874
f 959 1127 874
f 1043 1127 959
f 1045 1128 875
f 872 1044 801
f 1129 875 1046
f 1047 961 801
f 964 965 1048
f 965 1215 1048
f 1048 1049 964
f 966 964 1049
f 882 1132 965
f 965 1132 1215
f 1133 1216 967
f 967 1216 810
f 1135 1134 1050
f 1052 1135 1050
f 1216 1136 810
f 968 1222 1051
f 810 1136 969
f 740 810 969
f 1052 1053 1054
f 1139 971 1056
f 970 1055 972
f 1055 1057 972
f 886 1057 1226
f 1058 1227 1141
f 886 1227 1058
f 1059 1142 665
f 1058 1141 1143
f 1058 1143 888
f 1143 1060 888
f 1059 973 1305
f 1144 1061 1145
f 828 897 1063
f 1148 977 1147
f 978 977 1148
f 897 898 1064
f 1148 979 978
f 898 1065 1064
f 1065 830 1067
f 981 980 1066
f 1150 982 1149
f 982 1068 1149
f 900 981 1066
f 982 1150 983
f 983 1150 1152
f 1066 1068 900
f 831 1153 830
f 983 1152 984
f 1236 1237 903
f 903 1237 1069
f 1155 985 1157
f 986 1158 904
f 904 1158 990
f 990 1251 989
f 1070 1159 908
f 908 1159 991
f 909 991 1248
f 908 995 1073
f 1070 908 1073
f 987 988 1164
f 907 989 1254
f 837 1161 997
f 995 1163 1073
f 995 913 1163
f 907 1166 993
f 1166 907 1254
f 912 1252 994
f 999 1456 1074
f 998 1075 1000
f 1075 1076 1000
f 915 1000 1076
f 916 1077 1173
f 1167 1001 1078
f 1077 915 1081
f 1002 1079 1082
f 1082 1078 1080
f 1078 1003 1080
f 1004 1074 1265
f 1082 1080 1002
f 1005 1007 1085
f 1007 923 1085
f 1083 1086 1008
f 1008 1087 850
f 1008 1086 1087
f 850 1087 1009
f 1010 1270 1088
f 1271 925 852
f 852 1009 1089
f 1176 1270 1010
f 1176 1010 1011
f 925 1271 1013
f 1090 1013 1177
f 1012 1272 1011
f 697 1014 1091
f 697 1091 1092
f 697 1092 1178
f 1093 697 1178
f 625 1016 1541
f 1017 926 1541
f 1018 1017 1095
f 1100 1095 1180
f 1096 1091 1014
f 1097 1015 1274
f 1094 1097 1274
f 927 1098 1096
f 928 1098 927
f 929 1098 928
f 509 1182 1181
f 1099 932 1184
f 1019 933 1100
f 1184 932 1022
f 1019 1186 1020
f 856 934 706
f 1340 1022 1279
f 1022 1023 1279
f 1278 1279 1023
f 857 1101 1278
f 858 1103 1191
f 1104 858 1191
f 1281 935 1344
f 1344 935 860
f 938 1106 1107
f 1105 860 1025
f 1108 1109 1110
f 1026 1194 1106
f 1024 1195 941
f 941 1195 1113
f 1111 1025 862
f 940 1113 1197
f 943 940 1197
f 1111 791 718
f 1117 1115 1030
f 865 1117 1030
f 795 1201 1031
f 865 1202 1117
f 1032 1288 1350
f 1350 1200 1032
f 1033 1118 1291
f 1034 948 1352
f 1119 1034 1352
f 1205 1120 1204
f 1119 1204 1120
f 1037 1121 1122
f 869 1206 951
f 1037 1123 1121
f 870 1123 1037
f 951 1206 952
f 870 1126 1123
f 1124 1125 957
f 1126 1041 1042
f 1125 1044 957
f 1044 872 957
f 1045 1127 1043
f 1043 1128 1045
f 1045 875 1129
f 1044 1047 801
f 1211 1129 1046
f 1047 1211 1046
f 1049 1130 1213
f 1049 1048 1130
f 1131 1049 1213
f 1049 1131 966
f 966 1363 1133
f 1132 1050 1217
f 1050 1134 1217
f 968 971 1139
f 1139 1222 968
f 1053 1051 1220
f 1051 1222 1220
f 1054 1053 1220
f 1135 1052 1054
f 1219 1138 970
f 1219 970 969
f 1138 1137 1055
f 1138 1055 970
f 1056 1140 1139
f 1055 1137 1300
f 1055 1226 1057
f 1056 1142 1140
f 1225 1140 1142
f 1226 1227 886
f 1142 1059 1230
f 1143 1231 1060
f 1232 1060 1231
f 973 1144 1305
f 1062 1147 977
f 1063 897 1233
f 897 1064 1233
f 1148 1234 979
f 1064 1065 1377
f 980 979 1234
f 1065 1067 1377
f 1234 1151 980
f 1149 1068 1151
f 1151 1068 1066
f 980 1151 1066
f 830 1153 1067
f 1152 1236 984
f 831 1238 1153
f 1237 1154 1069
f 1156 1069 1154
f 1238 985 1155
f 1156 1311 986
f 1311 1240 986
f 1240 1158 986
f 1157 987 1162
f 1158 1251 990
f 1251 1158 1242
f 1313 1243 1070
f 1243 1244 1070
f 1070 1244 1159
f 991 1159 1245
f 1248 991 1245
f 1246 1251 1242
f 1072 1071 1160
f 1071 1247 1160
f 837 1072 1161
f 1072 1160 1161
f 1073 1313 1070
f 1247 1071 994
f 992 1248 1250
f 998 992 1250
f 1164 988 1165
f 1165 988 993
f 989 1251 1254
f 1250 1164 998
f 1165 998 1164
f 993 1166 1165
f 1166 1254 1255
f 999 1253 1456
f 913 1167 1163
f 1168 1075 1165
f 998 1165 1075
f 1168 1165 1166
f 1391 1255 1254
f 1258 1252 912
f 1258 912 916
f 1075 1168 1169
f 1076 1075 1169
f 1173 1258 916
f 1076 1169 1264
f 1081 1173 1077
f 1263 1170 1171
f 1170 1259 1171
f 1079 1171 1172
f 1082 1079 1260
f 1079 1172 1260
f 1082 1260 1078
f 915 1076 1268
f 915 1268 1081
f 1171 1084 1266
f 1263 1171 1266
f 1265 1085 1004
f 1266 1084 1175
f 1004 1085 923
f 1174 1005 1085
f 1088 1270 1175
f 1009 1087 1089
f 1271 852 1089
f 1176 1011 1272
f 1334 1012 1090
f 1177 1334 1090
f 1093 1178 1179
f 1093 1179 1015
f 1541 1016 1404
f 1100 1180 1276
f 930 1337 566
f 1099 1183 509
f 509 1183 1182
f 1100 1276 1019
f 1276 1185 1019
f 1340 1184 1022
f 1185 1186 1019
f 706 934 1188
f 934 1187 1188
f 1186 1187 934
f 706 1188 1189
f 706 1189 857
f 857 1189 1101
f 1103 1102 1190
f 1191 1103 1190
f 1102 935 1281
f 1107 1106 1193
f 1193 1106 1194
f 1107 1193 1024
f 1108 1192 1109
f 1194 1026 1196
f 1195 1024 1193
f 1195 1284 1113
f 1421 944 1110
f 1112 1283 1196
f 1283 1282 1196
f 1284 1197 1113
f 1285 943 1197
f 718 1286 1111
f 944 1198 1199
f 718 1115 1286
f 1114 1027 1287
f 948 945 1349
f 1029 1348 1288
f 1029 1116 1348
f 1027 1031 1287
f 1288 1032 1029
f 1289 1031 1290
f 1201 1290 1031
f 1291 1118 1200
f 1033 1291 1203
f 1033 1203 1201
f 1203 1290 1201
f 1561 1202 1293
f 1356 1119 1352
f 1204 1119 1356
f 1122 1207 1038
f 1206 869 1038
f 1123 1207 1121
f 1121 1207 1122
f 952 1206 1208
f 1039 1210 1124
f 1042 1123 1126
f 1123 1042 1207
f 1127 1207 1042
f 1209 952 1208
f 1209 1210 1039
f 1209 1039 952
f 1125 1124 1210
f 1209 1045 1129
f 1211 1209 1129
f 1044 1125 1295
f 1295 1211 1047
f 1044 1295 1047
f 1212 1130 1296
f 1130 1212 1213
f 1130 1214 1296
f 1214 1130 1048
f 1048 1215 1214
f 1131 1363 966
f 1365 1215 1132
f 1365 1132 1217
f 1363 1216 1133
f 1134 1135 1218
f 1136 1219 969
f 1137 1218 1135
f 1221 1218 1137
f 1222 1223 1220
f 1220 1223 1054
f 1138 1221 1137
f 1224 1222 1139
f 1054 1223 1300
f 1135 1054 1300
f 1135 1300 1137
f 1139 1140 1225
f 1224 1139 1225
f 1300 1226 1055
f 1229 1224 1225
f 1226 1228 1227
f 1228 1229 1141
f 1227 1228 1141
f 1225 1142 1301
f 1301 1142 1369
f 1141 1229 1231
f 1141 1231 1143
f 1230 1302 1142
f 1369 1142 1302
f 1230 1059 1305
f 1305 1304 1230
f 974 1060 1232
f 1061 1146 1307
f 1373 1062 1232
f 1062 974 1232
f 1063 1307 1146
f 1062 1373 1147
f 1307 1063 1233
f 1233 1064 1308
f 1147 1439 1148
f 1439 1375 1148
f 1308 1064 1376
f 1234 1148 1375
f 1376 1064 1377
f 1234 1235 1151
f 1150 1149 1235
f 1235 1149 1151
f 1238 1447 1153
f 1447 1238 1155
f 1154 1239 1156
f 1241 1155 1157
f 1158 1240 1242
f 1241 1157 1162
f 1159 1244 1245
f 1248 1245 1521
f 1247 994 1387
f 1451 1073 1163
f 997 1253 999
f 1250 1248 1314
f 1386 1162 1249
f 987 1164 1162
f 1162 1164 1249
f 1251 1246 1315
f 994 1252 1387
f 1386 1249 1314
f 1249 1250 1314
f 1250 1249 1164
f 1316 1251 1315
f 1254 1251 1316
f 1163 1167 1256
f 1169 1168 1257
f 1166 1257 1168
f 1172 1256 1260
f 1167 1260 1256
f 1167 1078 1260
f 1264 1169 1261
f 1261 1169 1257
f 1262 1261 1257
f 1319 1262 1257
f 1166 1319 1257
f 1259 1172 1171
f 1261 1267 1264
f 1264 1267 1076
f 1076 1267 1268
f 1269 1258 1173
f 1174 1085 1265
f 1086 1083 1324
f 1081 1268 1398
f 1175 1397 1266
f 1173 1081 1398
f 1087 1086 1327
f 1270 1329 1175
f 1087 1330 1089
f 1087 1327 1330
f 1271 1332 1013
f 1013 1332 1177
f 1176 1470 1402
f 1470 1176 1272
f 1180 1095 1273
f 1477 1403 1096
f 1403 1091 1096
f 1015 1179 1274
f 1276 1180 1273
f 1096 1098 1477
f 1098 1543 1477
f 1181 1275 1338
f 1182 1183 1181
f 1181 1183 1275
f 1183 1099 1184
f 1276 1339 1185
f 1185 1481 1186
f 1277 1188 1187
f 1481 1187 1186
f 1279 1410 1340
f 1102 1281 1280
f 1342 1191 1190
f 1104 1191 1420
f 1420 1192 1104
f 1488 1344 860
f 1193 1194 1345
f 1193 1345 1195
f 1194 1196 1345
f 1110 1109 1421
f 1195 1345 1346
f 1345 1196 1282
f 1195 1346 1284
f 1111 1490 1025
f 1198 944 1421
f 1197 1284 1347
f 1199 1198 1932
f 945 1285 1560
f 1116 1199 1702
f 1349 945 1560
f 1287 1031 1289
f 1352 948 1349
f 1117 1202 1561
f 1289 1290 1292
f 1291 1200 1353
f 1291 1353 1203
f 1561 1293 1426
f 1290 1203 1292
f 1205 1428 1293
f 1357 1428 1205
f 1205 1204 1357
f 1358 1356 1565
f 1358 1204 1356
f 1038 1294 1206
f 1207 1294 1038
f 1294 1208 1206
f 1045 1294 1207
f 1208 1294 1045
f 1295 1125 1210
f 1045 1207 1127
f 1209 1208 1045
f 1209 1211 1210
f 1295 1210 1211
f 1212 1296 1359
f 1359 1360 1212
f 1212 1360 1213
f 1360 1362 1213
f 1213 1362 1131
f 1362 1363 1131
f 1217 1297 1365
f 1363 1298 1216
f 1136 1216 1298
f 1134 1297 1217
f 1297 1134 1299
f 1299 1134 1218
f 1366 1368 1219
f 1136 1366 1219
f 1218 1221 1299
f 1368 1221 1138
f 1219 1368 1138
f 1223 1222 1224
f 1300 1223 1224
f 1300 1224 1228
f 1228 1224 1229
f 1226 1300 1228
f 1225 1301 1370
f 1225 1370 1229
f 1229 1370 1231
f 1370 1303 1231
f 1302 1230 1304
f 1305 1144 1306
f 1304 1305 1306
f 1232 1231 1303
f 1144 1145 1306
f 1145 1061 1307
f 1307 1233 1374
f 1439 1147 1373
f 1233 1308 1374
f 1374 1308 1309
f 1510 1235 1234
f 1310 1150 1235
f 1378 1152 1310
f 1152 1150 1310
f 1378 1442 1152
f 1442 1236 1152
f 1442 1237 1236
f 1443 1237 1442
f 1443 1445 1237
f 1237 1445 1154
f 1155 1241 1580
f 1240 1380 1242
f 1582 1580 1241
f 1381 1243 1313
f 1381 1312 1243
f 1243 1312 1244
f 1245 1244 1312
f 1380 1520 1246
f 1242 1380 1246
f 1449 1160 1247
f 1161 1160 1450
f 1160 1449 1450
f 1520 1384 1246
f 1451 1313 1073
f 1248 1521 1314
f 1246 1384 1315
f 1388 1451 1163
f 1253 1385 1456
f 1317 1316 1315
f 1252 1315 1387
f 1252 1317 1315
f 1163 1256 1388
f 1254 1316 1391
f 1456 1458 1074
f 1391 1316 1321
f 1258 1321 1317
f 1317 1321 1316
f 1252 1258 1317
f 1170 1389 1318
f 1259 1256 1172
f 1259 1390 1256
f 1259 1170 1390
f 1319 1166 1255
f 1391 1320 1255
f 1265 1074 1458
f 1263 1389 1170
f 1322 1265 1458
f 1005 1323 1083
f 1083 1323 1324
f 1266 1462 1263
f 1319 1267 1262
f 1319 1325 1267
f 1261 1262 1267
f 1255 1395 1319
f 1320 1395 1255
f 1265 1322 1174
f 1174 1323 1005
f 1086 1324 1326
f 1328 1267 1325
f 1328 1268 1267
f 1326 1327 1086
f 1397 1175 1329
f 1268 1328 1400
f 1398 1269 1173
f 1396 1400 1328
f 1268 1400 1398
f 1270 1176 1329
f 1089 1331 1271
f 1330 1331 1089
f 1271 1331 1332
f 1333 1177 1332
f 1272 1012 1336
f 1334 1177 1335
f 1335 1177 1333
f 1472 1272 1336
f 1012 1334 1336
f 1335 1336 1334
f 1092 1091 1403
f 1179 1178 1475
f 1179 1475 1675
f 1016 1094 1404
f 1095 1017 1476
f 1095 1476 1273
f 1094 1274 1404
f 1338 1337 930
f 1339 1481 1185
f 1184 1340 1480
f 1340 1408 1480
f 1189 1188 1406
f 1340 1410 1408
f 1410 1279 1486
f 1279 1278 1482
f 1101 1482 1278
f 1410 1409 1408
f 1280 1341 1556
f 1280 1190 1102
f 1342 1190 1280
f 1281 1341 1280
f 1419 1191 1342
f 1344 1343 1281
f 1420 1191 1419
f 1105 1025 1490
f 1346 1345 1282
f 1489 1347 1284
f 1424 1197 1347
f 1285 1197 1424
f 1112 1114 1283
f 1424 1425 1285
f 1114 1287 1770
f 1560 1285 1425
f 1932 1851 1199
f 1199 1851 1702
f 1348 1116 1702
f 1495 1287 1289
f 1288 1348 1350
f 1350 1351 1200
f 1351 1353 1200
f 1354 1203 1353
f 1292 1203 1427
f 1428 1426 1293
f 1204 1358 1357
f 1214 1361 1296
f 1214 1215 1361
f 1215 1365 1361
f 1297 1431 1365
f 1298 1363 1364
f 1431 1297 1367
f 1364 1366 1298
f 1367 1297 1299
f 1298 1366 1136
f 1367 1299 1368
f 1366 1367 1368
f 1368 1299 1221
f 1369 1433 1301
f 1433 1370 1301
f 1306 1145 1641
f 1303 1373 1232
f 1435 1371 1372
f 1374 1309 1437
f 1375 1509 1234
f 1510 1234 1509
f 1310 1235 1510
f 1239 1446 1156
f 1156 1446 1311
f 1240 1379 1380
f 1381 1382 1312
f 1312 1382 1383
f 1383 1245 1312
f 1247 1448 1449
f 1518 1161 1450
f 1161 1518 997
f 1518 1253 997
f 1241 1162 1584
f 1584 1162 1386
f 1387 1448 1247
f 1315 1384 1387
f 1390 1388 1256
f 1318 1390 1170
f 1462 1389 1263
f 1391 1321 1394
f 1321 1258 1394
f 1322 1458 1392
f 1322 1392 1323
f 1323 1392 1459
f 1324 1323 1459
f 1324 1459 1393
f 1391 1394 1320
f 1258 1269 1394
f 1323 1174 1322
f 1324 1393 1326
f 1266 1463 1462
f 1397 1463 1266
f 1319 1395 1325
f 1464 1320 1269
f 1394 1269 1320
f 1395 1396 1328
f 1325 1395 1328
f 1592 1395 1320
f 1269 1399 1464
f 1330 1327 1530
f 1396 1469 1400
f 1400 1401 1398
f 1398 1399 1269
f 1591 1331 1330
f 1533 1331 1591
f 1329 1176 1402
f 1468 1398 1401
f 1332 1471 1333
f 1470 1272 1472
f 1335 1473 1336
f 1474 1473 1335
f 1092 1403 1893
f 1178 1092 1475
f 1274 1179 1675
f 1098 1478 1543
f 929 1478 1098
f 566 2341 929
f 1337 1544 1479
f 1337 1545 1544
f 1337 1338 1545
f 1275 1405 1338
f 1275 1183 1405
f 1183 1184 1405
f 1405 1184 1480
f 1546 1481 1339
f 1188 1277 1406
f 1411 1407 1412
f 1412 1484 1413
f 1407 1484 1412
f 1486 1409 1410
f 1411 1412 1414
f 1415 1414 1412
f 1413 1415 1412
f 1416 1415 1413
f 1415 1417 1414
f 1416 1487 1415
f 1341 1418 1556
f 860 1105 1488
f 1346 1282 1491
f 1346 1489 1284
f 1346 1491 1489
f 1489 1422 1347
f 1283 1698 1282
f 1422 1423 1347
f 1111 1492 1490
f 1424 1347 1423
f 1424 1423 1493
f 1493 1425 1424
f 1627 1111 1286
f 1628 1560 1425
f 1348 1703 1350
f 1352 1349 1700
f 1351 1350 1562
f 1496 1289 1292
f 1354 1353 1351
f 1354 1427 1203
f 1292 1427 1355
f 1356 1352 1497
f 1565 1356 1497
f 1498 1357 1358
f 1360 1359 1429
f 1430 1359 1296
f 1429 1362 1360
f 1296 1361 1430
f 1429 1499 1362
f 1362 1499 1363
f 1499 1364 1363
f 1364 1502 1366
f 1502 1431 1367
f 1366 1502 1367
f 1302 1304 1432
f 1302 1432 1369
f 1432 1433 1369
f 1304 1568 1432
f 1433 1503 1370
f 1306 1641 1568
f 1304 1306 1568
f 1303 1370 1503
f 1503 1434 1303
f 1371 1435 1436
f 1504 1371 1436
f 1506 1372 1504
f 1372 1371 1504
f 1307 1507 1145
f 1373 1303 1434
f 1435 1372 1506
f 1507 1307 1437
f 1307 1374 1437
f 1437 1438 1572
f 1439 1373 1440
f 1438 1437 1309
f 1375 1439 1440
f 1441 1375 1440
f 1438 1309 1573
f 1309 1308 1573
f 1308 1376 1573
f 1509 1375 1441
f 1376 1377 1723
f 1377 1067 1574
f 1378 1647 1442
f 1153 1444 1067
f 1067 1444 1574
f 1445 1443 1724
f 1153 1447 1444
f 1445 1239 1154
f 1446 1379 1311
f 1311 1379 1240
f 1447 1155 1580
f 1649 1381 1313
f 1521 1245 1383
f 1520 1453 1384
f 1448 1387 1452
f 1522 1584 1386
f 1314 1521 1455
f 1522 1386 1314
f 1455 1522 1314
f 1384 1453 1387
f 1453 1452 1387
f 1456 1385 1454
f 1318 1457 1526
f 1526 1525 1318
f 1318 1525 1390
f 1458 1456 1587
f 1389 1457 1318
f 1392 1458 1587
f 1459 1460 1461
f 1528 1389 1462
f 1459 1392 1527
f 1461 1393 1459
f 1461 1529 1393
f 1393 1529 1326
f 1395 1531 1396
f 1592 1320 1464
f 1397 1329 1466
f 1592 1531 1395
f 1464 1399 1465
f 1591 1330 1530
f 1399 1398 1468
f 1399 1468 1467
f 1399 1467 1465
f 1329 1402 1466
f 1534 1396 1531
f 1469 1396 1534
f 1536 1469 1534
f 1469 1597 1537
f 1400 1469 1537
f 1401 1400 1537
f 1600 1401 1537
f 1332 1331 1471
f 1538 1402 1470
f 1333 1471 1540
f 1474 1333 1540
f 1472 1336 1473
f 1335 1333 1474
f 1540 1603 1474
f 1475 1092 1893
f 1541 1404 1748
f 1680 1273 1476
f 1680 1276 1273
f 566 1337 2341
f 1338 1405 1545
f 1339 1607 1546
f 1685 1682 1480
f 1187 1481 1546
f 1685 1480 1408
f 1187 1684 1277
f 1546 1684 1187
f 1277 1684 1406
f 1547 1685 1408
f 1409 1547 1408
f 1614 1482 1101
f 1189 1549 1101
f 1407 1411 1483
f 1411 1550 1483
f 1407 1483 1484
f 1413 1484 1485
f 1413 1485 1547
f 1482 1486 1279
f 1411 1414 1550
f 1550 1414 1551
f 1413 1547 1416
f 1416 1552 1487
f 1554 1487 1552
f 1417 1415 1693
f 1693 1415 1487
f 1554 1555 1487
f 1556 1342 1280
f 1696 1419 1342
f 1344 1488 1763
f 1697 1192 1420
f 1109 1192 1697
f 1623 1421 1109
f 1198 1421 1557
f 1282 1698 1491
f 1114 1698 1283
f 1493 1423 1559
f 1423 1422 1559
f 1626 1493 1559
f 1425 1493 1494
f 1627 1492 1111
f 1115 1772 1286
f 1702 1703 1348
f 1496 1495 1289
f 1352 1700 1564
f 1292 1355 1496
f 1426 1704 1561
f 1352 1564 1497
f 1427 1708 1355
f 1565 1497 1630
f 1428 1357 1631
f 1498 1358 1565
f 1359 1430 1566
f 1567 1359 1566
f 1429 1359 1567
f 1364 1499 1501
f 1361 1365 1500
f 1500 1431 1502
f 1365 1431 1500
f 1501 1500 1502
f 1364 1501 1502
f 1433 1432 1637
f 1433 1637 1503
f 1435 1505 1436
f 1641 1145 1507
f 1435 1506 1505
f 1373 1434 1508
f 1437 1571 1507
f 1440 1373 1508
f 1437 1572 1571
f 1438 1573 1572
f 1511 1510 1509
f 1310 1510 1511
f 1512 1310 1511
f 1573 1376 1723
f 1512 1513 1378
f 1512 1378 1310
f 1723 1377 1574
f 1647 1378 1513
f 1442 1647 1443
f 1574 1444 1577
f 1443 1576 1724
f 1444 1447 1648
f 1445 1724 1239
f 1239 1514 1446
f 1446 1515 1379
f 1515 1578 1379
f 1649 1727 1381
f 1380 1579 1520
f 1649 1313 1581
f 1579 1652 1520
f 1450 1449 1516
f 1449 1448 1516
f 1518 1450 1517
f 1450 1516 1517
f 1313 1451 1581
f 1518 1519 1253
f 1584 1582 1241
f 1385 1253 1651
f 1520 1652 1453
f 1651 1454 1385
f 1455 1521 1523
f 1522 1455 1524
f 1523 1524 1455
f 1452 1453 1586
f 1457 1585 1526
f 1388 1390 1525
f 1457 1389 1528
f 1459 1527 1460
f 1529 1660 1326
f 1660 1327 1326
f 1660 1530 1327
f 1466 1463 1397
f 1465 1592 1464
f 1666 1531 1592
f 1465 1467 1532
f 1468 1532 1467
f 1468 1535 1532
f 1597 1469 1536
f 1401 1598 1468
f 1535 1468 1598
f 1533 1471 1331
f 1466 1402 1663
f 1402 1538 1663
f 1597 1599 1537
f 1600 1537 1599
f 1539 1470 1472
f 1539 1472 1673
f 1673 1472 1473
f 1473 1743 1673
f 1474 1603 1674
f 1473 1674 1743
f 1474 1674 1473
f 1475 1976 1675
f 1541 1748 1542
f 1017 1541 1677
f 1541 1542 1677
f 1476 1017 1677
f 1403 1477 1604
f 1675 1679 1274
f 929 2341 1478
f 1480 1682 1405
f 1339 1276 1680
f 1607 1339 1680
f 1406 1684 1608
f 1548 1685 1485
f 1547 1485 1685
f 1549 1189 1406
f 1549 1406 1608
f 1549 1614 1101
f 1483 1550 1611
f 1483 1611 1609
f 1484 1483 1609
f 1609 1548 1484
f 1485 1484 1548
f 1547 1409 1552
f 1416 1547 1552
f 1486 1482 1689
f 1551 1612 1613
f 1551 1613 1550
f 1552 1409 1553
f 1553 1409 1486
f 1615 1612 1551
f 1554 1552 1553
f 1553 1618 1554
f 1618 1555 1554
f 1487 1555 1693
f 1555 1618 1691
f 1691 1620 1555
f 1341 1622 1621
f 1418 1341 1621
f 1696 1342 1556
f 1341 1343 1622
f 1343 1341 1281
f 1763 1343 1344
f 1420 1419 1697
f 1764 1488 1105
f 1109 1697 1623
f 1105 1625 1764
f 1625 1105 1490
f 1489 1491 1558
f 1625 1490 1492
f 1846 1198 1557
f 1558 1422 1489
f 1491 1698 1558
f 1422 1558 1624
f 1624 1559 1422
f 1628 1425 1494
f 1286 1772 1627
f 1850 1560 1628
f 1117 1772 1115
f 1561 1772 1117
f 1562 1350 1703
f 1562 1774 1351
f 1351 1774 1354
f 1355 1563 1496
f 1426 1707 1704
f 1428 1775 1426
f 1354 1629 1427
f 1708 1427 1629
f 1565 1630 1633
f 1428 1631 1775
f 1631 1357 1632
f 1357 1498 1632
f 1565 1633 1498
f 1567 1499 1429
f 1566 1361 1500
f 1430 1361 1566
f 1501 1566 1500
f 1567 1566 1501
f 1499 1567 1501
f 1569 1568 1641
f 1568 1637 1432
f 1436 1635 1634
f 1634 1504 1436
f 1636 1504 1634
f 1635 1436 1505
f 1505 1506 1636
f 1506 1504 1636
f 1508 1570 1440
f 1570 1441 1440
f 1572 1573 1714
f 1643 1509 1441
f 1643 1511 1509
f 1512 1644 1645
f 1512 1511 1644
f 1512 1645 1513
f 1513 1645 1647
f 1443 1647 1575
f 1576 1443 1575
f 1444 1648 1577
f 1724 1514 1239
f 1446 1514 1515
f 1648 1447 1725
f 1447 1580 1725
f 1726 1579 1379
f 1379 1579 1380
f 1381 1727 1382
f 1518 1517 1650
f 1728 1383 1382
f 1518 1650 1519
f 1584 1583 1582
f 1519 1651 1253
f 1383 1653 1521
f 1524 1584 1522
f 1452 1656 1448
f 1388 1730 1451
f 1521 1653 1657
f 1388 1525 1730
f 1523 1521 1657
f 1654 1524 1523
f 1453 1652 1586
f 1454 1587 1456
f 1460 1588 1461
f 1527 1392 1587
f 1588 1529 1461
f 1463 1589 1462
f 1660 1661 1530
f 1662 1463 1466
f 1591 1530 1590
f 1590 1533 1591
f 1531 1594 1534
f 1465 1595 1592
f 1532 1595 1465
f 1593 1595 1532
f 1593 1532 1535
f 1534 1594 1536
f 1666 1594 1531
f 1595 1666 1592
f 1594 1665 1536
f 1536 1665 1597
f 1535 1596 1593
f 1663 1538 1811
f 1670 1597 1665
f 1598 1596 1535
f 1597 1670 1599
f 1538 1539 1811
f 1538 1470 1539
f 1401 1600 1602
f 1471 1601 1540
f 1600 1599 1602
f 1401 1602 1598
f 1598 1602 1671
f 1671 1602 1818
f 1603 1601 1742
f 1603 1540 1601
f 1605 1404 1274
f 1748 1404 1605
f 1476 1677 1678
f 1680 1476 1678
f 1606 1604 1477
f 1274 1679 1895
f 1274 1895 1605
f 1477 1543 1606
f 1544 1681 1479
f 1545 1682 1544
f 1544 1682 1681
f 1682 1545 1405
f 1548 1609 1686
f 1610 1549 1608
f 1609 1611 1686
f 1610 1614 1549
f 1550 1613 1611
f 1614 1689 1482
f 1553 1486 1616
f 1551 1617 1615
f 1618 1553 1616
f 1414 1417 1551
f 1616 1619 1618
f 1619 1691 1618
f 1693 1555 1692
f 1692 1555 1620
f 1757 1417 1693
f 1621 1761 1418
f 1556 1418 1696
f 1418 1761 1696
f 1421 1623 1557
f 1558 1698 1765
f 1624 1558 1765
f 2013 1198 1846
f 1114 1770 1698
f 1493 1626 1494
f 1932 1198 2013
f 1770 1287 2019
f 1287 1495 2019
f 1349 1560 1850
f 1349 1850 1700
f 1561 1701 1772
f 1855 1852 1496
f 1496 1563 1855
f 1562 1935 1774
f 1564 1773 1497
f 1707 1426 1775
f 1774 1629 1354
f 1497 1773 1630
f 1630 1773 1706
f 1632 1498 1633
f 1568 1569 1711
f 1637 1568 1711
f 1637 1711 1638
f 1503 1637 1640
f 1637 1639 1640
f 1640 1434 1503
f 1641 1507 1642
f 1569 1641 1642
f 1508 1640 1570
f 1508 1434 1640
f 1571 1642 1507
f 1715 1572 1714
f 1570 1643 1441
f 1714 1573 1720
f 1719 1644 1643
f 1643 1644 1511
f 1647 1645 1646
f 1574 1791 1723
f 1647 1646 1575
f 1725 1580 1793
f 1382 1727 1728
f 1582 1793 1580
f 1649 1581 1948
f 1448 1949 1516
f 1876 1581 1451
f 1798 1383 1728
f 1730 1876 1451
f 1798 1653 1383
f 1583 1584 1524
f 1448 1656 1949
f 1583 1524 1654
f 1654 1657 1802
f 1654 1523 1657
f 1652 1655 1586
f 1656 1452 1586
f 1658 1585 1457
f 1588 1460 1736
f 1457 1528 1658
f 1587 1659 1527
f 1527 1659 1460
f 1736 1806 1588
f 1807 1528 1462
f 1529 1588 1660
f 1660 1588 1806
f 1462 1589 1807
f 1589 1463 1662
f 1663 1662 1466
f 1595 1593 1664
f 1808 1810 1533
f 1533 1810 1471
f 1595 1812 1666
f 1664 1812 1595
f 1664 1593 1596
f 1664 1596 1667
f 1664 1667 1738
f 1665 1668 1670
f 1666 1665 1594
f 1669 1667 1596
f 1598 1669 1596
f 1471 1814 1601
f 1811 1539 1741
f 1815 1670 1668
f 1671 1669 1598
f 1815 1599 1670
f 1601 1814 1817
f 1599 1815 1672
f 1599 1672 1602
f 1602 1672 1818
f 1742 1601 1817
f 1539 1673 1892
f 1745 1674 1603
f 1674 1744 1743
f 1677 1542 1676
f 1678 1677 1819
f 1680 1678 1819
f 1606 1543 1820
f 1479 1821 1337
f 1680 2254 1607
f 1897 1546 1607
f 1682 1685 1683
f 1685 1752 1683
f 1684 1897 1608
f 1685 1548 1686
f 1752 1611 1753
f 1686 1611 1752
f 1614 1610 1688
f 1687 1613 1612
f 1687 1753 1613
f 1753 1611 1613
f 1689 1614 1688
f 1824 1687 1615
f 1687 1612 1615
f 1690 1824 1615
f 1825 1616 1486
f 1689 1825 1486
f 1690 1615 1617
f 1617 1551 1754
f 1551 1417 1754
f 1619 1755 1691
f 1757 1759 1417
f 1759 1758 1417
f 1621 1694 1695
f 1621 1695 1761
f 1621 1622 1694
f 1765 1766 1624
f 1766 1559 1624
f 1766 1626 1559
f 1766 1699 1626
f 1626 1699 1494
f 1494 1699 1769
f 1628 1494 1769
f 1495 1496 1852
f 1562 1703 1854
f 1854 1935 1562
f 1704 1701 1561
f 1563 1705 1855
f 1355 1708 1563
f 1708 1937 1563
f 1857 1706 1773
f 1857 1859 1706
f 1633 1630 1860
f 1630 1706 1860
f 1859 1860 1706
f 1634 1635 1777
f 1635 1710 1777
f 1634 1709 1636
f 1709 1710 1636
f 1505 1710 1635
f 1710 1505 1636
f 1637 1638 1639
f 1712 1640 1639
f 1640 1713 1783
f 1715 1711 1569
f 1569 1642 1715
f 1640 1783 1570
f 1715 1642 1571
f 1715 1571 1572
f 1715 1714 1716
f 1716 1714 1717
f 1718 1570 1783
f 1643 1570 1718
f 1720 1789 1714
f 1719 1721 1644
f 1643 1718 1719
f 1644 1721 1645
f 1645 1721 1722
f 1573 1723 1720
f 1722 1867 1645
f 1645 1867 1646
f 1791 1720 1723
f 1578 1726 1379
f 1726 1792 1579
f 1948 1794 1649
f 1649 1794 1727
f 1728 1727 1795
f 1793 1582 1874
f 1796 1948 1581
f 1582 1583 1874
f 1581 1876 1796
f 1579 1729 1652
f 1729 1655 1652
f 1949 1656 1878
f 1731 1799 1732
f 1801 1583 1654
f 1454 1651 1734
f 1585 1799 1731
f 1585 1731 1526
f 1525 1526 1731
f 1731 1730 1525
f 1653 1735 1657
f 1654 1802 1801
f 1656 1586 1733
f 1586 1655 1733
f 1733 1803 1656
f 1587 1454 1734
f 1585 1658 1799
f 1657 1735 1802
f 1659 1587 1734
f 1736 1805 1806
f 1528 1807 1658
f 1530 1661 1590
f 1589 1662 1737
f 1533 1590 1808
f 1662 1809 1737
f 1809 1662 1663
f 1812 1664 1738
f 1811 1809 1663
f 1740 1666 1812
f 1738 1667 1669
f 1738 1669 1739
f 1738 1739 1885
f 1471 1810 1814
f 1665 1740 1668
f 1666 1740 1665
f 1739 1669 1886
f 1740 1888 1815
f 1740 1815 1668
f 1815 1888 1816
f 1669 1671 1813
f 1669 1813 1886
f 1891 1741 1539
f 1672 1815 1816
f 1892 1891 1539
f 1742 1745 1603
f 1604 1746 1747
f 1604 1747 1403
f 1675 1976 1977
f 1677 1676 1819
f 1604 1606 1746
f 1819 2254 1680
f 2341 1337 1978
f 1479 1749 1821
f 1681 1749 1479
f 1681 1683 1749
f 1683 1750 1749
f 1681 1682 1683
f 1752 1750 1683
f 1607 2254 1897
f 1685 1686 1752
f 1751 1688 1610
f 1688 1751 1822
f 1689 1688 1822
f 1825 1689 1822
f 1827 1616 1825
f 1619 1616 1827
f 1828 1619 1827
f 1620 1691 1755
f 1755 1828 1830
f 1755 1619 1828
f 1757 1693 1756
f 1693 1692 1756
f 1756 1692 1620
f 1417 1758 1754
f 1759 1757 1756
f 1754 1758 1831
f 1758 1759 1760
f 1760 1759 1832
f 1696 1761 1912
f 1696 1912 1762
f 2370 1763 1488
f 2287 2370 1764
f 1766 1765 1848
f 1766 1767 1699
f 1768 1699 1767
f 1769 1699 1768
f 1628 1769 2021
f 1627 2016 1492
f 1772 1771 1627
f 1495 1852 2019
f 1933 1564 1700
f 1772 1701 2023
f 1703 1702 1854
f 1937 1705 1563
f 1856 1705 1937
f 1937 1708 1936
f 1631 1941 1775
f 1939 1860 1859
f 1862 1941 1631
f 1631 1632 1862
f 1776 1632 1860
f 1632 1633 1860
f 1776 1862 1632
f 1634 1777 1778
f 1778 1709 1634
f 1863 1779 1710
f 1779 1777 1710
f 1710 1709 1863
f 1780 1640 1712
f 1780 1713 1640
f 1781 1712 1638
f 1638 1712 1639
f 1638 1711 1782
f 1781 1638 1783
f 1783 1638 1782
f 1781 1783 1713
f 1715 1866 1711
f 1866 1782 1711
f 1866 1715 1716
f 1782 1784 1783
f 1718 1783 1784
f 1785 1716 1786
f 1786 1716 1717
f 1787 1784 1785
f 1787 1785 1786
f 1784 1787 1718
f 1787 1786 1788
f 1721 1787 1788
f 1719 1787 1721
f 1718 1787 1719
f 1714 1789 1717
f 1789 1790 1717
f 1786 1717 1788
f 1788 1717 1790
f 1722 1788 1790
f 1788 1722 1721
f 1722 1790 1867
f 1789 1720 1868
f 1791 1868 1720
f 1791 1574 1946
f 1574 1577 1946
f 1869 1724 1576
f 1577 1648 1870
f 1724 1869 1514
f 1515 1871 1578
f 1578 2228 1726
f 2046 1795 1794
f 1794 1795 1727
f 1516 1949 1875
f 1517 1516 1875
f 1517 2049 1650
f 1798 1728 1795
f 1650 2051 1519
f 1874 1583 1801
f 1519 1950 1651
f 1876 1953 1796
f 1797 1876 1730
f 1799 1951 1732
f 1731 1797 1730
f 1799 1800 1951
f 1797 1731 1732
f 1655 1880 1733
f 1803 1733 1880
f 1878 1656 1803
f 1734 2055 1659
f 1800 1799 1804
f 1804 1799 1658
f 1879 1802 1735
f 2055 1736 1659
f 1659 1736 1460
f 1805 1736 1957
f 1658 1807 1804
f 1589 1960 1807
f 1661 1660 1881
f 1737 1960 1589
f 1590 1882 1808
f 1809 1963 1737
f 1808 2150 1810
f 1809 1811 1884
f 1889 1740 1812
f 1812 1738 2078
f 2078 1738 1885
f 1886 1883 1739
f 1814 1810 2150
f 1811 1887 1884
f 1811 1741 1887
f 1740 1889 1888
f 2078 1889 1812
f 1814 1971 1817
f 1672 1816 2252
f 1818 1672 2252
f 1673 1743 1892
f 1743 1744 1973
f 1674 1974 1744
f 1893 1403 1747
f 1976 2337 1977
f 1675 1977 2513
f 1675 2513 1679
f 1819 1676 1894
f 1746 1606 2084
f 1606 1820 2084
f 1543 1478 1820
f 1337 1821 1978
f 1897 1684 1546
f 1610 1608 2165
f 1897 2165 1608
f 1979 1752 1753
f 1753 1687 1979
f 1687 1824 1898
f 1687 1898 1979
f 1690 1823 1824
f 1980 1826 1822
f 1826 1825 1822
f 1982 1823 1690
f 1825 1826 1827
f 1617 1982 1690
f 1620 1755 1901
f 1755 1829 1901
f 1755 1830 1829
f 1754 1902 1617
f 1984 1756 1620
f 1756 1986 1759
f 1831 1902 1754
f 1758 1760 1831
f 1832 1759 1986
f 1760 1832 1833
f 1986 1988 1832
f 1988 1833 1832
f 1988 1986 2172
f 1988 1904 1833
f 1988 1905 1904
f 1905 1834 1904
f 1905 1835 1834
f 1905 1836 1835
f 1834 1835 1906
f 1836 1837 1835
f 1908 1837 1836
f 1838 1913 1837
f 1908 1838 1837
f 1910 1695 1694
f 1695 1912 1761
f 1908 1839 1838
f 1622 1343 1763
f 1762 1419 1696
f 1917 1919 1840
f 1840 1922 1841
f 1919 1922 1840
f 1841 1843 1842
f 1922 1843 1841
f 1843 1844 1842
f 1922 1926 1843
f 1924 1926 1922
f 1843 1845 1844
f 1926 1845 1843
f 1625 1492 2382
f 1765 1847 1848
f 1765 1698 1847
f 1848 1767 1766
f 1698 2017 1847
f 1698 1770 2017
f 1768 1849 1769
f 1769 1849 2021
f 2022 1628 2021
f 1850 1628 2022
f 1851 1853 1702
f 1702 1853 2115
f 1702 2115 1854
f 1933 1773 1564
f 1856 1855 1705
f 1773 1934 1857
f 1858 1857 1934
f 1935 2120 1774
f 1629 1774 2120
f 1708 1629 1936
f 1860 1939 1861
f 1862 2122 1941
f 1861 1776 1860
f 1778 1777 1942
f 1777 1779 1942
f 1864 1712 1865
f 1864 1780 1712
f 1945 1780 1864
f 1944 1945 1864
f 1712 1781 1865
f 1713 1865 1781
f 1713 1780 1945
f 1866 1785 1782
f 1866 1716 1785
f 1784 1782 1785
f 1789 2042 1790
f 1867 1790 2042
f 1868 2042 1789
f 1867 2043 1646
f 2129 1575 1646
f 1576 1575 2129
f 1577 1870 1946
f 1514 1871 1515
f 1648 1725 1870
f 1870 1725 1872
f 1871 2228 1578
f 2228 1873 1726
f 1725 1793 1872
f 1726 1873 1792
f 2045 2046 1794
f 1794 1948 2045
f 1517 1875 2049
f 2047 1798 1795
f 2049 2051 1650
f 1579 1792 1729
f 2054 1874 1801
f 1952 1876 1797
f 1732 1951 1952
f 1952 1797 1732
f 1798 1877 1653
f 1954 1653 1877
f 1954 1801 1653
f 1653 1801 1735
f 1879 1735 1801
f 1801 1802 1879
f 1804 1961 1959
f 1804 1807 1961
f 1960 1961 1807
f 2058 1660 1806
f 2058 1881 1660
f 1661 1881 2239
f 1661 2239 1590
f 1960 1737 2059
f 1808 1882 2150
f 1968 1963 1809
f 1809 1884 1968
f 1739 1883 1885
f 2150 1971 1814
f 1970 1971 2150
f 1887 1741 1890
f 1888 2079 1816
f 1886 1813 2251
f 1741 1891 1890
f 1816 2079 2082
f 1813 1671 2157
f 1813 2157 2251
f 1816 2082 2252
f 1671 1818 2160
f 2157 1671 2160
f 1817 1972 1742
f 1817 1971 1972
f 1818 2252 2334
f 1818 2334 2161
f 1972 2083 1742
f 1973 1892 1743
f 2083 1745 1742
f 1745 1974 1674
f 2084 1975 1746
f 1746 1975 1747
f 1542 1748 2086
f 1542 2086 2087
f 1676 1542 1894
f 1542 2087 1894
f 1894 2254 1819
f 1978 2902 2341
f 1897 2254 2165
f 1752 1896 1750
f 1610 2165 1751
f 1979 1896 1752
f 1980 1751 2166
f 1980 1822 1751
f 1824 1823 1898
f 1899 1826 1980
f 1982 2169 1823
f 1826 1900 1827
f 1828 1900 1830
f 1827 1900 1828
f 1617 1985 1982
f 1617 1902 1985
f 1756 1984 1986
f 2095 1986 1984
f 1903 1985 1902
f 1902 1831 1903
f 1831 1760 1903
f 1760 1833 1903
f 1833 1987 1903
f 1833 1904 1987
f 1904 1906 1987
f 1834 1906 1904
f 1907 1987 1906
f 2265 1836 1905
f 1906 1913 1907
f 1835 1837 1906
f 1906 1837 1913
f 1907 1914 1911
f 1907 1913 1914
f 1622 1991 1694
f 1915 1914 1913
f 1838 1915 1913
f 1991 1622 1763
f 1838 1994 1915
f 1839 1998 1838
f 1920 1998 1839
f 1916 1920 1839
f 1916 1839 1992
f 1916 1918 1920
f 1917 1918 1916
f 1917 1916 1992
f 1917 1995 1919
f 1995 1996 1919
f 1920 1918 1921
f 1840 1921 1918
f 1917 1840 1918
f 1996 1922 1919
f 1921 1999 1920
f 1921 1842 1999
f 1921 1841 1842
f 1840 1841 1921
f 1999 1842 1923
f 1922 1996 1924
f 1842 1925 1923
f 1925 2002 1923
f 1842 1844 1925
f 1697 1419 2272
f 1931 1926 1924
f 1927 2002 1925
f 1844 1927 1925
f 1927 1845 1928
f 1927 1844 1845
f 1845 1926 1928
f 2370 1488 1764
f 1930 1928 1926
f 2195 1623 1697
f 1928 1930 1929
f 1931 1930 1926
f 1931 2008 1930
f 1764 1625 2287
f 2294 1846 1557
f 1848 1847 2012
f 1492 2016 2382
f 1767 2012 2014
f 1767 1848 2012
f 2014 1768 1767
f 2014 2015 1768
f 2015 1849 1768
f 1770 2019 2017
f 1771 2016 1627
f 1772 2023 1771
f 1850 1933 1700
f 1850 2022 1933
f 2298 1934 1933
f 1933 1934 1773
f 1852 1855 2114
f 2301 1854 2115
f 1856 2114 1855
f 1854 2301 1935
f 1704 2116 1701
f 2301 2117 1935
f 1704 1707 2116
f 1937 2028 1856
f 2028 2025 1856
f 1629 2120 2026
f 2026 1936 1629
f 1857 1940 1859
f 1775 1938 1707
f 2027 1937 1936
f 2028 1937 2027
f 1938 1775 1941
f 1940 1939 1859
f 1939 2216 1861
f 2033 2031 1942
f 1709 1778 1943
f 1942 1943 1778
f 2031 1943 1942
f 1944 2036 2035
f 1709 1943 1863
f 2036 1944 1864
f 2041 1864 1865
f 1865 1713 2041
f 1945 2041 1713
f 2042 2043 1867
f 2129 1869 1576
f 2129 2130 1869
f 1946 1870 1947
f 2130 1514 1869
f 2130 1871 1514
f 1870 1872 1947
f 2131 1872 2044
f 1872 1793 2044
f 2047 1795 2046
f 1793 1874 2044
f 2044 1874 2054
f 1796 2135 1948
f 2051 2053 1519
f 2135 1796 1953
f 1519 2053 1950
f 2139 1949 1878
f 1952 1953 1876
f 1651 1950 1734
f 2054 1801 1954
f 2055 1957 1736
f 1734 1955 2055
f 1954 1877 1956
f 1655 1729 1880
f 1958 1803 1880
f 1803 1958 1878
f 2058 1806 1805
f 2146 1881 2058
f 1881 2146 2239
f 2239 2060 1590
f 1963 1962 1737
f 1962 2059 1737
f 1590 2060 1882
f 1968 1962 1963
f 1964 1966 1883
f 1964 1883 2075
f 1966 1885 1883
f 1968 1884 1969
f 2078 1885 2074
f 1883 1886 2075
f 1887 1969 1884
f 1886 2251 2075
f 1969 1887 1890
f 1888 2080 2079
f 2079 2080 2154
f 1889 2080 1888
f 2078 2332 1889
f 1970 2158 1971
f 1891 2155 1890
f 1889 2081 2080
f 1971 2158 1972
f 2155 1891 1892
f 1818 2161 2160
f 1892 1973 2155
f 1973 1744 2253
f 2084 2085 1975
f 1605 1895 2164
f 2424 1605 2164
f 1820 2255 2084
f 1749 2256 1821
f 2257 1751 2165
f 2089 1896 1979
f 1898 2089 1979
f 1823 2090 1898
f 2090 2089 1898
f 1826 1899 2091
f 2169 2090 1823
f 1826 2091 1900
f 1981 1830 1900
f 1830 1983 1829
f 1984 1620 1901
f 1986 2095 2172
f 1985 1903 2096
f 1903 1987 2096
f 2174 1988 2172
f 1988 2174 1905
f 1987 1907 1989
f 1836 2265 1908
f 1911 1990 1989
f 1989 1907 1911
f 2265 1909 1908
f 1910 1694 2175
f 1911 1914 2355
f 1694 1991 2175
f 1762 1912 2360
f 1908 1909 1839
f 2100 1992 1909
f 1992 1839 1909
f 1915 1994 2102
f 1994 1838 1998
f 1995 1992 2100
f 1995 1917 1992
f 1993 1996 1995
f 1997 1996 1993
f 1920 1999 1998
f 1997 1924 1996
f 2000 1924 1997
f 1763 2370 2180
f 2001 1994 1998
f 1999 1923 1998
f 1923 2001 1998
f 2104 1924 2000
f 2001 2002 2103
f 2001 1923 2002
f 2103 2002 2105
f 1924 2104 1931
f 1697 2272 2195
f 2002 1927 2003
f 1928 2005 1927
f 2002 2007 2105
f 2007 2002 2003
f 1927 2004 2003
f 2005 2004 1927
f 1928 1929 2005
f 2274 2007 2003
f 2010 1929 1930
f 2190 1931 2006
f 2190 2008 1931
f 2008 2010 1930
f 2190 2009 2008
f 2190 2011 2009
f 2008 2107 2010
f 2008 2009 2107
f 2108 2107 2009
f 2108 2009 2011
f 1625 2382 2287
f 2294 2013 1846
f 1847 2017 2012
f 2015 2018 1849
f 1849 2018 2021
f 2018 2020 2021
f 2021 2020 2113
f 1932 2013 2211
f 2022 2021 2113
f 1852 2024 2019
f 1851 2296 1853
f 2210 1933 2022
f 2298 1933 2210
f 1852 2114 2024
f 2212 1934 2298
f 2114 1856 2025
f 1934 2212 1858
f 1935 2117 2120
f 2304 2116 1707
f 2119 2120 2117
f 2025 2028 2118
f 2304 1707 1938
f 1936 2026 2027
f 1940 1857 2215
f 2215 1857 1858
f 1940 2215 2029
f 1940 2029 1939
f 1862 1776 2030
f 1861 2216 1776
f 1939 2029 2216
f 1776 2123 2030
f 2216 2123 1776
f 2032 2031 2033
f 2032 2034 2031
f 2035 2037 2038
f 2039 2033 1779
f 2033 1942 1779
f 2039 1943 2040
f 2034 1943 2031
f 2040 1943 2034
f 2038 1944 2035
f 2038 2223 1944
f 1779 1863 2039
f 1943 2039 1863
f 2041 2035 2036
f 2041 2036 1864
f 1945 2223 2041
f 1945 1944 2223
f 1868 2127 2042
f 2128 2127 1868
f 2043 2225 1646
f 1646 2225 2129
f 1791 2128 1868
f 2129 2225 2226
f 1791 1946 2312
f 2312 2128 1791
f 1946 1947 2227
f 1871 2130 2228
f 1947 1872 2131
f 2045 2133 2046
f 2045 1948 2048
f 2049 1875 2050
f 2048 1948 2135
f 1875 1949 2050
f 1873 2052 1792
f 1949 2139 2050
f 1729 1792 2052
f 2136 1877 1798
f 1952 1951 2235
f 2235 1953 1952
f 1950 1955 1734
f 1800 2057 1951
f 1804 2057 1800
f 1804 1959 2057
f 1729 2056 1880
f 2056 1958 1880
f 1878 1958 2143
f 2142 1805 1957
f 2142 2058 1805
f 1961 1960 2059
f 1962 1968 2243
f 2064 2062 2061
f 2064 2061 2063
f 2063 2061 2066
f 2067 2064 2063
f 1964 2068 2069
f 1964 2070 2065
f 1964 2065 2068
f 2070 2149 2065
f 2243 1968 2247
f 2063 2066 1965
f 2063 1965 2067
f 2069 1966 1964
f 2329 1966 2069
f 2070 1964 2071
f 1964 2075 2071
f 1882 2060 2150
f 1965 2066 2072
f 1967 2073 2072
f 2067 2072 2073
f 2072 2067 1965
f 2074 1966 2329
f 2247 1968 1969
f 2077 2073 1967
f 2074 1885 1966
f 2150 2076 1970
f 2158 1970 2076
f 2082 2079 2154
f 1889 2332 2081
f 1972 2158 2418
f 2418 2083 1972
f 1745 2083 1974
f 1974 2335 1744
f 1748 2162 2086
f 1478 2255 1820
f 1821 2342 1978
f 1749 1750 2256
f 1750 1896 2088
f 2256 1750 2088
f 2166 1751 2257
f 2167 2088 1896
f 1896 2089 2167
f 2168 1899 1980
f 1899 2259 2091
f 2170 1900 2091
f 2169 1982 2261
f 1981 1900 2170
f 1983 1981 2170
f 1981 1983 1830
f 2093 1982 1985
f 1983 2092 1829
f 2092 1901 1829
f 1984 1901 2094
f 1901 2092 2094
f 2095 1984 2094
f 2096 1987 2262
f 2262 1987 1989
f 2262 1989 1990
f 2174 2265 1905
f 1990 1911 2355
f 2267 1762 2360
f 1915 2176 1914
f 2102 2176 1915
f 2097 2099 2098
f 1993 2097 2098
f 2101 2098 2099
f 2272 1419 1762
f 1993 1995 2100
f 1993 2098 1997
f 2101 1997 2098
f 1997 2101 2181
f 2102 1994 2183
f 2182 2102 2183
f 2181 2000 1997
f 2183 1994 2001
f 2001 2103 2183
f 2103 2105 2182
f 2006 1931 2104
f 2273 2105 2187
f 2105 2007 2187
f 2274 2003 2004
f 2007 2106 2187
f 2007 2188 2106
f 2010 2194 1929
f 2196 2011 2190
f 2192 2196 2190
f 2197 2194 2010
f 2107 2197 2010
f 2108 2011 2201
f 2196 2201 2011
f 1623 2195 1557
f 2108 2109 2107
f 1557 2195 2551
f 2204 2200 2107
f 2109 2204 2107
f 2203 2108 2201
f 2109 2108 2203
f 2551 2294 1557
f 2012 2208 2014
f 2015 2208 2110
f 2015 2014 2208
f 2017 2208 2012
f 2110 2018 2015
f 2110 2111 2018
f 2019 2385 2017
f 2209 2020 2111
f 2111 2020 2018
f 2013 2455 2211
f 2020 2112 2113
f 2022 2113 2210
f 2296 1851 1932
f 1701 2116 2023
f 2118 2114 2025
f 1858 2212 2459
f 2121 2120 2119
f 2026 2305 2027
f 2118 2028 2303
f 2303 2028 2027
f 2026 2120 2121
f 2305 2026 2121
f 2215 1858 2463
f 2027 2305 2214
f 2030 2122 1862
f 2126 2124 2032
f 2126 2032 2040
f 2033 2040 2032
f 2040 2033 2125
f 2040 2034 2126
f 2033 2039 2125
f 2040 2125 2039
f 2220 2038 2037
f 2223 2038 2220
f 2223 2035 2041
f 2127 2043 2042
f 2128 2400 2127
f 2399 2225 2043
f 1946 2227 2312
f 2227 1947 2131
f 2228 2313 1873
f 2133 2045 2132
f 2046 2133 2047
f 2132 2045 2048
f 2048 2135 2232
f 2049 2050 2134
f 2134 2051 2049
f 2047 2136 1798
f 2051 2134 2053
f 2134 2137 2053
f 2135 1953 2235
f 2053 2137 1950
f 1951 2138 2234
f 2234 2235 1951
f 2236 1955 2137
f 2137 1955 1950
f 2057 2138 1951
f 1955 2236 2055
f 2236 2140 2055
f 1957 2055 2141
f 2237 1957 2141
f 1729 2052 2056
f 1957 2237 2142
f 1956 1877 2318
f 1958 2056 2321
f 2143 1958 2321
f 2144 2058 2142
f 1959 1961 2413
f 2058 2489 2324
f 2146 2058 2324
f 2059 2413 1961
f 2324 2239 2146
f 2239 2241 2060
f 2059 1962 2327
f 2062 2605 2147
f 2062 2148 2061
f 2147 2148 2062
f 2605 2062 2064
f 1962 2243 2327
f 2068 2065 2149
f 2148 2151 2061
f 2151 2066 2061
f 2067 2152 2064
f 2149 2070 2244
f 2070 2071 2244
f 2151 2072 2066
f 2073 2152 2067
f 2153 2152 2073
f 2071 2075 2251
f 2072 2151 2248
f 2077 2153 2073
f 1967 2248 2077
f 1967 2072 2248
f 1890 2249 1969
f 2077 2156 2153
f 2417 2153 2154
f 2154 2153 2156
f 2080 2331 2417
f 2080 2417 2154
f 2332 2078 2074
f 1890 2159 2249
f 2159 1890 2155
f 2156 2082 2154
f 2081 2331 2080
f 2081 2332 2331
f 2155 2419 2159
f 2155 1973 2419
f 1973 2504 2419
f 1973 2253 2504
f 1893 1747 3205
f 2337 2338 1977
f 1748 1605 2339
f 2087 2086 2163
f 1894 2087 2163
f 2085 2084 2340
f 1679 2517 1895
f 2254 1894 2163
f 2084 2255 2340
f 1821 2256 2342
f 2343 2256 2088
f 2254 2425 2165
f 2168 1980 2166
f 1899 2168 2259
f 2167 2089 2090
f 2091 2259 2346
f 2170 2091 2346
f 2093 2261 1982
f 1985 2348 2093
f 2095 2094 2171
f 2171 2173 2172
f 2095 2171 2172
f 2431 2348 1985
f 1985 2096 2431
f 2262 2431 2096
f 2174 2172 2173
f 2265 2268 1909
f 1695 1910 2360
f 2360 1912 1695
f 2175 1991 2535
f 2535 1991 2180
f 1991 1763 2180
f 2176 2355 1914
f 2097 1909 2268
f 2097 2100 1909
f 2177 2099 2097
f 2099 2177 2178
f 2179 2099 2178
f 2100 2097 1993
f 2101 2099 2179
f 1762 2267 2272
f 2179 2271 2101
f 2271 2181 2101
f 2182 2176 2102
f 2104 2000 2184
f 2184 2000 2186
f 2183 2103 2182
f 2105 2185 2182
f 2104 2184 2006
f 2367 2006 2184
f 2186 2367 2184
f 2185 2105 2273
f 2187 2366 2273
f 2188 2007 2274
f 2367 2190 2006
f 2275 2106 2188
f 2004 2189 2274
f 2004 2005 2189
f 2005 1929 2189
f 2192 2190 2367
f 2187 2106 2191
f 2275 2191 2106
f 2191 2275 2193
f 1929 2194 2189
f 2189 2194 2197
f 2193 2282 2191
f 2198 2201 2196
f 2199 2281 2277
f 2200 2197 2107
f 2281 2199 2289
f 2199 2286 2202
f 2200 2202 2286
f 2200 2204 2202
f 2203 2201 2288
f 2202 2289 2199
f 2204 2290 2202
f 2109 2205 2204
f 2204 2205 2290
f 2205 2109 2203
f 2203 2206 2205
f 2207 2206 2203
f 2207 2293 2206
f 2294 2455 2013
f 2385 2208 2017
f 2385 2019 2454
f 2020 2209 2112
f 2019 2024 2454
f 1932 2211 2296
f 2663 2210 2113
f 2210 2663 2297
f 2210 2297 2298
f 1853 2213 2115
f 2458 2114 2299
f 2024 2114 2458
f 2460 2299 2114
f 2117 2301 2302
f 2114 2118 2388
f 2388 2460 2114
f 2116 2304 2300
f 2117 2302 2119
f 2217 2215 2463
f 2215 2217 2029
f 2122 1938 1941
f 2216 2029 2217
f 2030 2123 2218
f 2581 2216 2217
f 2581 2123 2216
f 2030 2306 2122
f 2124 2398 2307
f 2307 2219 2124
f 2124 2126 2398
f 2124 2034 2032
f 2124 2219 2034
f 2219 2398 2034
f 2037 2309 2220
f 2220 2309 2221
f 2398 2126 2034
f 2222 2035 2223
f 2222 2037 2035
f 2220 2224 2222
f 2220 2222 2223
f 2221 2224 2220
f 2127 2399 2043
f 2226 2225 2478
f 2130 2129 2226
f 2401 2228 2130
f 2313 2228 2401
f 2313 2405 1873
f 2132 2048 2230
f 2132 2229 2133
f 2230 2229 2132
f 2133 2229 2047
f 2048 2232 2230
f 2047 2229 2136
f 2044 2054 2404
f 2050 2231 2134
f 2052 1873 2405
f 2231 2050 2233
f 2134 2231 2137
f 2050 2139 2233
f 2234 2314 2235
f 2235 2314 2232
f 2235 2232 2135
f 2231 2236 2137
f 2054 1954 2238
f 1878 2143 2139
f 2141 2055 2140
f 2237 2144 2142
f 2408 2057 2410
f 2410 2057 1959
f 1954 1956 2238
f 2052 2321 2056
f 1956 2319 2238
f 2489 2058 2144
f 2143 2321 2325
f 1956 2491 2145
f 1956 2145 2319
f 2319 2145 2713
f 2240 2145 2491
f 2713 2240 2147
f 2240 2713 2145
f 2324 2241 2239
f 2603 2240 2491
f 2147 2605 2713
f 2147 2240 2148
f 2326 2328 2068
f 2326 2068 2149
f 2326 2149 2242
f 2241 2494 2060
f 2240 2245 2148
f 2149 2244 2242
f 2148 2245 2151
f 2064 2152 2605
f 2068 2328 2069
f 2060 2416 2150
f 2243 2247 2609
f 2151 2245 2246
f 2071 2251 2496
f 2150 2416 2076
f 2248 2151 2246
f 2249 2247 1969
f 2250 2158 2076
f 2156 2077 2615
f 2082 2156 2252
f 2160 2333 2157
f 2158 2250 2418
f 2334 2503 2161
f 2505 1974 2083
f 2253 1744 2335
f 2513 2517 1679
f 2163 2086 2162
f 2344 2257 2165
f 2166 2525 2524
f 2524 2168 2166
f 2088 2167 2347
f 2168 2258 2259
f 2167 2090 2347
f 2347 2090 2169
f 2260 2347 2169
f 2169 2261 2260
f 1983 2529 2530
f 1983 2170 2529
f 1983 2530 2092
f 2430 2261 2093
f 2348 2430 2093
f 2350 2173 2171
f 2173 2350 2432
f 2353 2431 2262
f 2173 2263 2174
f 2263 2173 2432
f 2174 2263 2264
f 1990 2353 2262
f 2264 2265 2174
f 2265 2266 2268
f 2175 2535 2437
f 2437 1910 2175
f 1910 2641 2360
f 2268 2269 2177
f 2439 2355 2176
f 2177 2097 2268
f 2178 2177 2269
f 2178 2269 2179
f 2179 2269 2270
f 2179 2270 2363
f 2364 2179 2363
f 2271 2179 2364
f 2826 2272 2267
f 2181 2271 2186
f 2181 2186 2000
f 2443 2367 2186
f 2445 2192 2367
f 2188 2274 2276
f 2274 2189 2276
f 2191 2543 2187
f 2193 2275 2369
f 2189 2277 2276
f 2372 2192 2445
f 2278 2543 2191
f 2193 2369 2280
f 2369 2279 2280
f 2189 2285 2277
f 2285 2189 2197
f 2196 2192 2372
f 2191 2282 2278
f 2282 2193 2280
f 2279 2281 2280
f 2281 2283 2280
f 2283 2282 2280
f 2277 2281 2279
f 2285 2284 2277
f 2196 2372 2198
f 2282 2375 2278
f 2283 2375 2282
f 2284 2199 2277
f 2286 2284 2285
f 2197 2286 2285
f 2197 2200 2286
f 2289 2375 2283
f 2281 2289 2283
f 2286 2199 2284
f 2201 2198 2288
f 2375 2289 2377
f 2289 2202 2290
f 2290 2377 2289
f 2291 2377 2290
f 2290 2205 2291
f 2288 2207 2203
f 2205 2206 2291
f 2206 2292 2291
f 2293 2380 2292
f 2293 2292 2206
f 2208 2295 2110
f 2208 2385 2295
f 2110 2295 2111
f 2111 2295 2383
f 2383 2209 2111
f 2382 2016 2456
f 2209 2384 2112
f 2016 1771 2456
f 2454 2024 2386
f 2453 2663 2113
f 2458 2386 2024
f 1853 2296 2213
f 2212 2298 2570
f 2116 2571 2023
f 2301 2115 2461
f 2459 2671 1858
f 2118 2303 2388
f 1858 2671 2463
f 2389 2121 2119
f 2027 2214 2303
f 2305 2121 2391
f 2466 2214 2305
f 1938 2122 2306
f 2581 2218 2123
f 2397 2393 2307
f 2307 2398 2397
f 2393 2219 2307
f 2308 2309 2310
f 2308 2221 2309
f 2308 2395 2221
f 2395 2224 2221
f 2037 2222 2309
f 2311 2310 2309
f 2311 2309 2224
f 2224 2309 2222
f 2400 2399 2127
f 2399 2478 2225
f 2128 2475 2400
f 2128 2312 2475
f 2312 2227 2403
f 2131 2044 2402
f 2044 2404 2402
f 2230 2315 2229
f 2229 2315 2136
f 2230 2232 2314
f 2315 2230 2314
f 2231 2317 2236
f 2233 2317 2231
f 2234 2138 2316
f 1877 2136 2486
f 2233 2139 2485
f 2236 2317 2140
f 2408 2138 2057
f 2054 2238 2483
f 2485 2139 2598
f 1877 2486 2318
f 2318 2412 1956
f 1959 2413 2490
f 2412 2320 1956
f 1956 2320 2491
f 2319 2713 2322
f 2323 2325 2321
f 2325 2139 2143
f 2413 2059 2327
f 2325 2323 2414
f 2240 2603 2245
f 2494 2416 2060
f 2069 2328 2329
f 2247 2249 2609
f 2251 2613 2496
f 2076 2714 2250
f 2248 2246 2615
f 2077 2248 2615
f 2498 2417 2331
f 2251 2330 2613
f 2330 2251 2157
f 2156 2615 2252
f 2252 2616 2897
f 2897 2334 2252
f 2161 2503 2160
f 2253 2420 2504
f 2253 2335 2421
f 2085 2340 2723
f 2723 2512 2085
f 2085 2512 1975
f 1893 2336 1475
f 2513 1977 2811
f 1977 2338 2811
f 2339 1605 2424
f 1748 2339 2422
f 1748 2422 2162
f 1895 2517 2518
f 2163 2425 2254
f 2256 2343 2342
f 2343 2088 2345
f 2344 2426 2257
f 2525 2166 2427
f 2345 2088 2347
f 2345 2347 2527
f 2259 2258 2428
f 2259 2428 2346
f 2346 2529 2170
f 2260 2261 2429
f 2429 2261 2430
f 2092 2531 2094
f 2531 2349 2094
f 2349 2171 2094
f 2350 2171 2349
f 2432 2351 2263
f 2263 2351 2264
f 2351 2352 2264
f 2354 2264 2352
f 2264 2354 2265
f 1990 2434 2353
f 2354 2266 2265
f 2355 2434 1990
f 2355 2436 2434
f 2437 2641 1910
f 2355 2439 2436
f 2266 2356 2268
f 2269 2268 2356
f 2361 2269 2356
f 2361 2362 2357
f 2363 2357 2358
f 2535 2180 2359
f 2270 2269 2361
f 2357 2270 2361
f 2270 2357 2363
f 2541 2439 2176
f 2441 2363 2538
f 2441 2364 2363
f 2271 2364 2365
f 2365 2364 2442
f 2271 2365 2186
f 2442 2443 2365
f 2186 2365 2443
f 2649 2180 2370
f 2543 2366 2187
f 2188 2369 2275
f 2188 2276 2369
f 2368 2543 2278
f 2279 2369 2276
f 2276 2277 2279
f 2371 2368 2278
f 2744 2372 2544
f 2278 2375 2371
f 2372 2744 2198
f 2371 2375 2374
f 2376 2374 2375
f 2375 2377 2376
f 2291 2379 2377
f 2377 2379 2378
f 2287 2382 2839
f 2379 2291 2554
f 2288 2452 2207
f 2291 2292 2554
f 2207 2452 2293
f 2452 2381 2293
f 2209 2564 2384
f 2112 2453 2113
f 1771 2569 2456
f 2571 1771 2023
f 2297 2570 2298
f 2460 2667 2299
f 2571 2116 2387
f 2212 2570 2459
f 2300 2387 2116
f 2301 2461 2302
f 2302 2389 2119
f 2303 2572 2388
f 2121 2389 2462
f 2214 2574 2303
f 2304 1938 2464
f 2121 2462 2390
f 2462 2577 2390
f 2390 2391 2121
f 2466 2578 2574
f 2466 2574 2214
f 2217 2463 2392
f 2466 2305 2391
f 2467 2217 2392
f 2464 1938 2465
f 1938 2306 2465
f 2467 2581 2217
f 2465 2306 2468
f 2218 2306 2030
f 2218 2582 2306
f 2469 2393 2397
f 2308 2310 2394
f 2308 2394 2395
f 2398 2219 2397
f 2311 2224 2396
f 2224 2395 2396
f 2399 2400 2474
f 2130 2226 2478
f 2589 2130 2478
f 2130 2589 2401
f 2227 2402 2403
f 2227 2131 2402
f 2405 2592 2052
f 2314 2406 2315
f 2136 2315 2595
f 2234 2316 2591
f 2406 2234 2591
f 2314 2234 2406
f 2595 2486 2136
f 2054 2483 2404
f 2233 2485 2317
f 2052 2592 2409
f 2407 2140 2317
f 2141 2140 2407
f 2407 2484 2141
f 2141 2484 2237
f 2599 2237 2484
f 2052 2409 2321
f 2237 2599 2144
f 2318 2486 2411
f 2238 2318 2411
f 2412 2318 2238
f 2238 2319 2412
f 1959 2490 2410
f 2412 2322 2320
f 2322 2412 2319
f 2323 2321 2409
f 2324 2489 2241
f 2489 2602 2241
f 2491 2492 2603
f 2322 2713 2493
f 2139 2325 2600
f 2414 2323 2601
f 2414 2600 2325
f 2326 2414 2601
f 2326 2601 2328
f 2326 2242 2414
f 2415 2327 2243
f 2609 2415 2243
f 2606 2605 2152
f 2329 2328 2607
f 2242 2244 2496
f 2153 2606 2152
f 2071 2496 2244
f 2497 2246 2245
f 2076 2416 2714
f 2074 2499 2332
f 2331 2614 2498
f 2332 2612 2331
f 2159 2500 2249
f 2330 2157 2333
f 2418 2250 2501
f 2334 2897 2503
f 2083 2418 2505
f 2505 2335 1974
f 1747 1975 2512
f 1747 2512 3205
f 2162 2422 2516
f 2162 2423 2163
f 2812 2337 1976
f 1895 2518 2164
f 2423 2425 2163
f 2340 2255 2726
f 1478 3359 2726
f 2341 2902 4211
f 2165 2425 2344
f 2257 2426 2427
f 2257 2427 2166
f 2258 2168 2526
f 2526 2168 2524
f 2428 2636 2346
f 2527 2347 2528
f 2346 2636 2529
f 2347 2260 2528
f 2092 2530 2531
f 2533 2430 2348
f 2348 2431 2533
f 2534 2350 2349
f 2431 2353 2533
f 2534 2432 2350
f 2352 2433 2354
f 2435 2354 2433
f 2435 2266 2354
f 2437 2438 2641
f 2440 2360 2641
f 2362 2356 2266
f 2362 2358 2357
f 2362 2361 2356
f 2363 2358 2538
f 2360 2440 2267
f 2442 2364 2441
f 2444 2443 2442
f 2444 2367 2443
f 2739 2176 2182
f 2185 2739 2182
f 2185 2273 2644
f 2195 2272 3013
f 2273 2366 2644
f 2542 2367 2444
f 2542 2445 2367
f 2544 2372 2445
f 2370 2287 2373
f 2371 2446 2368
f 2195 2927 2833
f 2833 2551 2195
f 2371 2374 2446
f 2376 2447 2374
f 2546 2447 2376
f 2377 2546 2376
f 2546 2377 2378
f 2449 2546 2378
f 2378 2379 2449
f 2548 2547 2450
f 2448 2548 2451
f 2451 2548 2450
f 2379 2553 2449
f 2554 2450 2547
f 2379 2556 2553
f 2554 2556 2379
f 2554 2292 2450
f 2380 2450 2292
f 2380 2451 2450
f 2380 2381 2451
f 2380 2293 2381
f 2452 2557 2381
f 2558 2557 2452
f 3024 2455 2294
f 2383 2295 2657
f 2383 2564 2209
f 2455 2759 2211
f 2211 2759 2296
f 2457 2296 2759
f 2296 2457 2213
f 2569 1771 2571
f 2299 2667 2458
f 2213 2461 2115
f 2388 2572 2460
f 2672 2389 2302
f 2574 2572 2303
f 2462 2389 2672
f 2672 2576 2462
f 2577 2462 2576
f 2575 2464 2465
f 2860 2390 2577
f 2218 2581 2680
f 2468 2306 2582
f 2218 2680 2582
f 2469 2470 2393
f 2470 2473 2393
f 2471 2395 2394
f 2473 2472 2469
f 2473 2469 2397
f 2219 2393 2473
f 2584 2310 2396
f 2584 2583 2310
f 2583 2394 2310
f 2396 2395 2584
f 2584 2395 2585
f 2219 2473 2397
f 2310 2311 2396
f 2475 2474 2400
f 2474 2476 2399
f 2399 2587 2478
f 2475 2312 2477
f 2478 2587 2479
f 2312 2403 2477
f 2403 2480 2477
f 2479 2589 2478
f 2401 2589 2590
f 2403 2402 2480
f 2402 2482 2481
f 2402 2404 2482
f 2313 2699 2405
f 2405 2699 2592
f 2315 2406 2594
f 2482 2404 2483
f 2595 2315 2594
f 2316 2138 2593
f 2485 2596 2317
f 2138 2408 2593
f 2488 2408 2410
f 2238 2487 2483
f 2411 2487 2238
f 2490 2488 2410
f 2139 2600 2598
f 2493 2320 2322
f 2409 2711 2323
f 2490 2413 2885
f 2413 2327 2885
f 2607 2328 2601
f 2414 2242 2608
f 2494 3086 2416
f 2495 2245 2603
f 2242 2496 2608
f 2495 2497 2245
f 2417 2610 2153
f 2890 2609 2249
f 2246 2497 2715
f 2499 2074 2329
f 2249 2500 2890
f 2417 2498 2611
f 2332 2499 2612
f 2250 2714 2501
f 2331 2612 2614
f 2501 2717 2418
f 2333 2160 2718
f 2717 2619 2418
f 2505 2418 2619
f 2420 2253 2421
f 2335 2505 2506
f 2621 2420 2421
f 2621 2421 2507
f 2421 2335 2507
f 2507 2335 2508
f 2508 2335 2506
f 2508 2510 2507
f 2510 2509 2507
f 2510 2511 2509
f 2626 2511 2510
f 2724 2517 2513
f 2339 2515 2422
f 2515 2516 2422
f 2516 2423 2162
f 2723 2340 2813
f 1475 2336 1976
f 2518 2630 2164
f 2424 2164 2630
f 2424 2630 2629
f 2339 2424 2629
f 2339 2629 2514
f 2515 2339 2519
f 2519 2339 2514
f 2516 2515 2519
f 2340 2726 2813
f 1478 2726 2255
f 2341 4211 1478
f 2520 2519 2514
f 2521 2519 2520
f 2516 2519 2521
f 2423 2516 2521
f 2423 2521 2425
f 2344 2521 2520
f 2425 2521 2344
f 2343 2345 2631
f 2522 2520 2514
f 2426 2520 2522
f 2344 2520 2426
f 2522 2523 2427
f 2426 2522 2427
f 2427 2523 2525
f 2527 2631 2345
f 2258 2635 2636
f 2428 2258 2636
f 2529 2636 2637
f 2529 2637 2638
f 2429 2528 2260
f 2530 2529 2638
f 2530 2638 2531
f 2639 2429 2430
f 2639 2430 2533
f 2639 2533 2532
f 2353 2821 2533
f 2534 2822 2432
f 2822 2351 2432
f 2352 2351 2822
f 2823 2433 2352
f 2434 2825 2640
f 2434 2436 2825
f 2435 2536 2266
f 2437 2921 2438
f 2437 2535 2921
f 2362 2266 2536
f 2362 2536 2537
f 2362 2537 2358
f 2441 2538 2539
f 2441 2539 2540
f 2441 2540 2442
f 2444 2442 2540
f 2176 2739 2541
f 2185 2644 2739
f 2542 2544 2445
f 2744 2544 2740
f 2374 2545 2446
f 2374 2447 2545
f 2448 2549 2548
f 2448 2745 2549
f 2198 2749 2288
f 2546 2552 2654
f 2547 2550 2554
f 2548 2550 2547
f 2448 2451 2748
f 2288 2749 2452
f 2449 2552 2546
f 2449 2553 2552
f 2748 2451 2555
f 2554 2550 2556
f 2451 2381 2555
f 2555 2557 2655
f 2555 2381 2557
f 2553 2556 2562
f 2656 2557 2558
f 2553 2561 2552
f 2562 2561 2553
f 2560 2556 2550
f 2556 2563 2562
f 2560 2563 2556
f 2837 3024 2294
f 2562 2559 2561
f 2563 2566 2562
f 2566 2565 2562
f 2658 2559 2565
f 2562 2565 2559
f 2295 2385 2657
f 2564 2659 2384
f 2842 2382 2456
f 2563 2661 2566
f 2385 2454 2657
f 2112 2384 2662
f 2384 2659 2662
f 2566 2568 2565
f 2661 2568 2566
f 2112 2567 2453
f 2565 2664 2658
f 2568 2664 2565
f 2661 2668 2568
f 2668 2661 2756
f 2845 2456 2569
f 2568 2666 2664
f 2663 2757 2297
f 2570 2297 2757
f 2669 2569 2571
f 2460 2572 2853
f 2300 2304 2573
f 2302 2461 2851
f 2672 2302 2851
f 2304 2673 2573
f 2673 2464 2575
f 2673 2304 2464
f 2576 2676 2577
f 2860 2391 2390
f 2391 2677 2466
f 2578 2466 2674
f 2674 2466 2677
f 2767 2578 2674
f 2465 2579 2575
f 2678 2860 2577
f 2677 2391 2860
f 2581 2467 2580
f 2579 2465 2870
f 2465 2468 2870
f 2680 2681 2582
f 2469 2472 2686
f 2470 2469 2686
f 2394 2583 2688
f 2688 2471 2394
f 2687 2472 2473
f 2584 2585 2691
f 2395 2471 2585
f 2474 2475 2586
f 2475 2693 2586
f 2476 2474 2586
f 2476 2587 2399
f 2475 2477 2693
f 2477 2695 2693
f 2588 2695 2477
f 2477 2480 2588
f 2590 2589 2479
f 2480 2402 2481
f 2588 2480 2481
f 2699 2401 2590
f 2401 2699 2313
f 2700 2481 2482
f 2591 2594 2406
f 2591 2316 2593
f 2483 2700 2482
f 2317 2596 2407
f 2700 2483 2703
f 2409 2592 2704
f 2484 2597 2599
f 2408 2708 2593
f 2708 2790 2593
f 2486 2595 2706
f 2703 2483 2487
f 2704 2707 2409
f 2598 2596 2485
f 2488 2708 2408
f 2487 2411 2706
f 2706 2411 2486
f 2144 2794 2489
f 2489 2794 2709
f 2794 2144 2599
f 2707 2711 2409
f 2489 2709 2602
f 2320 2493 2710
f 2710 2492 2320
f 2320 2492 2491
f 2711 2601 2323
f 3077 2885 2327
f 2241 2602 2494
f 2602 2796 2494
f 2600 2414 2883
f 2796 3086 2494
f 2713 2605 2604
f 2416 3086 2714
f 2415 2609 2890
f 2329 2607 2889
f 2610 2606 2153
f 2497 2716 2715
f 2615 2246 2715
f 2498 2614 2891
f 2615 2715 3097
f 2615 3097 2616
f 2717 2501 2617
f 2252 2615 2616
f 2419 2618 2500
f 2419 2500 2159
f 2502 2618 2419
f 2718 2160 2503
f 2504 2502 2419
f 2619 2719 2505
f 2504 2620 2502
f 2620 2504 2420
f 2506 2505 2719
f 2420 2621 2620
f 2621 2624 2620
f 2622 2506 2719
f 2621 2623 2624
f 2621 2507 2623
f 2506 2510 2508
f 2622 2510 2506
f 2624 2623 2625
f 2507 2509 2623
f 2622 2626 2510
f 2809 2626 2622
f 2627 2625 2623
f 2509 2627 2623
f 2511 2627 2509
f 2722 2511 2626
f 2989 2627 2511
f 2722 2989 2511
f 2337 2812 2628
f 2337 2628 2338
f 1976 2336 2812
f 2517 2814 2518
f 2814 2630 2518
f 2630 2814 2632
f 2629 2630 2634
f 2343 2631 2729
f 2634 2630 2632
f 2523 2629 2634
f 2514 2629 2523
f 2633 2632 2732
f 2514 2523 2522
f 2634 2632 2633
f 2523 2634 2525
f 2524 2633 2732
f 2525 2634 2524
f 2634 2633 2524
f 2730 2631 2527
f 2524 2732 2526
f 2526 2635 2258
f 2636 2635 2637
f 2527 2528 2730
f 2730 2528 2818
f 2735 2528 2429
f 2532 2533 2821
f 2822 2823 2352
f 2823 2435 2433
f 3008 2921 2535
f 3008 2535 2359
f 2825 2436 2439
f 2536 2920 2738
f 2536 2738 2537
f 2358 2537 2643
f 2537 2642 2643
f 2440 2826 2267
f 2439 2541 3009
f 3009 2541 2828
f 3013 2272 2826
f 2739 2828 2541
f 2645 2444 2540
f 2542 2444 2645
f 2366 2646 2644
f 2647 2542 2645
f 2366 2543 2646
f 2195 3013 2927
f 2542 2647 2544
f 2647 2648 2544
f 2650 2646 2543
f 2649 2370 2373
f 2650 2543 2368
f 2651 2544 2648
f 2544 2651 2740
f 2741 2650 2368
f 2741 2368 2446
f 2652 2741 2446
f 2545 2652 2446
f 2545 2743 2652
f 2447 2743 2545
f 2447 2546 2743
f 2743 2546 2654
f 2548 2549 2550
f 2653 2550 2549
f 2653 2549 2745
f 2198 2744 2749
f 2448 2748 2745
f 2555 2655 2748
f 2452 2835 2558
f 2834 2558 2835
f 2654 2552 2561
f 2557 2656 2655
f 2834 2656 2558
f 2752 2560 2550
f 2560 2753 2563
f 2564 2383 2657
f 2563 2753 2661
f 2657 2454 2938
f 2112 2662 2567
f 2844 2756 2661
f 2658 2664 2660
f 2664 2755 2660
f 2845 2758 2456
f 2386 2458 2665
f 2666 2755 2664
f 2670 2666 2568
f 2668 2670 2568
f 2756 2761 2668
f 2213 3037 2461
f 2666 2670 2763
f 2571 2387 2669
f 2667 2460 2849
f 2300 2946 2387
f 2460 2853 2849
f 2671 2856 2463
f 2851 2855 2672
f 2855 2766 2672
f 2766 2576 2672
f 2463 2856 2392
f 2578 2857 2574
f 2856 2769 2392
f 2673 2575 2579
f 2676 2678 2577
f 2674 2677 2675
f 2467 2392 2769
f 2769 2580 2467
f 2580 2679 2581
f 2581 2679 2680
f 2679 2772 2680
f 2681 2680 2771
f 2582 2956 2468
f 2681 2775 2582
f 2773 2681 2771
f 2775 2956 2582
f 2864 2683 2682
f 2682 2470 2686
f 2682 2683 2470
f 2683 2690 2470
f 2684 2688 2775
f 2684 2471 2688
f 2471 2684 2689
f 2689 2684 2685
f 2472 2687 2686
f 2776 2687 2690
f 2473 2470 2690
f 2691 2688 2583
f 2689 2691 2585
f 2689 2585 2471
f 2473 2690 2687
f 2691 2583 2584
f 2692 2694 2586
f 2963 3068 2695
f 3068 2778 2695
f 2778 2693 2695
f 2692 2693 2778
f 2586 2693 2692
f 2476 2586 2694
f 2696 2587 2694
f 2587 2476 2694
f 2695 2588 2963
f 2696 2479 2587
f 2963 2588 2964
f 2479 2696 2697
f 2479 2697 2590
f 2697 2698 2590
f 2964 2481 2782
f 2964 2588 2481
f 2698 2699 2590
f 2782 2481 2700
f 2698 2784 2699
f 2699 2784 2592
f 2701 2592 2784
f 2593 2786 2591
f 2592 2701 2704
f 2596 2705 2407
f 2407 2597 2484
f 2705 2597 2407
f 2593 2790 2786
f 2595 2594 2702
f 2790 2708 2793
f 2595 2702 2706
f 2706 2703 2487
f 2707 2704 2789
f 2795 2709 2794
f 2884 2488 2490
f 2884 2490 2885
f 2598 2600 2883
f 2492 2887 2603
f 2710 2493 2604
f 2712 3077 2327
f 2713 2604 2493
f 2605 2606 2604
f 2329 2889 2499
f 2714 2798 2501
f 2798 2799 2501
f 2612 2797 2614
f 2501 2799 2617
f 2717 2801 2619
f 2616 2986 2897
f 2618 2502 2804
f 2502 2620 2804
f 2620 2720 2804
f 2721 2719 2619
f 2624 2720 2620
f 2721 2622 2719
f 2624 2808 2720
f 2625 2808 2624
f 2721 2809 2622
f 2810 2722 2626
f 2809 2810 2626
f 2627 2989 2988
f 2336 1893 3205
f 2517 2724 2725
f 1478 4211 3359
f 1978 2903 2902
f 2342 2903 1978
f 2343 2727 2342
f 2342 2727 2903
f 2725 2728 2517
f 2517 2728 2814
f 2343 2729 2727
f 2729 2631 2730
f 2632 2814 2731
f 2632 2731 2732
f 2732 2731 2733
f 2732 2733 2817
f 2817 2526 2732
f 2734 2526 2817
f 2526 2734 2635
f 2635 2734 2637
f 2637 2734 2638
f 2429 2639 2735
f 2735 2639 2820
f 2819 2531 2638
f 2819 2349 2531
f 2820 2639 2532
f 2349 2736 2534
f 2821 2353 2737
f 2917 2822 2534
f 2353 2434 2737
f 2737 2434 2919
f 2823 2822 3213
f 2640 2919 2434
f 2438 3006 3128
f 2921 3006 2438
f 2641 2438 2824
f 2438 3128 2824
f 2641 2824 2440
f 2824 3215 2440
f 2538 2358 2643
f 2359 2180 3219
f 2539 2538 2643
f 2180 2649 3219
f 2644 2829 2739
f 2644 2646 2829
f 2647 2645 2925
f 2648 3015 2651
f 2830 2740 2651
f 2743 2742 2652
f 2747 2287 2839
f 2748 2746 2745
f 2835 2452 2749
f 2653 2752 2550
f 2748 2655 2750
f 2655 2836 2750
f 2655 2656 2836
f 2751 2836 2656
f 2656 2834 2751
f 2551 2837 2294
f 2559 2838 2561
f 2752 2753 2560
f 2842 2839 2382
f 2559 2658 2838
f 2564 2657 2840
f 2840 2659 2564
f 2841 2659 2840
f 2838 2658 2660
f 2754 2659 2841
f 2659 2754 2662
f 2753 2844 2661
f 2842 2456 2758
f 2938 2454 2386
f 2455 2939 2759
f 2663 2453 2757
f 2846 2756 2844
f 2665 2458 2760
f 2759 3032 2457
f 2761 2756 2846
f 2458 2667 2760
f 2755 2666 2763
f 2757 3461 2570
f 2763 2762 2755
f 3037 2213 2457
f 2761 2764 2668
f 2942 2762 2848
f 2667 2849 3150
f 2763 2765 2762
f 2670 2668 2764
f 2570 3461 2459
f 2670 2765 2763
f 2670 2850 2765
f 2670 2764 2850
f 2764 2852 2850
f 2300 2573 2946
f 2574 2857 2572
f 2857 2853 2572
f 2858 2573 2673
f 2576 2766 2676
f 2858 2673 2768
f 2673 2579 2768
f 2861 2679 2580
f 2677 2860 2770
f 2675 2677 2770
f 2772 2679 2862
f 2861 2862 2679
f 2579 2870 2865
f 2771 2680 2772
f 2867 2772 2862
f 2870 2468 2956
f 2681 2773 2775
f 2684 2775 2773
f 2684 2773 2685
f 2682 2868 2864
f 2683 2864 2774
f 2957 2870 2956
f 2686 2687 2776
f 2686 2776 2682
f 2682 2776 2868
f 2774 2776 2683
f 2683 2776 2690
f 2775 2872 2956
f 2688 2872 2775
f 2685 2959 2777
f 2688 2777 2872
f 2691 2777 2688
f 2777 2689 2685
f 2777 2691 2689
f 2960 2694 2692
f 2779 2694 2960
f 2696 2694 2779
f 2696 2779 2780
f 2696 2780 2697
f 2697 2780 2781
f 2697 2781 2698
f 2875 2784 2781
f 2781 2784 2698
f 3071 2782 2700
f 2783 3071 2700
f 2785 2701 2784
f 2878 2701 2785
f 2786 2787 2591
f 2787 2594 2591
f 2700 2703 2783
f 2783 2703 2791
f 2789 2701 2878
f 2788 2594 2787
f 2702 2594 2788
f 2701 2789 2704
f 2596 3175 2705
f 2786 2790 2969
f 2706 2702 2791
f 2791 2703 2706
f 2597 2792 2599
f 2705 2792 2597
f 2881 2793 2708
f 2794 2599 2792
f 2881 2708 2488
f 2792 2795 2794
f 2884 2881 2488
f 2711 2707 2972
f 2709 2886 2602
f 2795 2886 2709
f 2972 2888 2711
f 2710 2887 2492
f 2602 2886 2796
f 2887 2495 2603
f 3090 2606 2610
f 2496 2613 2608
f 2978 2798 2714
f 2610 2417 2611
f 2797 2499 2889
f 2498 2891 2611
f 2797 2612 2499
f 2500 2800 2892
f 2500 2618 2800
f 2895 2330 2333
f 2717 2802 2801
f 2617 2802 2717
f 2804 2803 2800
f 2800 2618 2804
f 2718 2503 2899
f 2801 2805 2619
f 2802 2806 2801
f 2806 2805 2801
f 2807 2803 2720
f 2803 2804 2720
f 2619 2805 2721
f 3101 2805 2806
f 2805 2900 2721
f 3101 2900 2805
f 2720 2808 2807
f 3202 2807 2808
f 2338 2628 2811
f 2513 2811 2724
f 2723 2813 3282
f 2814 2728 2731
f 2729 2730 2905
f 2731 2728 2906
f 2731 2906 2815
f 2731 2815 2733
f 2730 2818 2905
f 2733 2815 2816
f 2733 2816 2817
f 2910 2734 2817
f 2912 2905 2818
f 2913 2638 2734
f 2818 2914 2912
f 2528 2914 2818
f 2999 2638 2913
f 2528 2735 2914
f 2819 2736 2349
f 2916 2820 2532
f 2532 2821 2916
f 2435 2823 2920
f 2920 2536 2435
f 3215 2826 2440
f 2825 2439 3009
f 2642 2537 2738
f 2643 2642 2922
f 2827 2643 2922
f 2827 2539 2643
f 2539 2827 2540
f 2923 2540 2827
f 2924 2828 2739
f 3014 2829 2646
f 2646 2650 3016
f 2649 2373 2926
f 3368 2926 2373
f 2651 3015 3132
f 2651 3132 2830
f 2650 2741 3017
f 2741 2652 2742
f 2741 2742 3017
f 2832 2742 2743
f 2740 2831 2744
f 2740 2830 2831
f 2744 2831 2749
f 2287 2747 2373
f 2930 2832 2743
f 2831 2931 2749
f 2743 2654 2930
f 2748 2750 2746
f 2749 2931 2835
f 2653 2935 2752
f 2654 2561 2930
f 2930 2561 2934
f 2933 2751 2834
f 2934 2561 2838
f 2752 2935 2753
f 2753 2935 2937
f 2840 2657 3146
f 2838 2660 2936
f 2657 2938 3146
f 2455 3024 2939
f 2662 2754 2843
f 2753 2937 2844
f 2662 2843 2567
f 2665 2938 2386
f 2453 2567 2757
f 2665 2760 3031
f 2669 2845 2569
f 3032 2847 2457
f 2755 2762 2941
f 2941 2762 2942
f 3037 2457 2847
f 2764 2761 2846
f 2764 2846 2943
f 3037 2851 2461
f 2848 2762 2765
f 2671 2459 3461
f 2944 2848 2945
f 2943 2852 2764
f 2852 2943 3036
f 2765 2948 2848
f 2853 3151 2849
f 2850 2947 2765
f 2852 2947 2850
f 3237 2856 2671
f 2948 2765 2947
f 2852 2854 2947
f 3048 2766 2855
f 2767 2857 2578
f 2675 2951 2674
f 2767 2674 2951
f 2766 2950 2676
f 2580 2769 2859
f 2861 2580 3053
f 3053 2580 2859
f 2950 2678 2676
f 2579 2865 2768
f 2860 2678 2863
f 2863 2678 3054
f 2770 2860 2863
f 2867 2862 2864
f 2953 2862 2861
f 2771 2866 2773
f 2771 2772 2866
f 2862 2774 2864
f 2774 2862 2953
f 2773 2866 2685
f 2867 2866 2772
f 2864 2868 2867
f 2870 2957 2865
f 2871 2866 2867
f 2868 2871 2867
f 2868 2776 2869
f 2868 2869 2871
f 2869 2776 2774
f 2959 2685 2866
f 2959 2872 2777
f 3064 2778 3068
f 2961 2692 2778
f 2960 2692 2961
f 2779 2960 3170
f 2962 2779 3170
f 2873 2780 2779
f 2873 2781 2780
f 2874 2875 2873
f 2873 2875 2781
f 2784 2875 2785
f 2876 2785 2875
f 2876 2877 2785
f 2877 2878 2785
f 2783 2791 2968
f 2787 3174 2788
f 2967 3075 2878
f 2787 2786 2969
f 2787 2969 3174
f 3257 2788 3174
f 2702 2788 2970
f 2968 2791 2970
f 2970 2791 2702
f 2878 3075 2789
f 3175 3074 2705
f 2705 3074 2792
f 2790 2793 2969
f 2969 2793 2879
f 3075 2972 2789
f 2596 2880 3175
f 2881 2879 2793
f 2789 2972 2707
f 2598 2880 2596
f 2971 2795 2792
f 2882 2881 2884
f 2880 2598 2883
f 2795 2971 2973
f 2886 2795 2973
f 2710 2975 2887
f 2886 2974 2796
f 2604 2975 2710
f 2888 2601 2711
f 2888 2607 2601
f 2327 2415 2712
f 2414 2608 2883
f 3087 2497 2495
f 2889 2607 3088
f 2497 3087 2716
f 2608 2613 3346
f 3193 2715 2716
f 2980 2890 2500
f 2892 2980 2500
f 2894 2802 2617
f 2800 2893 2892
f 2894 2806 2802
f 2806 2894 2985
f 2803 2898 2800
f 2800 2898 2893
f 2895 2333 2896
f 3101 2806 2985
f 2896 2333 2718
f 2807 2898 2803
f 2896 2718 2899
f 2900 2809 2721
f 2988 3106 2625
f 2625 3106 2808
f 2627 2988 2625
f 2722 3108 2989
f 2810 3108 2722
f 2512 2723 3357
f 2724 2811 2901
f 2628 2812 3206
f 2724 2901 2725
f 2813 3359 3282
f 2813 2726 3359
f 2901 2993 2725
f 2725 2993 2728
f 2727 2729 2904
f 2729 2905 2904
f 2905 2997 2904
f 2728 2993 2906
f 2909 2906 2908
f 2906 2909 2907
f 2815 2906 2907
f 2815 2907 2911
f 2910 2816 2911
f 2816 2815 2911
f 2816 2910 2817
f 3119 2995 2997
f 2905 2912 2997
f 2911 2913 2910
f 2734 2910 2913
f 2999 2819 2638
f 2735 2915 2914
f 2735 2820 2915
f 2916 2915 2820
f 2916 2821 3003
f 2821 2737 3003
f 2737 3004 3003
f 2737 2919 3004
f 2918 2822 2917
f 2918 3213 2822
f 3004 2919 3005
f 2824 3007 3215
f 3127 2825 3364
f 2825 3009 3364
f 2738 2920 3216
f 2826 3215 3292
f 3218 2827 2922
f 3009 2828 3012
f 2923 2645 2540
f 2924 3012 2828
f 2925 2645 2923
f 3219 2649 2926
f 2829 2924 2739
f 3017 3016 2650
f 3132 2928 2830
f 2830 2928 2831
f 3019 2653 2929
f 2929 2653 2745
f 2930 3139 2832
f 2746 2750 3136
f 2653 3019 2935
f 3021 3136 2750
f 2835 2931 2932
f 2934 3139 2930
f 2932 2834 2835
f 2833 2837 2551
f 2836 3021 2750
f 2933 2834 2932
f 2933 2932 3140
f 2933 3022 2751
f 2751 3022 2836
f 2838 2936 2934
f 2935 3145 2937
f 2840 3146 3026
f 2840 3026 2841
f 2841 2843 2754
f 2843 3147 2567
f 2758 2940 2842
f 2937 3030 2844
f 2941 3307 2755
f 2758 2845 2940
f 2846 2844 3030
f 3230 2940 2845
f 2669 3230 2845
f 2667 3150 2760
f 2669 2387 3230
f 3379 2941 2942
f 2944 3379 2942
f 2942 2848 2944
f 2849 3151 3150
f 2671 3461 3237
f 2944 3042 3039
f 3042 2944 2945
f 2848 2948 2945
f 2851 3152 2855
f 3040 3042 2945
f 2948 3040 2945
f 2854 2852 3036
f 3238 2854 3036
f 2946 2573 3381
f 2948 3046 3040
f 2947 2949 2948
f 2854 2949 2947
f 2948 3051 3046
f 2949 3051 2948
f 3047 2853 2857
f 2857 3050 3047
f 3048 2950 2766
f 2856 2952 2769
f 2767 3050 2857
f 2767 2951 3050
f 2952 2859 2769
f 3159 2675 2770
f 3159 2951 2675
f 2678 2950 3054
f 3159 2770 3056
f 2953 2861 2954
f 2774 2954 2869
f 2953 2954 2774
f 3057 2863 3055
f 2770 2863 3057
f 3056 2770 3057
f 2871 2869 2955
f 2869 2954 2955
f 2871 3058 2866
f 3058 2871 2955
f 2959 2866 3058
f 3058 3061 2959
f 2872 2958 2956
f 2958 2872 3063
f 3063 2872 2959
f 3165 2957 2958
f 2957 2956 2958
f 3061 3063 2959
f 3063 3062 2958
f 2961 2778 3064
f 2962 2873 2779
f 2874 2873 3069
f 3069 3070 2874
f 2965 2874 3070
f 2965 2875 2874
f 2875 2965 2876
f 2876 2965 2966
f 2877 2876 2966
f 3071 2783 3254
f 3255 2967 2877
f 2783 2968 3254
f 2967 2878 2877
f 3257 2970 2788
f 2970 3256 2968
f 2969 3072 3174
f 2969 2879 3072
f 2792 3074 2971
f 2882 2879 2881
f 2882 3072 2879
f 2880 2883 3178
f 2884 3076 2882
f 2884 3077 3076
f 3077 2884 2885
f 2886 2973 2974
f 2975 3081 2887
f 2975 2604 2976
f 2974 3086 2796
f 2887 3081 3083
f 2604 2977 2976
f 2887 3083 2495
f 3083 3087 2495
f 2604 2606 3084
f 2883 2608 3183
f 2714 3086 2978
f 3416 3090 2610
f 2979 2415 2890
f 2611 3416 2610
f 3268 2611 2891
f 2614 3092 2891
f 2614 2797 3092
f 2890 2980 2979
f 2979 2980 2982
f 2330 2981 2613
f 2798 2894 2799
f 2984 2798 3094
f 2894 2798 2984
f 2980 2892 2982
f 2894 2617 2799
f 2892 2893 2983
f 2982 2892 2983
f 2330 2895 2981
f 2984 2985 2894
f 2983 2893 2898
f 3099 2986 2616
f 2896 3100 2895
f 2897 2986 2987
f 2503 2897 2987
f 2987 2899 2503
f 2899 3103 3104
f 2807 3202 3196
f 2809 3281 3107
f 2810 2809 3107
f 2809 2900 3281
f 2808 3106 3202
f 3108 2810 3107
f 2811 2628 3111
f 2901 2811 3111
f 3282 3357 2723
f 2902 3946 4211
f 2727 3113 2903
f 2727 2991 3113
f 2990 2992 2993
f 2990 2993 2901
f 2991 2727 2904
f 2993 2992 2994
f 2991 2904 2995
f 2995 2904 2997
f 2993 2994 2906
f 2994 2908 2906
f 2908 2994 3116
f 2907 2909 2996
f 2911 2907 2996
f 3118 2908 3116
f 2909 2908 3118
f 2911 2996 2913
f 2994 3119 3116
f 2997 2912 2998
f 2998 3119 2997
f 2912 2914 2998
f 2913 2996 2999
f 2914 2915 2998
f 2915 3000 2998
f 3125 2819 2999
f 3125 2736 2819
f 2916 3000 2915
f 2534 2736 3002
f 3002 2736 3125
f 3001 3000 2916
f 3003 3001 2916
f 3002 2917 2534
f 3003 3004 3001
f 3005 2919 3127
f 2919 2640 3127
f 2825 3127 2640
f 2824 3128 3007
f 3010 3008 2359
f 2738 3216 2642
f 2922 2642 3130
f 2922 3130 3437
f 3009 3012 3129
f 3218 2922 3437
f 2359 3219 3217
f 3011 2827 3218
f 2923 2827 3011
f 3220 2925 2923
f 2829 3222 2924
f 3131 2647 2925
f 3016 3014 2646
f 3015 2647 3131
f 3015 2648 2647
f 3626 2927 3013
f 2742 3296 3017
f 2929 3135 3019
f 2746 3018 2745
f 2745 3018 2929
f 3018 2746 3136
f 2928 3020 2831
f 2831 3020 2931
f 2932 2931 3020
f 2837 2833 3629
f 3025 3139 2934
f 3019 3023 2935
f 3022 3021 2836
f 3022 2933 3140
f 3022 3140 3143
f 3022 3142 3021
f 3143 3142 3022
f 2934 2936 3025
f 2935 3023 3145
f 3303 2842 2940
f 2939 3024 3300
f 3145 3030 2937
f 2841 3026 3027
f 3027 2843 2841
f 3028 2843 3027
f 2936 2660 2755
f 3146 2938 3029
f 2843 3028 3147
f 3307 3229 2755
f 2938 2665 3304
f 3308 2759 2939
f 2665 3031 3304
f 3230 3034 2940
f 3031 2760 3033
f 2847 3032 3148
f 3033 2760 3149
f 3150 3149 2760
f 2943 3231 3036
f 3035 3230 2387
f 3038 3035 2387
f 2387 2946 3038
f 3152 2851 3037
f 2853 3311 3151
f 3042 3041 3039
f 3154 2855 3152
f 3041 3043 3153
f 3042 3040 3041
f 3311 2853 3467
f 3045 3153 3043
f 3040 3043 3041
f 2949 2854 3044
f 3238 3044 2854
f 3467 2853 3047
f 3043 3049 3045
f 2949 3239 3051
f 3239 2949 3044
f 3046 3043 3040
f 3051 3161 3046
f 3045 3049 3155
f 3043 3046 3049
f 2950 3048 3157
f 3046 3052 3049
f 3239 3161 3051
f 2951 3315 3050
f 2952 3158 2859
f 3053 2859 3241
f 3059 2768 2865
f 3162 3316 3159
f 2954 2861 3053
f 3056 3162 3159
f 3054 2950 3387
f 3387 3243 3054
f 3055 3054 3243
f 3054 3055 2863
f 3060 2955 2954
f 2865 2957 3059
f 2955 3060 3058
f 3061 3058 3060
f 3246 2957 3165
f 3062 3165 2958
f 3063 3061 3166
f 3063 3167 3062
f 3169 2960 2961
f 3170 2960 3169
f 3065 2961 3064
f 3066 2962 3170
f 3064 3068 3067
f 3068 2963 3067
f 3069 2873 2962
f 3067 2964 3336
f 3067 2963 2964
f 3253 2964 2782
f 3253 2782 3071
f 2877 2966 3255
f 3254 2968 3404
f 3073 2970 3257
f 3256 2970 3073
f 3177 3074 3175
f 3072 2882 3176
f 3180 3074 3259
f 3180 2971 3074
f 3176 2882 3076
f 3180 2973 2971
f 2973 3079 2974
f 2973 3179 3079
f 2973 3180 3179
f 3076 3077 3080
f 3078 2972 3262
f 2975 2976 3081
f 2972 3078 2888
f 3078 3187 2888
f 2974 3079 3085
f 2974 3085 3086
f 3077 2712 3080
f 2976 3184 3081
f 2888 3187 2607
f 3082 3080 2712
f 3184 3083 3081
f 2977 3184 2976
f 2604 3084 2977
f 3089 3185 3082
f 2712 2415 3089
f 3082 2712 3089
f 3183 2608 3511
f 2608 3346 3511
f 3086 3190 2978
f 3085 3190 3086
f 3089 2415 3091
f 2415 2979 3091
f 2889 3088 3192
f 3190 3093 2978
f 2611 3268 3416
f 2891 3349 3268
f 3093 3094 2978
f 3096 3091 2982
f 3091 2979 2982
f 2978 3094 2798
f 3194 3094 3093
f 3194 2984 3094
f 2982 2983 3096
f 2715 3193 3097
f 2981 3095 2613
f 3096 2983 3270
f 2985 2984 3274
f 2984 3194 3274
f 2616 3097 3099
f 2895 3100 3098
f 2895 3098 2981
f 2985 3274 3277
f 2985 3277 3101
f 2898 3272 2983
f 3272 2898 2807
f 3196 3272 2807
f 2986 3195 3102
f 2987 2986 3102
f 2987 3102 3103
f 2987 3103 2899
f 3197 3100 2896
f 3104 2896 2899
f 3104 3197 2896
f 3101 3201 2900
f 3104 3103 3105
f 3105 3103 3203
f 3204 3104 3105
f 3108 3107 3109
f 3108 3109 3110
f 2989 3110 2988
f 3108 3110 2989
f 2812 2336 3206
f 3111 2628 3206
f 3111 3206 3207
f 3207 3112 3111
f 3111 2990 2901
f 3111 3112 2990
f 2991 3114 3113
f 3114 2992 3112
f 2990 3112 2992
f 2992 3114 3115
f 3114 2991 3115
f 3115 2991 2995
f 2992 3115 2994
f 2995 3119 3115
f 2994 3115 3119
f 2909 3118 2996
f 3118 3116 3117
f 3119 3120 3116
f 3117 3116 3120
f 3119 2998 3121
f 3120 3119 3121
f 3117 3120 3122
f 2996 3118 3122
f 3120 3121 3123
f 3122 3120 3123
f 3118 3117 3122
f 3123 3121 2998
f 2996 3122 2999
f 3123 2998 3000
f 3124 3123 3000
f 3122 3123 3124
f 3122 3208 3125
f 2999 3122 3125
f 3124 3000 3209
f 3125 3126 3002
f 3001 3209 3000
f 2918 2917 3212
f 3005 3001 3004
f 2823 3213 3362
f 3289 3128 3006
f 3006 2921 3008
f 3364 3009 3129
f 2642 3216 3130
f 3292 3013 2826
f 3011 3293 2923
f 3220 2923 3293
f 2926 3368 3439
f 2927 3626 2833
f 3016 3017 3223
f 3132 3133 2928
f 3296 3223 3017
f 2832 3296 2742
f 3133 3020 2928
f 2373 2747 3368
f 3134 3135 3018
f 3135 2929 3018
f 3018 3136 3224
f 3018 3224 3134
f 3224 3136 3137
f 2932 3020 3138
f 3136 3021 3137
f 3137 3021 3141
f 3138 3140 2932
f 3225 3023 3019
f 3139 3025 3449
f 3021 3142 3141
f 3300 3024 2837
f 3025 2936 3144
f 3303 3227 2842
f 3229 3144 2936
f 3543 2939 3300
f 2936 2755 3229
f 2567 3639 2757
f 3031 3033 3306
f 2940 3034 3457
f 2759 3308 3032
f 3455 3461 2757
f 2846 3378 2943
f 3037 2847 3148
f 2944 3039 3379
f 3461 3235 3237
f 3310 3379 3039
f 3036 3236 3238
f 3038 2946 3381
f 3039 3153 3233
f 3039 3041 3153
f 2858 3381 2573
f 2855 3154 3048
f 3153 3045 3156
f 2856 3237 2952
f 3156 3045 3155
f 3047 3050 3314
f 3050 3315 3314
f 3385 3156 3155
f 3161 3052 3046
f 3157 3317 2950
f 3240 3155 3049
f 3159 3315 2951
f 2858 2768 3319
f 3052 3240 3049
f 2768 3059 3319
f 3161 3160 3052
f 3160 3324 3052
f 3163 3060 2954
f 3163 2954 3053
f 3162 3056 3327
f 3164 3057 3055
f 3327 3057 3245
f 3056 3057 3327
f 3245 3057 3164
f 3059 2957 3246
f 3167 3063 3168
f 3166 3168 3063
f 3062 3247 3165
f 3062 3167 3247
f 3249 3170 3169
f 3249 3066 3170
f 3169 2961 3065
f 3065 3064 3488
f 3172 2962 3066
f 3064 3067 3334
f 3069 2962 3172
f 3069 3172 3171
f 3252 3069 3171
f 3070 3069 3252
f 2964 3253 3336
f 3070 3402 2965
f 2965 3402 2966
f 3253 3071 3403
f 3403 3071 3254
f 2967 3255 3405
f 2968 3256 3404
f 3072 3261 3174
f 3256 3073 3173
f 3072 3176 3261
f 3075 3262 2972
f 3075 3498 3262
f 3177 3175 2880
f 3259 3074 3177
f 3181 3182 3076
f 3182 3176 3076
f 3076 3080 3181
f 3178 2883 3183
f 3181 3082 3182
f 3181 3080 3082
f 3185 3182 3082
f 3184 3186 3083
f 2977 3186 3184
f 3087 3083 3186
f 2607 3187 3088
f 3190 3188 3191
f 3190 3085 3188
f 3185 3089 3189
f 2606 3090 3084
f 3089 3091 3189
f 3093 3190 3191
f 3519 2889 3192
f 3519 2797 2889
f 2613 3095 3346
f 3194 3093 3191
f 2891 3092 3349
f 3519 3092 2797
f 3099 3097 3271
f 3195 3099 3271
f 3198 3098 3100
f 3198 3275 3098
f 2986 3099 3195
f 3198 3100 3197
f 3201 3101 3277
f 3197 3104 3199
f 3199 3200 3197
f 3198 3197 3200
f 3281 2900 3201
f 3102 3195 3280
f 3280 3203 3102
f 3102 3203 3103
f 3280 3106 3203
f 3204 3199 3104
f 3109 3199 3204
f 3107 3199 3109
f 3200 3199 3107
f 3281 3200 3107
f 3203 3106 2988
f 2988 3110 3203
f 3105 3203 3110
f 3204 3105 3110
f 3109 3204 3110
f 3112 3526 3114
f 3114 3526 3113
f 3208 3122 3124
f 3208 3210 3125
f 3124 3210 3208
f 3125 3210 3126
f 3285 3126 3210
f 3209 3001 3211
f 3211 3284 3209
f 3002 3126 3285
f 3002 3285 2917
f 3285 3212 2917
f 3211 3001 3286
f 3001 3005 3286
f 2918 3287 3213
f 3127 3288 3005
f 3289 3363 3128
f 3363 3007 3128
f 3214 3007 3363
f 3006 3290 3289
f 3362 2920 2823
f 3006 3008 3290
f 3007 3214 3215
f 2359 3217 3010
f 3011 3218 3437
f 2829 3221 3222
f 2829 3014 3221
f 3221 3014 3294
f 2925 3220 3131
f 3294 3014 3016
f 3294 3016 3295
f 3015 3442 3132
f 3132 3442 3133
f 3369 3296 2832
f 3133 3138 3020
f 3135 3225 3019
f 3137 3141 3297
f 3139 3449 3630
f 3226 3140 3138
f 3225 3299 3023
f 3226 3298 3140
f 3142 3143 3298
f 3143 3140 3298
f 3025 3144 3449
f 3299 3301 3023
f 2837 3629 3300
f 3023 3301 3145
f 2839 2842 3227
f 3144 3229 3302
f 3027 3026 3228
f 3146 3029 3026
f 3228 3028 3027
f 3228 3451 3028
f 3451 3147 3028
f 3029 2938 3304
f 2940 3457 3303
f 3304 3031 3306
f 2846 3030 3378
f 3148 3032 3308
f 2943 3378 3231
f 3150 3232 3149
f 3037 3148 3309
f 3037 3309 3152
f 3310 3039 3233
f 3036 3231 3236
f 3311 3466 3151
f 3468 3465 3156
f 3465 3153 3156
f 3237 3469 2952
f 3313 3238 3236
f 3467 3047 3312
f 3381 2858 3556
f 3044 3238 3313
f 3044 3313 3239
f 3158 2952 3469
f 2858 3319 3556
f 3155 3240 3385
f 2859 3158 3241
f 3240 3052 3318
f 3161 3239 3160
f 3316 3315 3159
f 3387 2950 3317
f 3052 3324 3318
f 3053 3241 3163
f 3323 3324 3160
f 3476 3243 3387
f 3327 3321 3162
f 3164 3055 3244
f 3060 3163 3330
f 3245 3164 3244
f 3330 3166 3060
f 3061 3060 3166
f 3331 3168 3166
f 3399 3165 3248
f 3247 3248 3165
f 3247 3249 3248
f 3167 3250 3247
f 3250 3249 3247
f 3168 3250 3167
f 3250 3168 3332
f 3251 3250 3332
f 3249 3169 3065
f 3250 3066 3249
f 3251 3066 3250
f 3251 3172 3066
f 3171 3172 3251
f 3252 3171 3251
f 3334 3067 3335
f 3070 3252 3580
f 3067 3336 3335
f 3402 3070 3581
f 3402 3583 2966
f 2966 3583 3255
f 2967 3498 3075
f 3174 3261 3258
f 3257 3174 3258
f 3073 3257 3406
f 3495 3260 3259
f 3340 3177 2880
f 3264 3259 3177
f 3180 3259 3263
f 3263 3259 3260
f 2880 3178 3340
f 3263 3265 3180
f 3342 3176 3182
f 3265 3179 3180
f 3342 3182 3343
f 3510 3187 3078
f 3079 3188 3085
f 3188 3079 3179
f 3343 3182 3185
f 3185 3189 3343
f 3186 3267 3087
f 2977 3084 3186
f 3191 3188 3266
f 3090 3345 3084
f 3090 3416 3412
f 3191 3266 3347
f 3267 2716 3087
f 3191 3347 3194
f 3420 3410 3091
f 3091 3096 3420
f 3095 2981 3351
f 3097 3193 3269
f 3273 3271 3269
f 3097 3269 3271
f 3194 3353 3274
f 2983 3272 3270
f 3275 2981 3098
f 3271 3273 3195
f 3195 3273 3276
f 3275 3198 3278
f 3278 3201 3356
f 3356 3201 3277
f 3195 3276 3279
f 3195 3279 3280
f 3281 3198 3200
f 3201 3278 3281
f 3278 3198 3281
f 3202 3279 3196
f 3280 3279 3202
f 3106 3280 3202
f 3357 3282 3428
f 3207 3206 3718
f 3207 3718 3358
f 3112 3207 3358
f 3124 3209 3210
f 3284 3210 3209
f 3210 3283 3285
f 3211 3528 3284
f 3285 3360 3212
f 3212 3360 3287
f 3287 2918 3212
f 3005 3288 3286
f 3288 3127 3364
f 3289 3290 3434
f 2920 3362 3291
f 3364 3129 3531
f 3291 3216 2920
f 3216 3291 3365
f 3130 3216 3365
f 3436 3531 3129
f 3129 3012 3436
f 3012 2924 3366
f 3293 3729 3220
f 2924 3222 3366
f 3222 3221 3367
f 3220 3441 3131
f 3131 3442 3015
f 3016 3223 3295
f 2833 3626 3900
f 3133 3442 3443
f 2832 3139 3369
f 3134 3370 3135
f 3138 3133 3731
f 3369 3139 3630
f 3135 3370 3225
f 3370 3372 3225
f 3224 3137 3448
f 3137 3297 3448
f 3225 3372 3299
f 3142 3298 3141
f 3141 3298 3297
f 3375 3145 3301
f 3026 3029 3228
f 3302 3229 3376
f 2567 3305 3638
f 3147 3305 2567
f 3229 3307 3376
f 2567 3638 3639
f 2757 3639 3455
f 3307 2941 3456
f 3033 3149 3377
f 3642 3148 3308
f 3379 3456 2941
f 3455 3459 3461
f 3458 3034 3230
f 3149 3232 3377
f 3458 3230 3035
f 3150 3151 3232
f 3233 3645 3310
f 3152 3309 3463
f 3463 3154 3152
f 3233 3153 3234
f 3234 3153 3465
f 3463 3048 3154
f 3156 3385 3468
f 3047 3314 3312
f 3468 3385 3558
f 3317 3157 3384
f 3239 3313 3320
f 3158 3322 3241
f 3322 3158 3469
f 3240 3386 3385
f 3240 3318 3386
f 3320 3160 3239
f 3162 3321 3316
f 3319 3059 3242
f 3323 3160 3320
f 3388 3316 3321
f 3325 3241 3322
f 3163 3241 3325
f 3390 3243 3476
f 3246 3242 3059
f 3326 3324 3323
f 3243 3244 3055
f 3245 3329 3327
f 3321 3327 3394
f 3394 3389 3321
f 3244 3243 3390
f 3244 3328 3245
f 3245 3328 3329
f 3394 3327 3329
f 3574 3163 3325
f 3330 3163 3574
f 3246 3399 3395
f 3330 3331 3166
f 3165 3399 3246
f 3331 3332 3168
f 3248 3400 3399
f 3248 3249 3400
f 3249 3065 3400
f 3332 3755 3251
f 3400 3065 3666
f 3755 3333 3251
f 3333 3252 3251
f 3488 3064 3334
f 3070 3580 3581
f 3336 3253 3669
f 3403 3254 3585
f 3583 3337 3255
f 3585 3254 3404
f 2967 3405 3498
f 3173 3489 3404
f 3404 3256 3173
f 3491 3406 3499
f 3173 3073 3407
f 3495 3338 3260
f 3499 3257 3258
f 3406 3257 3499
f 3406 3339 3073
f 3259 3500 3495
f 3500 3259 3264
f 3176 3342 3261
f 3261 3342 3502
f 3264 3177 3341
f 3177 3340 3341
f 3078 3262 3510
f 3409 3344 3179
f 3179 3344 3188
f 3266 3188 3344
f 3186 3084 3345
f 3267 3186 3345
f 3510 3088 3187
f 3343 3189 3410
f 3594 3267 3345
f 3192 3088 3514
f 3514 3088 3510
f 3189 3091 3410
f 3519 3192 3514
f 3348 3418 2716
f 3092 3521 3349
f 3521 3092 3519
f 3095 3417 3346
f 2716 3418 3193
f 3418 3350 3193
f 3347 3353 3194
f 3350 3269 3193
f 3095 3351 3417
f 3096 3270 3420
f 3350 3273 3269
f 3352 3425 3422
f 3351 2981 3352
f 3272 3355 3270
f 2981 3275 3352
f 3274 3352 3356
f 3272 3354 3355
f 3273 3354 3276
f 3275 3356 3352
f 3277 3274 3356
f 3196 3354 3272
f 3356 3275 3278
f 3196 3276 3354
f 3276 3196 3279
f 3428 3282 3525
f 3206 2336 3429
f 3206 3429 3718
f 3430 3112 3358
f 3282 3359 3525
f 3113 3804 2903
f 3284 3527 3210
f 3527 3283 3210
f 3285 3283 3360
f 3528 3527 3284
f 3529 3528 3211
f 3286 3529 3211
f 3433 3213 3287
f 3213 3433 3362
f 3289 3434 3621
f 3289 3621 3363
f 3288 3364 3361
f 3215 3214 3292
f 3291 3622 3365
f 3130 3365 3437
f 3624 3011 3437
f 3293 3011 3624
f 3436 3012 3366
f 3219 3958 3217
f 3292 3438 3013
f 3958 3219 2926
f 3438 3626 3013
f 3366 3222 3728
f 3728 3222 3367
f 3221 3440 3367
f 3221 3294 3440
f 3443 3731 3133
f 3900 3629 2833
f 3445 3134 3224
f 3445 3224 3448
f 3138 3371 3226
f 3450 3226 3371
f 3297 3373 3448
f 3450 3373 3297
f 3450 3297 3298
f 3450 3298 3226
f 3372 3374 3299
f 2839 3227 2747
f 3299 3374 3301
f 3629 3819 3300
f 3144 3302 3634
f 3374 3375 3301
f 3300 3819 3543
f 3302 3376 3820
f 3030 3145 3375
f 3451 3544 3147
f 3454 3030 3375
f 3147 3544 3305
f 2939 3543 3308
f 3376 3307 3452
f 3456 3452 3307
f 3030 3454 3378
f 3548 3306 3033
f 3379 3551 3456
f 3148 3642 3309
f 3377 3232 3462
f 3231 3378 3380
f 3551 3379 3310
f 3461 3647 3235
f 3035 3038 4065
f 3233 3234 3645
f 3553 3231 3380
f 3236 3231 3553
f 3835 3038 3381
f 3234 3465 3464
f 3835 3381 3555
f 3311 3467 3466
f 3556 3555 3381
f 3235 3469 3237
f 3383 3048 3463
f 3157 3048 3383
f 3236 3382 3313
f 3384 3157 3383
f 3312 3314 3471
f 3317 3384 3472
f 3750 3556 3319
f 3558 3385 3650
f 3320 3313 3473
f 3315 3316 3314
f 3387 3317 3472
f 3385 3566 3650
f 3564 3387 3472
f 3386 3566 3385
f 3319 3478 3750
f 3388 3314 3316
f 3319 3242 3478
f 3386 3318 3479
f 3322 3480 3325
f 3324 3479 3318
f 3391 3326 3323
f 3320 3391 3323
f 3389 3388 3321
f 3329 3392 3324
f 3326 3329 3324
f 3242 3246 3395
f 3326 3394 3329
f 3326 3393 3394
f 3390 3396 3244
f 3329 3328 3392
f 3394 3393 3397
f 3389 3394 3484
f 3484 3394 3397
f 3244 3396 3398
f 3328 3244 3392
f 3244 3398 3392
f 3395 3399 3487
f 3330 3577 3331
f 3577 3330 3574
f 3331 3577 3332
f 3487 3399 3400
f 3577 3755 3332
f 3333 3667 3252
f 3667 3580 3252
f 3494 3489 3173
f 3173 3407 3494
f 3338 3496 3260
f 3258 3501 3499
f 3073 3339 3407
f 3496 3589 3260
f 3260 3589 3263
f 3258 3261 3501
f 3589 3265 3263
f 3501 3261 3502
f 3264 3341 3500
f 3265 3679 3409
f 3265 3409 3179
f 3502 3342 3408
f 3340 3178 3183
f 3342 3343 3408
f 3510 3262 3858
f 3408 3343 3508
f 3508 3343 3410
f 3344 3415 3266
f 3508 3410 3513
f 3594 3348 3267
f 3090 3412 3345
f 3266 3415 3347
f 3413 3513 3421
f 3348 2716 3267
f 3346 3517 3511
f 3413 3421 3423
f 3414 3413 3423
f 3517 3346 3417
f 3410 3420 3513
f 3420 3421 3513
f 3268 3520 3416
f 3520 3268 3349
f 3606 3349 3521
f 3419 3517 3417
f 3523 3347 3415
f 3350 3414 3423
f 3522 3419 3417
f 3522 3417 3422
f 3353 3523 3424
f 3353 3347 3523
f 3427 3421 3420
f 3423 3421 3427
f 3417 3351 3422
f 3420 3270 3427
f 3350 3423 3273
f 3425 3522 3422
f 3424 3522 3425
f 3424 3426 3353
f 3355 3427 3270
f 3273 3423 3427
f 3351 3352 3422
f 3424 3425 3426
f 3353 3426 3274
f 3273 3427 3354
f 3426 3425 3274
f 3427 3355 3354
f 3352 3274 3425
f 3357 3428 3717
f 2512 3357 3717
f 2336 3801 3429
f 3359 4022 3525
f 3946 4718 4211
f 2903 3804 2902
f 3113 3526 3804
f 3430 3526 3112
f 3283 3620 3360
f 3620 3619 3360
f 3529 3286 3431
f 3360 3432 3287
f 3287 3432 3433
f 3288 3431 3286
f 3434 3290 3435
f 3008 3435 3290
f 3214 3721 3292
f 3008 3010 3435
f 3365 3623 3437
f 3436 3366 3625
f 3366 3728 3625
f 3440 3294 3532
f 3295 3532 3294
f 3442 3131 3441
f 3223 3534 3295
f 3534 3223 3535
f 3223 3296 3535
f 3296 3369 3444
f 3296 3444 3535
f 3444 3369 3536
f 3536 3369 3630
f 3370 3134 3445
f 3370 3445 3537
f 3370 3446 3372
f 3447 3371 3138
f 3539 3371 3447
f 3448 3373 3540
f 3540 3373 3450
f 3371 3539 3450
f 3374 3541 3375
f 3541 3542 3375
f 3228 3737 3451
f 3228 3029 3737
f 3738 3029 3304
f 3454 3375 3542
f 3305 3544 3635
f 3635 3545 3305
f 3545 3638 3305
f 3637 3304 3306
f 3452 3456 3549
f 3550 3378 3454
f 3308 3907 3642
f 3457 3034 3458
f 3377 3548 3033
f 3460 3380 3378
f 3912 3377 3462
f 3551 3310 3644
f 3645 3644 3310
f 3151 3462 3232
f 3151 3466 3462
f 3552 3463 3309
f 3645 3234 3464
f 4065 3038 3835
f 3553 3380 3646
f 3236 3553 3382
f 3465 3468 3747
f 3383 3463 3748
f 3382 3559 3313
f 3383 3470 3384
f 3384 3470 3472
f 3314 3388 3471
f 3391 3473 3567
f 3388 3475 3471
f 3387 3564 3476
f 3473 3391 3320
f 3386 3479 3477
f 3388 3389 3475
f 3476 3481 3390
f 3324 3392 3479
f 3326 3391 3482
f 3392 3572 3479
f 3482 3393 3326
f 3486 3475 3389
f 3480 3574 3325
f 3483 3390 3481
f 3572 3396 3483
f 3396 3390 3483
f 3396 3572 3398
f 3392 3398 3572
f 3397 3393 3485
f 3485 3393 3482
f 3389 3484 3486
f 3397 3485 3484
f 3487 3400 3666
f 3666 3065 3488
f 3755 3667 3333
f 3334 3579 3488
f 3334 3335 3579
f 3253 3403 3669
f 3402 3582 3583
f 3583 3584 3337
f 3405 3255 3337
f 3490 3491 3588
f 3492 3491 3490
f 3338 3495 3762
f 3762 3493 3338
f 3492 3406 3491
f 3492 3339 3406
f 3496 3338 3493
f 3491 3499 3588
f 3494 3407 3497
f 3497 3407 3339
f 3502 3503 3501
f 3589 3679 3265
f 3506 3503 3502
f 3340 3505 3341
f 3504 3505 3340
f 3502 3408 3506
f 3591 3503 3506
f 3340 3183 3504
f 3591 3506 3411
f 3408 3508 3506
f 3411 3506 3508
f 3411 3509 3591
f 3344 3592 3512
f 3183 3511 3598
f 3183 3598 3507
f 3411 3513 3413
f 3411 3508 3513
f 3413 3509 3411
f 3344 3512 3415
f 3413 3516 3509
f 3345 3595 3594
f 3595 3345 3412
f 3772 3595 3412
f 3512 3515 3415
f 3413 3414 3516
f 3517 3598 3511
f 3414 3418 3516
f 3516 3418 3602
f 3518 3418 3348
f 3602 3418 3518
f 3416 3776 3412
f 3416 3520 3776
f 3517 3419 3609
f 3523 3415 3607
f 3607 3415 3515
f 3414 3350 3418
f 3349 3606 3520
f 3524 3419 3522
f 3522 3424 3610
f 3522 3610 3524
f 3424 3523 3610
f 3607 3610 3523
f 3527 3620 3283
f 3618 3527 3528
f 3360 3619 3432
f 3433 3432 3530
f 3431 3288 3361
f 3530 3362 3433
f 3621 3886 3363
f 3886 3214 3363
f 3722 3361 3364
f 3722 3364 3531
f 3365 3622 3623
f 3624 3437 3623
f 3724 3722 3531
f 3436 3724 3531
f 3625 3724 3436
f 3293 3624 3729
f 3217 3958 3808
f 3439 3958 2926
f 3533 3442 3441
f 3532 3295 3534
f 3535 3444 3730
f 3444 3536 3627
f 3537 3446 3370
f 3538 3537 3445
f 3447 3138 3731
f 3538 3445 3633
f 3633 3445 3448
f 3368 2747 3631
f 3540 3633 3448
f 3372 3446 3374
f 3539 3540 3450
f 3446 3541 3374
f 2747 3227 4048
f 3737 3544 3451
f 3738 3304 3637
f 3029 3738 3737
f 3376 3636 3820
f 3542 3546 3454
f 3308 3543 3907
f 3452 3549 3636
f 3452 3636 3376
f 3637 3306 3453
f 3546 3547 3454
f 3454 3547 3550
f 3306 3548 3453
f 3455 3641 3459
f 3643 3549 3456
f 3460 3378 3550
f 3456 3551 3643
f 3309 3642 3743
f 3461 3459 3647
f 3458 3035 4065
f 3832 3464 3465
f 3553 3745 3382
f 3747 3834 3465
f 3463 3552 3748
f 3235 3554 3469
f 3312 3838 3467
f 3467 3838 3466
f 3468 3648 3747
f 3649 3383 3748
f 3558 3648 3468
f 3649 3557 3383
f 3557 3470 3383
f 3557 3648 3558
f 3558 3470 3557
f 3561 3470 3558
f 3313 3559 3473
f 3312 3471 3562
f 3750 3555 3556
f 3470 3561 3472
f 3650 3561 3558
f 3650 3472 3561
f 3562 3471 3652
f 3472 3650 3563
f 3472 3563 3564
f 3469 3474 3322
f 3565 3564 3563
f 3651 3567 3473
f 3565 3476 3564
f 3656 3567 3651
f 3477 3653 3566
f 3566 3386 3477
f 3475 3568 3471
f 3654 3476 3565
f 3322 3474 3480
f 3573 3391 3567
f 3476 3654 3570
f 3480 3474 3753
f 3478 3242 3571
f 3476 3570 3481
f 3477 3479 3569
f 3482 3391 3573
f 3475 3665 3568
f 3242 3395 3571
f 3481 3570 3662
f 3479 3572 3569
f 3572 3663 3569
f 3475 3486 3665
f 3663 3481 3662
f 3483 3481 3663
f 3572 3483 3663
f 3573 3575 3482
f 3575 3485 3482
f 3486 3576 3665
f 3575 3484 3485
f 3575 3576 3484
f 3484 3576 3486
f 3578 3666 3488
f 3580 3667 3922
f 3335 3401 3579
f 3335 3757 3401
f 3335 3336 3757
f 3922 3581 3580
f 3668 3582 3581
f 3581 3582 3402
f 3669 3403 3758
f 3583 3759 3584
f 3585 3404 3846
f 3584 3405 3337
f 3489 3846 3404
f 3490 3588 3847
f 3762 3586 3493
f 3490 3670 3587
f 3492 3490 3587
f 3495 3993 3762
f 3492 3587 3339
f 3495 3928 3993
f 3588 3674 3760
f 3674 3588 3499
f 3339 3587 3497
f 3495 3500 3928
f 3676 3497 3671
f 3671 3497 3587
f 3675 3489 3494
f 3675 3494 3676
f 3675 3676 3590
f 3676 3494 3497
f 3500 3852 3928
f 3499 3501 3674
f 3262 3498 3678
f 3501 3503 3674
f 3852 3500 3341
f 3505 3852 3341
f 3503 3591 3683
f 3505 3504 3593
f 3505 3593 3682
f 3682 3409 3679
f 3504 3183 3507
f 3507 3593 3504
f 3592 3682 3593
f 3409 3592 3344
f 3682 3592 3409
f 3591 3686 3683
f 3591 3509 3686
f 3596 3507 3598
f 3593 3507 3596
f 3592 3593 3512
f 3593 3596 3599
f 3593 3599 3512
f 3860 3686 3509
f 3860 3509 3516
f 3348 3595 3772
f 3348 3772 3597
f 3510 3689 3514
f 3512 3599 3515
f 3597 3518 3348
f 3598 3517 3600
f 3596 3598 3600
f 3517 3781 3600
f 3599 3604 3515
f 3602 3692 3516
f 3602 3518 3601
f 3519 3691 3521
f 3609 3781 3517
f 3691 3603 3521
f 3515 3604 3607
f 3606 3605 3520
f 3419 3524 3609
f 3607 3604 3608
f 3524 3612 3609
f 3607 3703 3610
f 3703 3607 3608
f 3524 3611 3612
f 3610 3611 3524
f 3612 3611 3707
f 3703 3611 3610
f 3616 3614 3613
f 3616 3613 3709
f 3712 3615 3614
f 3616 3712 3614
f 3205 2512 3717
f 3428 3525 3617
f 3430 3883 3526
f 3883 3430 3803
f 3618 3620 3527
f 3431 3719 3529
f 3619 3530 3432
f 3719 3431 3720
f 3361 3720 3431
f 3530 3806 3362
f 3721 3214 3886
f 3362 3806 3809
f 3362 3809 3291
f 3622 3291 3809
f 3725 3729 3624
f 3625 3728 3727
f 3813 3728 3367
f 3813 3367 3440
f 3220 3729 3441
f 3730 3444 3627
f 3631 3439 3368
f 3537 3628 3816
f 3628 3537 3538
f 3536 3630 3632
f 3537 3816 3446
f 3628 3538 3818
f 3538 3633 3818
f 3449 3632 3630
f 3633 3540 3735
f 3447 3735 3540
f 3447 3540 3539
f 3632 3449 3634
f 3449 3144 3634
f 4238 3819 3629
f 3634 3302 3820
f 3822 3542 3541
f 3227 3303 4405
f 3544 3737 3739
f 3819 3907 3543
f 3544 3739 3635
f 3822 3546 3542
f 3545 3824 3638
f 3546 3741 3547
f 3547 3741 3550
f 3741 3640 3550
f 3641 3455 3639
f 3550 3640 3460
f 3643 3551 3828
f 3646 3380 3460
f 3644 3828 3551
f 3644 3742 3830
f 3743 3552 3309
f 3644 3645 3742
f 3645 3464 3742
f 3646 3744 3553
f 3464 3832 3742
f 3553 3744 3745
f 3832 3465 3834
f 3647 3554 3235
f 3745 3749 3382
f 3559 3382 3749
f 3649 3748 3837
f 3649 3747 3648
f 3557 3649 3648
f 3469 3554 3560
f 3559 3651 3473
f 3563 3650 3566
f 3563 3566 3653
f 3565 3563 3653
f 3471 3657 3652
f 3653 3654 3565
f 3655 3654 3653
f 3653 3477 3655
f 3471 3568 3657
f 3658 3654 3655
f 3656 3659 3567
f 3657 3568 3660
f 3654 3658 3570
f 3661 3658 3655
f 3661 3570 3658
f 3661 3655 3569
f 3655 3477 3569
f 3478 3571 3982
f 3661 3662 3570
f 3661 3569 3662
f 3569 3663 3662
f 3664 3573 3659
f 3664 3660 3568
f 3664 3665 3573
f 3665 3575 3573
f 3665 3664 3568
f 3665 3576 3575
f 3480 3843 3574
f 3571 3395 3487
f 3574 3843 3577
f 3754 3571 3487
f 3755 3577 3843
f 3754 3487 3666
f 3578 3488 3579
f 3755 3844 3667
f 3922 3668 3581
f 3668 3922 3983
f 3336 3669 3757
f 3668 3923 3582
f 3403 3845 3758
f 3403 3585 3845
f 3759 3583 3582
f 3849 3490 3847
f 3670 3490 3849
f 3847 3588 3760
f 3586 3763 3493
f 3763 3672 3493
f 3587 3670 3671
f 3498 3405 3994
f 3493 3672 3496
f 3496 3672 3673
f 3589 3496 3673
f 3675 3851 3489
f 3679 3589 3673
f 3674 3503 3854
f 3590 3676 3677
f 3590 3766 3675
f 3677 3766 3590
f 3858 3262 3678
f 3505 3681 3852
f 3503 3683 3854
f 3682 3855 3681
f 3682 3681 3505
f 3510 3858 3689
f 3595 3771 3594
f 3687 3348 3594
f 3687 3594 3688
f 3597 3772 3687
f 3771 3687 3772
f 3687 3771 3348
f 3595 3348 3771
f 3688 3597 3687
f 3688 3861 3597
f 3861 3518 3597
f 3600 3690 3596
f 3690 3599 3596
f 3516 3775 3860
f 3518 3861 3601
f 3412 3774 3772
f 3691 3519 3514
f 3691 3514 3689
f 3599 3690 3604
f 3776 3774 3412
f 3781 3777 3600
f 3690 3600 3777
f 3690 3693 3604
f 3692 3775 3516
f 3692 3602 3601
f 3692 3601 3778
f 3605 3776 3520
f 3521 3603 3606
f 3778 3697 3692
f 3697 3786 3692
f 3605 3606 3695
f 3694 3605 3695
f 3695 3606 3696
f 3604 3693 3608
f 3695 3700 3694
f 3705 3695 3696
f 3609 3612 3698
f 3609 3698 3781
f 3693 3699 3608
f 3788 3697 3778
f 3783 3788 3778
f 3695 3701 3700
f 3696 3789 3705
f 3608 3699 3703
f 3705 3701 3695
f 3706 3698 3612
f 3703 3699 3704
f 3702 3698 3706
f 3612 3707 3706
f 3700 3701 3792
f 3702 3706 3708
f 3794 3611 3703
f 3704 3794 3703
f 3701 3793 3792
f 3705 3793 3701
f 3613 3705 3789
f 3613 3790 3709
f 3795 3707 3611
f 3795 3611 3794
f 3614 3793 3705
f 3613 3614 3705
f 3708 3709 3790
f 3706 3711 3708
f 3711 3709 3708
f 3707 3711 3706
f 3615 3713 3793
f 3614 3615 3793
f 3707 3795 3711
f 3616 3709 3710
f 3711 3710 3709
f 3710 3712 3616
f 3715 3714 3713
f 3615 3715 3713
f 3715 3615 3716
f 3712 3716 3615
f 3710 3716 3712
f 3717 3428 3617
f 3617 3525 3882
f 3358 3718 3430
f 3525 4022 3882
f 2902 3804 3946
f 3719 3618 3528
f 3805 3620 3618
f 3619 3620 3805
f 3529 3719 3528
f 3805 3618 3719
f 3619 3805 3888
f 3619 3888 3530
f 3720 3361 3885
f 3435 3010 3808
f 3622 3809 3954
f 3622 3954 3623
f 3010 3217 3808
f 3724 3625 3811
f 3624 3723 3725
f 3726 3729 3725
f 3625 3727 3811
f 3729 3726 3812
f 3729 3812 3441
f 3440 3532 3813
f 3442 3815 3443
f 3535 3814 3534
f 3535 3730 3814
f 3443 3815 3731
f 3816 3628 3732
f 3731 3733 3447
f 3629 3900 4235
f 3446 3816 3817
f 3818 3633 3734
f 3633 3735 3734
f 3733 3735 3447
f 3634 3736 3632
f 3446 4047 3541
f 4048 3227 4405
f 3819 4144 3907
f 3636 3904 3820
f 3738 3821 3737
f 3739 3737 3821
f 3545 3635 3823
f 3545 3823 3824
f 3639 3740 3641
f 3638 3740 3639
f 3549 3643 3911
f 3640 3829 3460
f 3459 3641 3825
f 3646 3460 3829
f 3644 3830 3828
f 3646 3829 3744
f 3459 3827 3647
f 3462 3975 3912
f 3916 4065 3835
f 3836 3834 3747
f 3747 3649 3837
f 3559 3749 3839
f 3312 3562 3838
f 3839 3840 3559
f 3562 3652 3919
f 3559 3840 3651
f 3560 3474 3469
f 3656 3651 3751
f 3842 3652 3751
f 3657 3752 3656
f 3751 3657 3656
f 3751 3652 3657
f 4075 3750 3478
f 3752 3659 3656
f 3657 3660 3752
f 3567 3659 3573
f 3660 3659 3752
f 3659 3660 3664
f 3921 3480 3753
f 3480 3921 3843
f 3754 3578 3756
f 3754 3666 3578
f 3578 3579 3756
f 3667 3844 3922
f 3983 3923 3668
f 3669 3758 3757
f 3923 3925 3582
f 3925 3759 3582
f 3584 3848 3405
f 3586 3762 3926
f 3926 3763 3586
f 3761 3670 3849
f 3672 3763 3988
f 3761 3671 3670
f 3993 3928 3850
f 3760 3674 3854
f 3672 3764 3673
f 3498 3994 3678
f 3928 3852 4259
f 3676 3671 3765
f 3675 3766 3851
f 3673 3853 3679
f 3676 3930 3677
f 3680 3767 3677
f 3766 3677 3767
f 3679 3853 3682
f 3677 3684 3680
f 3682 3853 3855
f 3856 3767 3680
f 3856 3680 3684
f 3685 3684 3857
f 3685 3856 3684
f 3856 3685 3769
f 3768 3685 3857
f 3769 3685 3768
f 3768 3859 3769
f 3773 3770 3768
f 3859 3768 3770
f 3688 3594 3771
f 3773 3688 3771
f 3770 3773 3771
f 3859 3770 3771
f 3772 3859 3771
f 3688 3773 3861
f 3861 3778 3601
f 3861 3779 3778
f 3776 3780 3779
f 3605 3780 3776
f 3780 3605 3694
f 3696 3606 3603
f 3784 3696 3603
f 3690 3777 3785
f 3693 3690 3782
f 3782 3690 3785
f 3692 3786 3775
f 3783 3778 3779
f 3780 3783 3779
f 3700 3783 3780
f 3694 3700 3780
f 3781 3698 3867
f 3777 3781 3867
f 3693 3782 3699
f 3697 3787 3786
f 3787 3697 3788
f 3700 3788 3783
f 3789 3696 3784
f 3698 3702 3867
f 3699 3782 3704
f 3782 3791 3704
f 3790 3868 3702
f 3788 3792 3787
f 3700 3792 3788
f 3790 3613 3789
f 3702 3708 3790
f 3791 3794 3704
f 3796 3794 3791
f 3793 3713 3792
f 3797 3795 3794
f 3796 3797 3794
f 3795 3797 3711
f 3872 3792 3798
f 3713 3798 3792
f 3711 3877 3710
f 3711 3797 3877
f 3710 3877 3799
f 3714 3798 3713
f 3715 3716 3800
f 3716 3799 3800
f 3799 3716 3710
f 3714 3879 3798
f 3880 3879 3714
f 3714 3800 3880
f 3715 3800 3714
f 2336 3205 3801
f 3430 3718 3802
f 3803 3430 3802
f 3359 3945 4022
f 3805 3719 3947
f 3621 4212 3886
f 3530 3888 3806
f 3885 3361 3807
f 3807 3722 3889
f 3361 3722 3807
f 3435 3808 4292
f 3721 3810 3292
f 3809 3952 3954
f 3810 3438 3292
f 3954 3723 3623
f 3722 3724 3889
f 3623 3723 3624
f 3723 3891 3725
f 3725 3891 3726
f 3728 3957 3727
f 3728 3813 3957
f 3438 4569 3626
f 3441 3812 3893
f 3813 3532 3959
f 3533 3441 3893
f 3532 3534 3959
f 3959 3534 3814
f 3815 3533 3897
f 3533 3815 3442
f 3814 3730 3898
f 3730 3960 3898
f 3730 3899 3960
f 3730 3627 3899
f 3627 3536 4045
f 3732 3628 3901
f 3901 3628 3818
f 3902 3733 3731
f 3536 3632 4045
f 3734 3733 3902
f 3733 3734 3735
f 3632 3736 3903
f 3736 3634 4049
f 3634 3820 4049
f 3821 3738 3969
f 3739 3821 3823
f 3823 3635 3739
f 3904 3636 3968
f 3822 4050 3546
f 4050 3741 3546
f 3638 3824 3740
f 3909 3740 3824
f 3740 3909 3641
f 4240 3642 3907
f 3636 3549 3911
f 3826 3641 3909
f 3641 3826 3825
f 3911 3643 3828
f 3548 3377 3912
f 3825 3827 3459
f 3744 3829 3831
f 3647 3827 4064
f 3552 3743 4069
f 3832 3913 3742
f 3744 3831 3833
f 3744 3833 3745
f 3462 3466 3975
f 3746 3975 3466
f 3917 3834 3836
f 3745 3833 3749
f 3466 3838 3746
f 3748 3552 3976
f 3835 3555 4072
f 3836 3747 3837
f 4074 3555 3750
f 3839 3978 3840
f 3652 3842 3919
f 3474 3560 3981
f 3840 3841 3651
f 3842 3751 3841
f 3651 3841 3751
f 3750 4075 4074
f 4075 3478 3982
f 4076 3982 3571
f 3571 3754 4076
f 3844 3755 3843
f 3579 3401 3756
f 4425 3758 3924
f 3758 3845 3924
f 3585 3846 3845
f 3926 3927 3763
f 3927 3988 3763
f 4084 3849 3847
f 3992 3849 4084
f 3846 3489 3851
f 3405 3848 4086
f 3847 3760 3990
f 3990 3760 3989
f 3761 3849 3992
f 3988 3991 3672
f 3989 3760 3995
f 3672 3991 3764
f 3995 3760 3854
f 3851 3766 3929
f 3766 3767 3929
f 4435 3854 3683
f 3677 3930 3684
f 3929 3767 3856
f 3855 3996 3681
f 3998 3996 3855
f 3853 3998 3855
f 3999 3856 3769
f 3769 3859 3999
f 3857 3773 3768
f 4003 3686 3860
f 4264 3772 3774
f 3861 3773 3864
f 4003 3860 3775
f 3776 3862 3774
f 3603 3691 3863
f 3779 3861 3864
f 3779 3864 3865
f 3862 3779 3865
f 3776 3779 3862
f 3863 3784 3603
f 3789 3784 3863
f 3867 3866 3777
f 3777 3866 3785
f 3786 3871 3775
f 3932 3790 3863
f 3790 3789 3863
f 3786 3787 3871
f 3867 3868 3869
f 3867 3702 3868
f 3866 3867 3869
f 3870 3785 3866
f 3870 3782 3785
f 3870 3791 3782
f 3791 3870 3873
f 3871 3787 3872
f 3787 3792 3872
f 3873 3796 3791
f 3796 3874 3797
f 3797 3874 3938
f 3874 3796 3873
f 3940 3797 3938
f 3799 3877 3875
f 3875 3877 3876
f 3877 3940 3876
f 3940 3877 3797
f 3872 3798 3878
f 3941 3799 3875
f 3799 3941 3800
f 3881 3880 3800
f 3800 3941 3881
f 3429 3801 3718
f 3526 3883 3804
f 3803 3884 3883
f 3947 3888 3805
f 3719 3720 3885
f 3885 3947 3719
f 3621 3948 4212
f 3434 3887 3948
f 3948 3621 3434
f 3807 3949 3885
f 3434 3435 3887
f 3888 3951 3806
f 3806 3951 3809
f 3952 3809 3951
f 3724 3953 3889
f 3724 3811 3953
f 3890 3953 3811
f 3892 3726 3891
f 3727 3957 3811
f 3726 3892 3812
f 3957 3813 3895
f 3893 3812 3894
f 3894 3812 3892
f 3813 3959 3895
f 3894 3896 3893
f 3893 3896 3533
f 3896 3897 3533
f 3897 4044 3815
f 3899 3627 4138
f 3627 4045 4138
f 3732 3901 3816
f 3731 3815 3902
f 3815 3963 3902
f 3631 4299 3439
f 3816 3901 3817
f 3901 3818 3966
f 3818 3734 3966
f 4045 3632 3903
f 3446 3817 4047
f 4047 3967 3541
f 4048 3631 2747
f 3820 3904 4049
f 3819 4238 4144
f 3905 3821 3969
f 3969 3738 3637
f 3821 3905 3970
f 3823 3821 3970
f 3970 3906 3823
f 3636 3908 3968
f 3824 3823 3906
f 3637 3453 3971
f 3824 3906 3972
f 3824 3972 3909
f 3908 3636 3911
f 3909 3974 3826
f 3453 3548 3910
f 3829 4058 3831
f 3827 3825 3826
f 3743 3642 3973
f 3458 4065 4248
f 3832 3914 3913
f 3831 3915 3833
f 3832 3834 4066
f 3915 4067 3833
f 3917 4066 3834
f 3552 4069 3976
f 3833 4067 3749
f 4072 3916 3835
f 3977 3917 3836
f 3837 3976 3836
f 3837 3748 3976
f 3976 3977 3836
f 4067 4070 3749
f 3749 4073 3839
f 3838 3562 3918
f 3839 4073 3978
f 3562 3919 3918
f 3920 3841 3840
f 3920 3842 3841
f 3842 3920 3919
f 3981 3753 3474
f 3921 3753 4077
f 4076 3754 4253
f 4253 3754 3756
f 3843 4078 3844
f 3922 4255 3983
f 3924 3845 3984
f 3759 4079 3584
f 3762 3993 3926
f 3847 3990 4084
f 3405 4086 3994
f 3995 3854 4170
f 3765 3671 3761
f 3676 3765 3930
f 3852 3681 4087
f 3681 3996 4087
f 4172 3684 3930
f 3996 3998 3997
f 4172 3857 3684
f 3858 4000 3689
f 3773 3857 4271
f 3772 4264 3859
f 3773 4271 3864
f 3774 4001 4264
f 3689 4002 3691
f 3862 4004 3774
f 3691 4002 3863
f 3865 3931 3862
f 3862 3931 4004
f 3932 3863 4002
f 3932 4005 3790
f 4005 3868 3790
f 3869 3868 4005
f 4005 4007 3869
f 3869 4007 3866
f 3870 3866 4007
f 4011 3870 4007
f 3873 3870 3933
f 3933 3870 4011
f 3871 3872 3937
f 3934 3935 3936
f 3933 3935 3934
f 3873 3933 3934
f 3936 3874 3934
f 3936 3938 3874
f 3873 3934 3874
f 4012 3939 3875
f 3876 4012 3875
f 4016 3937 3872
f 3872 3878 4016
f 3939 4015 3941
f 3875 3939 3941
f 3798 3879 3878
f 3943 3881 4015
f 3941 4015 3881
f 3942 3878 3879
f 3879 3943 3942
f 3880 3943 3879
f 3943 3880 3881
f 3717 3617 4210
f 3882 3944 3617
f 3718 3801 4384
f 3718 4384 3802
f 4021 3803 3802
f 3882 4022 3944
f 4021 3884 3803
f 3888 3947 3950
f 3886 4114 3721
f 4114 4567 3721
f 3947 3885 3949
f 4023 3947 3949
f 3435 4292 3887
f 3949 3807 4024
f 3888 3950 3951
f 3810 3721 4567
f 3807 3889 4024
f 4567 4386 3810
f 4025 4027 3951
f 3952 3951 4115
f 3953 4029 3889
f 3723 3954 4033
f 4034 4029 3953
f 3891 3723 4033
f 3890 3955 3953
f 3955 4034 3953
f 3811 3956 3890
f 4033 3892 3891
f 3811 3957 3956
f 4036 4035 4038
f 3894 3892 4127
f 4127 4043 3894
f 4043 3896 3894
f 3626 4569 3900
f 4044 3896 4043
f 3896 4044 3897
f 3899 3961 3960
f 3899 4138 3961
f 3962 3815 4044
f 3964 3965 4046
f 3964 3817 3901
f 3817 3964 4046
f 3901 3966 3964
f 3966 3734 3902
f 4046 4047 3817
f 4143 3822 3541
f 4049 3904 4237
f 3637 3971 3969
f 3970 4053 3906
f 3906 4053 3972
f 4055 3303 3457
f 3971 3453 4147
f 3908 3911 4057
f 3972 4059 3909
f 3453 3910 4149
f 4147 3453 4149
f 3642 4240 3973
f 3909 4059 3974
f 4061 3826 3974
f 3548 3912 3910
f 3826 4061 3827
f 3830 3742 4244
f 4061 4063 3827
f 4063 4064 3827
f 3832 4066 3914
f 3976 4071 3977
f 4070 4073 3749
f 3746 3838 4419
f 3838 3918 4419
f 3555 4074 4072
f 3978 4073 3979
f 3840 3978 3920
f 3980 3919 3979
f 3979 3919 3978
f 3978 3919 3920
f 3919 3980 3918
f 4075 4159 4074
f 3981 4077 3753
f 3921 4078 3843
f 3844 4078 4336
f 3756 3401 4254
f 4336 4255 3844
f 3757 4254 3401
f 3844 4255 3922
f 4161 3983 4255
f 3757 3758 4160
f 4160 3758 4425
f 3846 3984 3845
f 3848 3584 4079
f 4257 3984 3846
f 3985 3927 3987
f 3987 3927 3926
f 3988 3927 3986
f 3988 3986 3991
f 3846 3851 4257
f 3926 3993 3987
f 4526 3764 3991
f 3850 3928 4259
f 3994 4260 3678
f 3761 4261 3765
f 4530 3853 3673
f 4435 4170 3854
f 4089 3683 3686
f 4090 4000 3858
f 3689 4000 4002
f 3686 4003 4089
f 4271 3857 4446
f 4004 4001 3774
f 3931 3865 4006
f 4004 3931 4006
f 4006 4008 4004
f 3775 3871 4098
f 4008 4006 4185
f 4007 4091 4011
f 4010 4009 4012
f 4270 4188 4011
f 3871 3937 4098
f 4009 4094 3939
f 4012 4009 3939
f 4096 4010 4012
f 4096 3876 4097
f 3876 3940 4097
f 4013 3933 4188
f 3933 4011 4188
f 4096 4012 3876
f 4101 4100 3940
f 4013 4101 3938
f 4013 3938 3936
f 4013 3936 3935
f 3933 4013 3935
f 3939 4094 4014
f 3938 4101 3940
f 4015 3939 4014
f 4015 4017 3943
f 3943 4017 4018
f 3878 4103 4016
f 3878 3942 4103
f 4018 3942 3943
f 3944 4019 3617
f 3617 4019 4210
f 4020 4021 3802
f 3804 4471 3946
f 3883 3884 3804
f 3948 4290 4212
f 3947 4023 3950
f 4024 4030 3949
f 4023 3949 4030
f 3950 4023 4026
f 3950 4025 3951
f 4026 4023 4030
f 3950 4026 4025
f 3952 4115 4028
f 4024 3889 4029
f 4030 4024 4029
f 4027 4025 4032
f 4115 3951 4027
f 3954 3952 4028
f 4030 4029 4116
f 4031 4026 4030
f 4025 4026 4031
f 4032 4025 4031
f 4213 4027 4032
f 3954 4028 4033
f 4116 4029 4034
f 3955 4124 4034
f 4121 4035 4036
f 3890 3956 3955
f 3956 3957 3895
f 4037 4122 4038
f 4035 4037 4038
f 4038 4039 4036
f 4039 4040 4036
f 4122 4042 4038
f 3892 4123 4127
f 3892 4033 4123
f 4039 4038 4042
f 4040 4039 4042
f 4299 3958 3439
f 4042 4041 4040
f 4126 4041 4042
f 3959 3814 4130
f 3961 4132 3960
f 3960 4132 3898
f 3963 3815 3962
f 4046 3965 4137
f 4142 3902 3963
f 4141 4046 4137
f 3964 4142 3965
f 3966 4142 3964
f 4142 3966 3902
f 4046 4141 4047
f 4048 4479 3631
f 3967 4047 4141
f 3903 3736 4049
f 3541 3967 4143
f 4237 3904 3968
f 4405 3303 4055
f 4050 4051 3741
f 3969 3971 4052
f 3905 3969 4054
f 4054 3969 4052
f 3970 3905 4053
f 4053 3905 4054
f 4144 4485 3907
f 3968 3908 4239
f 4051 4408 3741
f 4239 3908 4057
f 4054 4056 4053
f 3741 4408 3640
f 4053 4056 3972
f 3972 4056 4059
f 4729 4055 3457
f 4058 3829 3640
f 4057 3911 4060
f 3911 3828 4060
f 3974 4059 4150
f 4248 4729 3457
f 4060 3828 3830
f 4061 3974 4150
f 4248 3457 3458
f 4063 4061 4062
f 4062 4061 4150
f 3831 4058 4411
f 4064 4063 4247
f 3915 3831 4411
f 3912 3975 4324
f 3743 4415 4069
f 4066 4153 3914
f 3554 3647 4068
f 4069 4071 3976
f 4068 4157 3554
f 4071 4155 3977
f 4070 4251 4073
f 4157 3560 3554
f 4075 3982 4422
f 4076 4422 3982
f 4077 4078 3921
f 4253 3756 4424
f 4254 4424 3756
f 4161 3923 3983
f 3925 4162 3759
f 3848 4080 4082
f 3848 4079 4080
f 3985 4080 4164
f 4163 3985 4164
f 4163 3986 3985
f 3986 4163 4081
f 3985 3987 4080
f 3986 3927 3985
f 4081 3991 3986
f 4083 4166 4084
f 3848 4082 4167
f 3990 3989 4083
f 4084 3990 4083
f 4084 4166 3992
f 3848 4167 4086
f 4341 3987 3993
f 4341 3993 3850
f 3992 4168 3761
f 4168 4261 3761
f 3850 4259 4343
f 3765 4172 3930
f 4087 3996 4088
f 3996 3997 4088
f 3683 4089 4435
f 3857 4172 4173
f 4000 4090 4174
f 4000 4175 4002
f 4175 4000 4174
f 3932 4002 4175
f 4175 4176 3932
f 4176 4005 3932
f 4182 4001 4004
f 4007 4005 4091
f 3775 4098 4003
f 3865 3864 4181
f 3865 4181 4006
f 4185 4182 4004
f 4004 4008 4185
f 4095 4009 4092
f 4010 4092 4009
f 4177 4092 4010
f 4006 4181 4099
f 4006 4099 4185
f 4093 4094 4095
f 4009 4095 4094
f 4177 4010 4096
f 4180 4177 4096
f 4097 4180 4096
f 4091 4270 4011
f 4094 4093 4014
f 4014 4093 4192
f 4100 4097 3940
f 4188 4101 4013
f 4014 4192 4017
f 4014 4017 4015
f 3937 4102 4193
f 4016 4102 3937
f 4017 4194 4018
f 4195 4103 3942
f 3942 4018 4195
f 4198 4106 4104
f 4106 4105 4104
f 4106 4198 4280
f 4105 4106 4107
f 4282 4107 4106
f 4282 4202 4107
f 4108 4109 4200
f 4109 4203 4200
f 4112 4109 4204
f 4110 4113 4203
f 4111 4110 4203
f 4109 4111 4203
f 4112 4111 4109
f 3802 4384 4020
f 3359 4211 3945
f 3804 3884 4471
f 3948 4385 4290
f 4212 4114 3886
f 3948 3887 4385
f 4214 4115 4027
f 4115 4214 4217
f 4115 4217 4028
f 4116 4031 4030
f 4214 4027 4213
f 4031 4116 4117
f 4032 4031 4118
f 4118 4031 4117
f 4213 4032 4118
f 4028 4121 4033
f 4028 4217 4121
f 3810 4798 3438
f 4034 4119 4116
f 4117 4116 4119
f 4119 4034 4124
f 4122 4037 4120
f 4120 4037 4035
f 4121 4120 4035
f 4123 4121 4036
f 4121 4123 4033
f 4124 3955 4125
f 3955 3956 4125
f 4296 4220 4122
f 4040 4123 4036
f 3956 3895 4125
f 4122 4220 4221
f 4122 4221 4042
f 4123 4040 4041
f 4123 4041 4127
f 3895 3959 4300
f 4128 4042 4221
f 4226 4041 4126
f 4041 4129 4127
f 4042 4128 4126
f 4127 4129 4043
f 3959 4130 4300
f 4128 4131 4126
f 4235 3900 4569
f 4131 4226 4126
f 4133 4043 4129
f 4043 4133 4044
f 3814 3898 4130
f 4229 4230 4131
f 3961 4231 4227
f 3961 4227 4132
f 4044 4133 3962
f 4231 3961 4138
f 4134 4229 4305
f 4135 4134 4305
f 4134 4136 4229
f 4136 4134 4137
f 4137 4134 4313
f 4137 4139 4136
f 4045 4315 4138
f 4139 4137 3965
f 3962 4140 3963
f 4313 4141 4137
f 3963 4140 4142
f 4141 4236 3967
f 4406 3968 4239
f 4054 4052 4056
f 4240 3907 4485
f 4239 4057 4145
f 3971 4147 4241
f 4052 3971 4241
f 4052 4241 4146
f 4052 4146 4056
f 4145 4057 4242
f 4056 4146 4059
f 4059 4146 4148
f 4057 4060 4242
f 4059 4148 4150
f 3830 4244 4060
f 4149 3910 4320
f 3912 4320 3910
f 3742 3913 4244
f 3973 4809 3743
f 3912 4324 4320
f 4151 4062 4150
f 4063 4062 4247
f 4062 4152 4247
f 4152 4062 4151
f 4248 4065 3916
f 4809 4415 3743
f 4064 4068 3647
f 4064 4247 4068
f 4067 3915 4154
f 4415 4329 4069
f 4067 4154 4070
f 4329 4071 4069
f 3975 3746 4416
f 4155 4071 4156
f 4156 4071 4329
f 3917 3977 4155
f 4074 4159 4072
f 4419 3918 4252
f 3918 4158 4252
f 3980 4158 3918
f 4422 4159 4075
f 3757 4160 4254
f 3923 4426 3925
f 3925 4426 4162
f 4164 4079 4162
f 4162 4079 3759
f 4079 4164 4080
f 3987 4082 4080
f 4081 4526 3991
f 4083 4165 4258
f 4083 4258 4166
f 4083 3989 4165
f 4340 3987 4341
f 3989 3995 4085
f 4086 4169 3994
f 3994 4169 4260
f 3764 4530 3673
f 4260 3858 3678
f 3929 3856 4262
f 3998 3853 4171
f 3997 4347 4088
f 4171 3997 3998
f 4090 4265 4174
f 4446 3857 4173
f 4265 4176 4174
f 4176 4175 4174
f 4005 4266 4267
f 4267 4091 4005
f 4091 4267 4350
f 4184 4095 4092
f 4184 4092 4268
f 4177 4268 4092
f 4180 4269 4177
f 4091 4178 4270
f 4091 4350 4178
f 3864 4271 4181
f 4095 4184 4183
f 4352 4180 4097
f 4185 4186 4182
f 4095 4183 4093
f 4093 4183 4273
f 4540 4100 4187
f 4099 4181 4189
f 4185 4099 4186
f 4189 4186 4099
f 4186 4189 4190
f 4187 4100 4101
f 4188 4187 4101
f 4272 4190 4192
f 4093 4272 4192
f 4193 4098 3937
f 4189 4191 4190
f 4192 4190 4191
f 4192 4191 4194
f 4192 4194 4017
f 4016 4274 4102
f 4018 4367 4195
f 4194 4367 4018
f 4016 4103 4274
f 4196 4198 4197
f 4198 4104 4197
f 4104 4199 4197
f 4104 4105 4199
f 4282 4106 4280
f 4283 4105 4107
f 4280 4201 4282
f 4107 4202 4283
f 4200 4202 4282
f 4201 4200 4282
f 4283 4202 4284
f 4201 4108 4200
f 4108 4201 4380
f 4200 4203 4202
f 4380 4285 4108
f 4202 4203 4284
f 4285 4109 4108
f 4203 4113 4284
f 4204 4109 4285
f 4284 4113 4286
f 4286 4113 4287
f 4204 4207 4112
f 4205 4207 4204
f 4113 4209 4287
f 4113 4110 4209
f 4209 4110 4111
f 4111 4112 4206
f 4207 4206 4112
f 4205 4208 4207
f 4562 4111 4206
f 4207 4208 4382
f 3205 5318 3801
f 4114 4291 4567
f 3887 4292 4385
f 4292 3808 4669
f 3808 3958 4293
f 4214 4213 4216
f 4118 4117 4215
f 4216 4213 4118
f 4216 4118 4215
f 4216 4219 4214
f 4217 4214 4219
f 4117 4119 4215
f 4119 4218 4215
f 4217 4219 4120
f 4121 4217 4120
f 4218 4119 4124
f 4120 4219 4296
f 4120 4296 4122
f 4124 4298 4218
f 4124 4125 4298
f 4222 4223 4220
f 4220 4223 4221
f 3958 4299 4719
f 4300 4125 3895
f 4221 4223 4225
f 4223 4222 4224
f 4221 4225 4301
f 4221 4301 4128
f 4041 4226 4129
f 4302 4128 4301
f 4131 4128 4393
f 4131 4393 4229
f 4131 4230 4226
f 4129 4226 4230
f 4129 4230 4133
f 4132 4394 3898
f 4227 4228 4132
f 4132 4228 4394
f 4232 4227 4231
f 4230 4229 4136
f 4133 4230 4233
f 4234 4230 4136
f 4231 4138 4310
f 4232 4231 4310
f 4299 3631 4720
f 4312 4313 4135
f 4135 4313 4134
f 4234 4136 4139
f 4133 4233 3962
f 4233 4140 3962
f 4139 3965 4140
f 4142 4140 3965
f 4315 4401 4138
f 4310 4138 4401
f 4045 3903 4316
f 4315 4045 4316
f 3903 4402 4316
f 3629 4235 4238
f 3903 4049 4237
f 3967 4236 4143
f 4236 4481 4143
f 4237 3968 4406
f 3822 4143 4050
f 4406 4239 4483
f 3640 4408 4058
f 4241 4147 4243
f 4243 4147 4317
f 4241 4243 4146
f 4149 4317 4147
f 4146 4243 4148
f 4317 4319 4243
f 4243 4319 4148
f 4246 4148 4319
f 4148 4246 4150
f 4244 3913 4245
f 4246 4322 4150
f 4058 4321 4411
f 4150 4322 4151
f 4247 4250 4068
f 4247 4249 4250
f 4249 4247 4152
f 4066 3917 4417
f 4068 4250 4327
f 3917 4155 4417
f 4070 4330 4251
f 4068 4327 4157
f 4417 4155 4156
f 4600 3916 4072
f 4157 4332 3560
f 4331 3979 4073
f 3979 4334 3980
f 3980 4334 4158
f 4252 4158 4335
f 4335 4158 4334
f 4422 4689 4159
f 4422 4076 4253
f 4255 4627 4161
f 4627 4630 4161
f 4160 4425 4889
f 4162 4426 4338
f 4162 4427 4163
f 4163 4164 4162
f 4163 4427 4081
f 4427 4256 4081
f 3984 4257 4832
f 4081 4524 4526
f 4082 4339 4167
f 4339 4082 4340
f 4340 4082 3987
f 4165 3989 4085
f 4167 4339 4430
f 3852 4087 4259
f 4259 4087 4433
f 3853 4530 4171
f 4435 4344 4170
f 4172 3765 4261
f 4433 4087 4345
f 4087 4088 4345
f 4090 4346 4263
f 4090 3858 4346
f 3997 4348 4347
f 4171 4348 3997
f 4090 4263 4265
f 4266 4176 4265
f 4266 4005 4176
f 4648 4089 4003
f 4268 4177 4269
f 4352 4439 4180
f 4350 4444 4178
f 4444 4445 4178
f 4182 4179 4001
f 4439 4269 4180
f 4270 4178 4445
f 4182 4186 4179
f 4183 4184 4355
f 4442 4097 4100
f 4270 4187 4188
f 4181 4271 4359
f 4179 4186 4356
f 4183 4362 4273
f 4357 4362 4183
f 4355 4357 4183
f 4098 4648 4003
f 4186 4190 4356
f 4273 4272 4093
f 4549 4098 4193
f 4367 4194 4191
f 4102 4366 4193
f 4274 4366 4102
f 4367 4369 4195
f 4103 4369 4274
f 4369 4103 4195
f 4276 4275 4454
f 4276 4368 4370
f 4277 4196 4275
f 4276 4277 4275
f 4197 4371 4196
f 4371 4275 4196
f 4279 4277 4276
f 4277 4279 4196
f 4373 4370 4278
f 4196 4279 4198
f 4197 4199 4371
f 4279 4280 4198
f 4281 4373 4278
f 4278 4376 4281
f 4281 4280 4373
f 4199 4283 4375
f 4283 4378 4375
f 4199 4105 4283
f 4281 4201 4280
f 4283 4284 4378
f 4380 4201 4281
f 4380 4281 4379
f 4286 4378 4284
f 4285 4464 4204
f 4286 4287 4663
f 4205 4288 4208
f 4209 4790 4287
f 4790 4209 4561
f 4561 4209 4562
f 4206 4207 4382
f 4288 4289 4208
f 4209 4111 4562
f 4382 4562 4206
f 4289 4383 4208
f 4019 3944 4469
f 4384 3801 4794
f 4022 3945 3944
f 4114 4212 4291
f 4293 4669 3808
f 4386 4798 3810
f 4215 4294 4216
f 4216 4294 4219
f 4568 3438 4798
f 4218 4295 4215
f 4295 4294 4215
f 4219 4294 4296
f 4298 4295 4218
f 4294 4297 4296
f 4296 4297 4220
f 4220 4297 4222
f 4222 4297 4389
f 4224 4222 4389
f 4300 4473 4125
f 4473 4298 4125
f 4390 4224 4389
f 4224 4390 4225
f 4224 4225 4223
f 4301 4392 4302
f 4128 4302 4393
f 4300 4130 4394
f 4130 3898 4394
f 4228 4304 4394
f 4304 4228 4227
f 4393 4303 4229
f 4232 4304 4227
f 4305 4229 4303
f 4305 4303 4307
f 4234 4233 4230
f 4310 4306 4232
f 4398 4306 4310
f 4308 4306 4398
f 4308 4311 4309
f 4309 4135 4307
f 4135 4305 4307
f 4311 4308 4398
f 4309 4311 4312
f 4135 4309 4312
f 4139 4233 4234
f 4312 4311 4399
f 4399 4311 4398
f 4313 4312 4399
f 4233 4139 4140
f 4720 3631 4479
f 4401 4397 4310
f 4397 4398 4310
f 4399 4314 4313
f 4313 4314 4141
f 4480 4141 4314
f 4236 4141 4480
f 4236 4480 4481
f 4479 4048 4405
f 3903 4237 4402
f 4481 4407 4143
f 4407 4050 4143
f 4483 4239 4145
f 4728 4240 4485
f 4145 4242 4487
f 4242 4060 4487
f 4060 4488 4487
f 4317 4149 4318
f 4319 4317 4318
f 4244 4488 4060
f 4149 4320 4409
f 4149 4409 4318
f 4318 4246 4319
f 3913 3914 4245
f 4322 4323 4151
f 4248 4326 4729
f 4154 3915 4411
f 4151 4323 4152
f 4323 4325 4152
f 4248 3916 4326
f 4249 4152 4325
f 4324 3975 4416
f 4154 4330 4070
f 4250 4328 4327
f 4328 4250 4249
f 4497 4156 4329
f 4416 3746 4683
f 4499 4417 4156
f 4327 4418 4157
f 4326 3916 4600
f 4251 4331 4073
f 4683 3746 4419
f 4157 4418 4332
f 4331 4333 3979
f 3979 4333 4334
f 4332 3981 3560
f 3981 4618 4077
f 4422 4253 4620
f 4423 4625 4077
f 4077 4625 4078
f 4253 4424 4620
f 4336 4078 4625
f 4630 4337 4161
f 4161 4426 3923
f 4338 4633 4162
f 4162 4633 4427
f 4258 4525 4166
f 4430 4339 4340
f 4166 4168 3992
f 4257 3851 4429
f 4167 4430 4341
f 4342 4167 4341
f 4430 4340 4341
f 4429 3851 4432
f 4167 4342 4086
f 4341 3850 4431
f 4086 4342 4169
f 4342 4431 4169
f 3764 4526 4527
f 4431 3850 4343
f 4530 3764 4527
f 4169 4640 4260
f 4260 4346 3858
f 4532 4433 4345
f 4261 4349 4172
f 4088 4347 4345
f 4345 4347 4534
f 4349 4173 4172
f 4346 4533 4263
f 4837 4435 4089
f 3859 4264 3999
f 4265 4263 4266
f 4266 4536 4267
f 4536 4438 4267
f 4350 4267 4438
f 4353 4268 4269
f 4351 4353 4269
f 4439 4351 4269
f 4184 4268 4354
f 4354 4268 4353
f 4097 4442 4352
f 4355 4184 4354
f 4445 4187 4270
f 4354 4542 4355
f 4540 4442 4100
f 4273 4361 4272
f 4542 4358 4355
f 4782 4648 4098
f 4190 4360 4356
f 4360 4272 4361
f 4362 4361 4273
f 4449 4358 4542
f 4181 4359 4548
f 4181 4548 4189
f 4190 4272 4360
f 4357 4364 4362
f 4358 4363 4355
f 4363 4357 4355
f 4189 4548 4191
f 4362 4448 4544
f 4448 4362 4364
f 4363 4364 4357
f 4363 4358 4449
f 4453 4450 4368
f 4365 4452 4368
f 4454 4453 4276
f 4368 4276 4453
f 4275 4456 4454
f 4452 4370 4368
f 4371 4456 4275
f 4276 4370 4373
f 4278 4370 4653
f 4276 4373 4279
f 4372 4278 4653
f 4279 4373 4280
f 4372 4374 4278
f 4457 4456 4375
f 4199 4375 4456
f 4456 4371 4199
f 4278 4374 4376
f 4459 4376 4374
f 4461 4375 4378
f 4459 4377 4376
f 4379 4281 4376
f 4377 4459 4460
f 4377 4462 4376
f 4462 4379 4376
f 4381 4461 4378
f 4462 4464 4379
f 4381 4378 4286
f 4380 4464 4285
f 4204 4464 4466
f 4204 4466 4205
f 4286 4662 4381
f 4558 4205 4466
f 4288 4205 4558
f 4286 4663 4662
f 4287 4790 4663
f 4289 4288 4560
f 4383 4382 4208
f 4289 4468 4383
f 3801 5319 4794
f 4384 4794 4667
f 3944 3945 4469
f 3945 4211 5425
f 4212 4290 4566
f 4566 4291 4212
f 4295 4387 4294
f 4294 4387 4297
f 4388 4295 4298
f 4387 4295 4388
f 4297 4387 4389
f 4387 4388 4389
f 4568 4569 3438
f 4389 4388 4390
f 4388 4298 4473
f 4473 4390 4388
f 4720 4719 4299
f 4225 4390 4474
f 4225 4474 4392
f 4225 4392 4301
f 4473 4300 4391
f 4392 4393 4302
f 4394 4391 4300
f 4393 4392 4395
f 4393 4395 4303
f 4394 4304 4391
f 4391 4304 4476
f 4395 4477 4303
f 4304 4232 4476
f 4306 4476 4232
f 4306 4396 4476
f 4303 4477 4307
f 4307 4477 4396
f 4308 4396 4306
f 4309 4396 4308
f 4307 4396 4309
f 4399 4398 4397
f 4315 4400 4401
f 4316 4403 4315
f 4400 4315 4403
f 4402 4403 4316
f 4237 4572 4402
f 4237 4482 4572
f 4406 4482 4237
f 4404 4144 4238
f 4050 4407 4051
f 4483 4145 4675
f 4408 4486 4058
f 4675 4145 4487
f 4486 4321 4058
f 4728 3973 4240
f 4489 4244 4245
f 4488 4244 4489
f 4318 4409 4410
f 4318 4410 4246
f 4246 4410 4322
f 4490 4409 4320
f 4322 4410 4323
f 4320 4324 4490
f 4410 4413 4323
f 4490 4324 4412
f 4323 4413 4325
f 4325 4413 4414
f 4153 4066 4733
f 4492 4330 4154
f 4329 4415 4809
f 4066 4417 4733
f 4495 4249 4325
f 4328 4249 4496
f 4496 4249 4495
f 4497 4329 4494
f 4328 4500 4327
f 4328 4496 4500
f 4499 4156 4497
f 4327 4500 4418
f 4419 4252 4614
f 4600 4072 4159
f 4333 4420 4334
f 4600 4159 4689
f 4420 4335 4334
f 4252 4420 4501
f 4252 4335 4420
f 4618 3981 4421
f 4336 4625 4626
f 4627 4336 4626
f 4336 4627 4255
f 4161 4337 4426
f 3924 3984 4758
f 4081 4256 4524
f 4165 4638 4428
f 4258 4165 4525
f 4165 4428 4525
f 4165 4085 4638
f 4257 4429 4832
f 4342 4341 4431
f 4529 4638 4085
f 4529 4085 3995
f 4169 4431 4639
f 4639 4431 4343
f 3995 4170 4529
f 4954 4168 4637
f 4639 4528 4169
f 4528 4640 4169
f 4168 4954 4261
f 3851 3929 4432
f 4642 4259 4433
f 4346 4260 4434
f 4346 4434 4533
f 4345 4534 4532
f 4171 4436 4348
f 4437 4263 4533
f 4347 4535 4534
f 4347 4348 4535
f 4348 4436 4535
f 4266 4263 4437
f 4437 4536 4266
f 4837 4089 4901
f 4089 4648 4901
f 4001 4773 4264
f 4352 4539 4441
f 4438 4444 4350
f 4541 4351 4440
f 4351 4439 4440
f 4440 4439 4441
f 4439 4352 4441
f 4352 4442 4443
f 4352 4443 4539
f 4351 4541 4353
f 4443 4442 4540
f 4537 4540 4444
f 4444 4540 4445
f 4445 4540 4187
f 4353 4542 4354
f 4271 4446 4359
f 4543 4179 4356
f 4361 4544 4360
f 4360 4544 4447
f 4544 4361 4362
f 4098 4549 4782
f 4450 4363 4449
f 4365 4546 4452
f 4364 4451 4448
f 4450 4453 4363
f 4545 4365 4450
f 4363 4453 4364
f 4365 4368 4450
f 4193 4366 4549
f 4367 4191 4548
f 4655 4367 4548
f 4452 4653 4370
f 4364 4454 4451
f 4453 4454 4364
f 4369 4367 4655
f 4369 4655 4455
f 4366 4274 4551
f 4274 4455 4551
f 4369 4455 4274
f 4454 4456 4451
f 4456 4457 4451
f 4553 4372 4656
f 4654 4457 4552
f 4553 4458 4372
f 4375 4552 4457
f 4372 4458 4374
f 4552 4375 4554
f 4375 4461 4554
f 4374 4458 4459
f 4460 4659 4377
f 4379 4464 4380
f 4462 4465 4464
f 4557 4465 4462
f 4557 4377 4659
f 4557 4462 4377
f 4381 4463 4461
f 4466 4464 4465
f 4466 4467 4558
f 4559 4288 4558
f 4559 4560 4288
f 4563 4562 4382
f 4289 4560 4664
f 4382 4468 4564
f 4382 4383 4468
f 4289 4664 4468
f 4664 4565 4468
f 4020 4384 4470
f 4470 4021 4020
f 3884 4470 4472
f 4470 3884 4021
f 4668 4290 4385
f 4385 4292 4797
f 4797 4292 4669
f 4293 3958 4719
f 4390 4473 4474
f 4474 4473 4475
f 4475 4473 4391
f 4474 4475 4392
f 4475 4395 4392
f 4475 4391 4476
f 4395 4475 4477
f 4476 4477 4475
f 4477 4476 4396
f 4397 4672 4570
f 4399 4397 4570
f 4400 4397 4401
f 4672 4397 4400
f 4314 4399 4570
f 4570 4480 4314
f 4670 4400 4403
f 4572 4403 4402
f 4484 4407 4574
f 4407 4484 4051
f 4051 4484 4408
f 4409 4490 4491
f 4409 4491 4410
f 3914 4730 4245
f 4491 4490 4412
f 4410 4491 4413
f 3914 4153 4730
f 4411 4492 4154
f 4493 4413 4491
f 4493 4414 4413
f 4412 4324 4597
f 4416 4596 4324
f 4324 4596 4597
f 4594 4681 4330
f 4325 4414 4495
f 4494 4329 4809
f 4500 4496 4498
f 4598 4498 4496
f 4683 4419 4686
f 4331 4601 4333
f 4614 4686 4419
f 4420 4333 4501
f 4614 4252 4501
f 4421 3981 4332
f 4502 4610 4503
f 4503 4610 4613
f 4503 4504 4502
f 4422 4745 4689
f 4618 4423 4077
f 4505 4502 4506
f 4504 4506 4502
f 4508 4506 4504
f 4745 4422 4620
f 4510 4505 4507
f 4506 4507 4505
f 4507 4506 4508
f 4511 4507 4508
f 4509 4510 4507
f 4511 4509 4507
f 4511 4512 4509
f 4512 4624 4509
f 4624 4513 4623
f 4624 4514 4513
f 4514 4624 4512
f 4424 4254 4887
f 4254 4160 4887
f 4887 4160 4889
f 4514 4515 4513
f 4516 4514 4512
f 4629 4513 4515
f 4514 4517 4515
f 4517 4514 4516
f 4518 4517 4516
f 4517 4519 4515
f 4519 4517 4520
f 4518 4521 4517
f 4521 4520 4517
f 4521 4518 4522
f 4520 4756 4519
f 4521 4523 4520
f 4523 4756 4520
f 4337 4698 4426
f 4428 4638 4635
f 4428 4636 4525
f 4168 4166 4637
f 4637 4166 4525
f 4526 5012 4527
f 4640 4763 4260
f 4701 4260 4763
f 4259 4642 4343
f 4434 4260 4531
f 4531 4260 4701
f 4530 4959 4171
f 4261 4762 4349
f 4837 4344 4435
f 4262 3856 3999
f 4902 4262 3999
f 4644 4533 4434
f 4644 4532 4534
f 4171 4765 4436
f 4644 4437 4533
f 4534 4437 4644
f 4534 4535 4437
f 4264 4902 3999
f 4535 4536 4437
f 4645 4535 4436
f 4536 4535 4645
f 4902 4264 4773
f 4537 4438 4536
f 4537 4536 4645
f 4438 4537 4444
f 4538 4541 4440
f 4440 4441 4538
f 4446 4173 4775
f 4773 4001 4179
f 4542 4353 4647
f 4359 4446 4775
f 4356 4780 4543
f 4360 4649 4356
f 4356 4649 4780
f 4360 4447 4649
f 4542 4651 4449
f 4359 4650 4548
f 4651 4545 4449
f 4546 4652 4452
f 4544 4448 4547
f 4449 4545 4450
f 4546 4365 4545
f 4452 4652 4653
f 4654 4547 4448
f 4549 4366 4550
f 4448 4451 4654
f 4372 4653 4656
f 4550 4366 4551
f 4457 4654 4451
f 4656 4657 4553
f 4459 4458 4658
f 4461 4555 4554
f 4460 4459 4556
f 4460 4556 4851
f 4555 4461 4463
f 4466 4465 4557
f 4466 4557 4467
f 4660 4463 4381
f 4381 4662 4660
f 4467 4712 4558
f 4716 4664 4560
f 4563 4561 4562
f 4564 4563 4382
f 4565 4564 4468
f 4469 4792 4019
f 4019 4792 4210
f 4210 4793 3717
f 4667 4794 4666
f 4470 4384 4667
f 4718 5425 4211
f 3884 4472 4471
f 4668 4385 4797
f 4721 4480 4570
f 4481 4480 4721
f 4238 4571 4404
f 4670 4403 4572
f 4802 4670 4573
f 4573 4670 4572
f 4482 4573 4572
f 4482 4406 4573
f 4405 4055 4673
f 4144 4936 4485
f 4406 4483 4573
f 4804 5048 4575
f 4578 4576 4575
f 4577 4578 4575
f 4577 4575 5048
f 4486 4408 4484
f 4579 4576 4578
f 4579 4578 4577
f 4055 4729 4581
f 4580 4576 4582
f 4579 4582 4576
f 4584 4582 4579
f 4585 4580 4583
f 4582 4583 4580
f 4583 4582 4584
f 4586 4585 4583
f 4586 4583 4584
f 4588 4489 4245
f 4677 4321 4486
f 4592 4586 4584
f 4587 4589 4585
f 4586 4587 4585
f 4586 4592 4587
f 4245 4730 4588
f 4321 4492 4411
f 4587 4591 4589
f 4591 4590 4589
f 4591 4587 4592
f 4597 4593 4412
f 4491 4412 4593
f 4491 4593 4493
f 4493 4590 4595
f 4591 4595 4590
f 4595 4591 4592
f 4493 4595 4414
f 4878 4153 4733
f 4492 4594 4330
f 4599 4414 4595
f 4414 4599 4495
f 4733 4417 4499
f 4330 4681 4251
f 4496 4495 4598
f 4598 4495 4599
f 4326 4600 4946
f 4685 4499 4497
f 4251 4681 4331
f 4500 4498 4418
f 4498 4598 4603
f 4498 4603 4418
f 4603 4602 4418
f 4598 4606 4603
f 4606 4598 4599
f 4332 4418 4602
f 4607 4608 4605
f 4609 4602 4612
f 4609 4332 4602
f 4612 4602 4610
f 4602 4603 4610
f 4611 4603 4606
f 4603 4613 4610
f 4613 4603 4611
f 4333 4601 4501
f 4332 4609 4421
f 4612 4610 4502
f 4611 4619 4503
f 4613 4611 4503
f 4421 4616 4618
f 4502 4617 4615
f 4503 4619 4504
f 4505 4617 4502
f 4690 4617 4505
f 4619 4621 4504
f 4504 4621 4508
f 4505 4622 4690
f 4423 4691 4625
f 4505 4510 4622
f 4508 4621 4511
f 4621 4751 4511
f 4691 4623 4625
f 4751 4692 4511
f 4620 4424 4887
f 4622 4624 4623
f 4510 4509 4624
f 4622 4510 4624
f 4512 4511 4692
f 4625 4623 4693
f 4623 4513 4693
f 4626 4625 4693
f 4692 4753 4512
f 4753 4628 4512
f 4693 4627 4626
f 4512 4628 4516
f 4513 4629 4693
f 4693 4629 4627
f 4629 4630 4627
f 4516 4628 4518
f 4628 4754 4518
f 4629 4696 4630
f 4515 4519 4696
f 4629 4515 4696
f 4518 4754 4694
f 4518 4694 4522
f 4522 4631 4521
f 4523 4521 4631
f 4425 3924 4758
f 4632 4338 4426
f 4632 4633 4338
f 4634 4427 4633
f 4256 4427 4634
f 4256 4897 4524
f 4635 4636 4428
f 4635 4638 4833
f 4525 4699 4637
f 4528 4641 4640
f 4528 4639 4641
f 4639 4343 4641
f 4343 4642 4641
f 4530 4527 4959
f 4170 4344 4529
f 4432 3929 4760
f 4531 4701 4643
f 4532 4702 4433
f 4531 4644 4434
f 4643 4644 4531
f 4643 4702 4532
f 4643 4532 4644
f 4538 4441 4646
f 4541 4647 4353
f 4179 4841 4773
f 4647 4651 4542
f 4775 4650 4359
f 4705 4649 4447
f 4447 4544 4705
f 4547 4705 4544
f 4704 4706 4652
f 4653 4652 4706
f 4784 4547 4654
f 4552 4707 4654
f 4657 4786 4553
f 4552 4554 4707
f 4553 4786 4458
f 4554 4555 4707
f 4459 4658 4556
f 4556 4787 4851
f 4851 4710 4460
f 4460 4710 4659
f 4659 4711 4557
f 4557 4711 4467
f 4712 4467 4711
f 4558 4712 4559
f 4559 4712 4713
f 4559 4713 4661
f 4560 4559 4661
f 4560 4661 4716
f 4561 4563 4791
f 5318 3205 3717
f 5319 3801 5318
f 4792 4469 4665
f 4469 4928 4665
f 4567 4860 4386
f 4235 4569 4478
f 4931 4720 4479
f 4478 4238 4235
f 4671 4672 4400
f 4671 4400 4670
f 4862 4479 4405
f 4864 4574 4407
f 4404 4936 4144
f 4573 4483 4722
f 4802 4573 4722
f 4484 4574 4869
f 4723 4674 4575
f 4674 4804 4575
f 4575 4576 4723
f 4676 4723 4576
f 4484 4725 4486
f 4577 5048 4805
f 4055 4581 4673
f 4675 4487 4808
f 4576 4580 4676
f 4577 4805 4579
f 4805 4678 4579
f 4579 4678 4584
f 4487 4488 4489
f 4487 4489 4808
f 4585 4676 4580
f 4727 4676 4585
f 4489 4588 4875
f 4585 4589 4727
f 4584 4678 4592
f 4732 4727 4589
f 4728 4809 3973
f 4321 4677 4492
f 4589 4590 4732
f 4153 4878 4730
f 4996 4594 4492
f 4493 4732 4590
f 4493 4679 4732
f 4592 4678 4595
f 4678 4684 4595
f 4593 4597 4680
f 4593 4680 4679
f 4593 4679 4493
f 4597 4596 4680
f 4595 4684 4599
f 4735 4680 4596
f 4596 4416 4735
f 4494 4682 4497
f 4416 4683 4735
f 4599 4684 4687
f 4682 4685 4497
f 4685 4682 4604
f 4685 4604 4812
f 4331 4681 4601
f 4599 4687 4606
f 4812 4604 4605
f 4946 4600 4689
f 4604 4682 4607
f 4607 4605 4604
f 4605 4608 4738
f 4606 4687 4611
f 4687 4737 4611
f 4608 4688 4738
f 4686 4614 4816
f 4608 4607 4742
f 4688 4608 4742
f 4614 4601 4741
f 4501 4601 4614
f 4614 4741 4816
f 4612 4502 4615
f 4609 4612 4615
f 4421 4609 4615
f 4611 4743 4619
f 4615 4617 4421
f 4617 4616 4421
f 4618 4616 4748
f 4617 4690 4616
f 4621 4619 4746
f 4618 4748 4423
f 4621 4746 4750
f 4745 4620 4820
f 4748 4691 4423
f 4748 4749 4691
f 4749 4690 4622
f 4749 4622 4691
f 4622 4623 4691
f 4692 4751 4752
f 4822 4620 4887
f 4888 4754 4628
f 4695 4522 4694
f 4630 4696 4337
f 4697 4522 4695
f 4697 4631 4522
f 4756 4523 4757
f 4631 4757 4523
f 4759 4633 4632
f 4634 4633 4759
f 4640 4641 4700
f 4640 4700 4763
f 4700 4641 4761
f 4761 4641 4642
f 4261 4954 4762
f 4760 3929 4262
f 4642 4433 4761
f 4761 4433 4764
f 4702 4643 4701
f 4702 4764 4433
f 4171 4959 4962
f 4171 4962 4765
f 4645 4767 4769
f 4767 4645 4436
f 4770 4443 4766
f 4766 4443 4769
f 4537 4645 4769
f 4539 4770 4840
f 4443 4770 4539
f 4540 4769 4443
f 4537 4769 4540
f 4771 4538 4772
f 4772 4538 4646
f 4646 4441 4539
f 4646 4539 4840
f 4538 4771 4541
f 4541 4771 4647
f 5021 4775 4173
f 4774 4773 4841
f 4781 4901 4648
f 4179 4543 4841
f 4647 4703 4651
f 4543 4780 4842
f 4776 4545 4651
f 4776 4546 4545
f 4781 4648 4782
f 4704 4652 4546
f 4706 4704 4779
f 4782 4549 4914
f 4705 4547 4916
f 4650 4655 4548
f 4656 4653 4845
f 4845 4653 4706
f 4845 4706 4844
f 4455 4655 4848
f 4656 4845 4657
f 4551 4848 4550
f 4848 4551 4455
f 4654 4707 4784
f 4708 4786 4657
f 4786 4658 4458
f 4658 4709 4556
f 4709 4787 4556
f 4711 4659 4710
f 4711 4789 4712
f 4660 4662 4714
f 4713 4715 4661
f 4853 4715 4713
f 4716 4565 4664
f 5039 4790 4561
f 4561 4791 5041
f 5041 5039 4561
f 4563 4717 4791
f 4564 4717 4563
f 4792 4793 4210
f 4795 4667 4666
f 4667 4795 4470
f 4795 4472 4470
f 4796 4291 4566
f 4567 4291 4796
f 4567 4796 4860
f 4861 4669 4293
f 4479 4862 4931
f 4672 4800 4570
f 4800 4721 4570
f 4800 4801 4721
f 4721 4801 4481
f 4864 4481 4801
f 4481 4864 4407
f 4865 4670 4802
f 4723 4803 4674
f 4724 4722 4483
f 4483 4675 4724
f 4726 4723 4676
f 4725 4872 4486
f 4872 4677 4486
f 4805 4806 4678
f 4806 4873 4678
f 4993 4728 4485
f 4726 4676 4727
f 4588 4874 4875
f 4727 4732 4876
f 4492 4677 4731
f 4492 4731 4996
f 4730 4878 4944
f 4873 4879 4678
f 4732 4679 4810
f 4684 4678 4879
f 4494 4809 5056
f 4680 4734 4679
f 4733 4499 4945
f 4735 4734 4680
f 4499 4685 4945
f 4945 4685 4998
f 4686 4736 4683
f 4683 4736 4735
f 4684 4880 4687
f 4812 4605 4738
f 4687 4880 4737
f 4607 4682 4739
f 4740 4946 4689
f 4742 4607 4739
f 4742 4744 4688
f 4601 4815 4741
f 4742 4739 4744
f 4737 4743 4611
f 4743 4884 4619
f 4745 4740 4689
f 4619 4884 4746
f 4747 4748 4616
f 4747 4616 4690
f 4749 4747 4690
f 4620 4822 4820
f 4751 4621 4750
f 4753 4888 4628
f 4754 4825 4694
f 4695 4694 4825
f 4696 4755 4337
f 4519 4755 4696
f 4519 4756 4755
f 4697 4695 4892
f 4889 4425 5068
f 4337 4893 4698
f 4631 4697 4828
f 4631 4828 4757
f 4632 4698 4894
f 4426 4698 4632
f 4756 4827 4755
f 4757 4827 4756
f 4894 4759 4632
f 4634 4831 4256
f 4256 4831 4897
f 4758 3984 4832
f 4635 4833 4835
f 4635 4835 4836
f 4836 4636 4635
f 4525 4636 4699
f 4524 5012 4526
f 4638 4529 5136
f 5136 4529 4344
f 4763 4700 4761
f 4761 4764 4763
f 4764 4702 4701
f 4837 5077 4344
f 4767 4436 4765
f 4767 4766 4769
f 4774 4902 4773
f 4768 4770 4766
f 5021 4173 4349
f 4646 4840 4772
f 4647 4771 4968
f 4703 4647 4968
f 4776 4651 4703
f 4777 4778 4704
f 4704 4778 4779
f 4543 4842 4841
f 4649 4783 4780
f 4783 4649 4705
f 4777 4546 4776
f 4704 4546 4777
f 4915 4650 4775
f 4779 4844 4706
f 4783 4705 4916
f 4549 4971 4914
f 5031 4655 4650
f 4549 4550 4971
f 4848 4655 5031
f 4845 4708 4657
f 4786 4976 4658
f 4658 4976 4709
f 4709 4850 4787
f 4707 4555 4788
f 4787 4978 4851
f 4555 4463 5088
f 4710 4789 4711
f 4463 4660 5088
f 4853 4713 4789
f 4789 4713 4712
f 4662 4922 4714
f 4663 4922 4662
f 4661 4715 4716
f 4790 4922 4663
f 4790 5039 4922
f 4925 4565 4716
f 4791 5042 5041
f 4925 4564 4565
f 4794 5319 4856
f 3945 4928 4469
f 3945 5425 4928
f 4472 4985 4471
f 4985 4472 4795
f 4858 4290 4668
f 4386 4860 4798
f 4719 4861 4293
f 4568 4799 4569
f 4799 4478 4569
f 4238 4478 4571
f 4801 4863 4864
f 4574 4864 4933
f 4802 4722 4724
f 4723 4868 4803
f 4804 4674 4803
f 4484 4869 4725
f 4724 4675 4870
f 4808 4870 4675
f 4808 4489 4875
f 4877 4879 4873
f 4732 4810 4876
f 4734 4810 4679
f 4878 4733 4945
f 5116 4326 4946
f 4735 4811 4734
f 4684 4879 4880
f 4997 4494 5056
f 4997 4682 4494
f 4735 4736 4811
f 4812 4998 4685
f 4681 4813 4601
f 4736 4686 4882
f 4682 5181 4739
f 4814 4738 4688
f 4814 4812 4738
f 4882 4686 4948
f 4601 4813 4815
f 4686 4816 4948
f 4816 4741 4815
f 4737 4999 4743
f 4688 4744 4947
f 5001 4744 4739
f 4817 4744 5001
f 4744 4817 4947
f 4817 4818 4947
f 4745 5003 4740
f 4884 4819 4746
f 4820 5003 4745
f 4748 4747 4749
f 4750 5064 4752
f 4750 4752 4751
f 4821 4823 4752
f 4752 4823 4692
f 4753 4692 4824
f 4692 4823 4824
f 4888 4753 4952
f 4888 4890 4754
f 4890 4825 4754
f 4695 4825 4826
f 4755 4893 4337
f 4695 4826 4891
f 4891 4892 4695
f 4697 4892 4828
f 4698 4893 4894
f 4425 4758 5068
f 4895 4827 4896
f 4829 4894 4895
f 4895 4896 4829
f 4830 4896 4757
f 4896 4827 4757
f 4894 4829 4634
f 4894 4634 4759
f 4831 4634 4829
f 4763 4764 4701
f 4262 4902 5293
f 4962 4838 4765
f 4901 5077 4837
f 4768 4766 4839
f 4839 4767 4963
f 4839 4766 4767
f 4838 4963 4767
f 4765 4838 4767
f 4770 4906 4840
f 4770 4768 4906
f 4772 4967 4771
f 4967 4772 4905
f 4772 4840 4905
f 4967 4968 4771
f 5081 4774 4841
f 5021 5024 4775
f 4703 4907 4776
f 4908 4909 4778
f 4907 4777 4776
f 4908 4777 4907
f 4778 4777 4908
f 4779 4778 4910
f 4779 4910 4843
f 4780 4913 4842
f 4783 5028 4913
f 4783 4913 4780
f 4914 5027 4781
f 4775 5024 4915
f 4914 4781 4782
f 4779 4843 4844
f 4915 5031 4650
f 4783 4916 5028
f 5028 4916 5029
f 4845 4844 4846
f 4916 4547 4784
f 4972 4845 4846
f 4971 4550 4847
f 4708 4845 4972
f 4550 4848 4847
f 4707 4785 4784
f 4708 4849 4786
f 4849 4976 4786
f 4788 4555 5088
f 4710 4851 4852
f 4710 4852 4789
f 4853 4789 4979
f 4854 4715 4853
f 4854 4853 4919
f 4716 4715 4921
f 4921 4855 4716
f 4716 4855 4925
f 4717 5042 4791
f 4564 4925 4717
f 4666 4794 4927
f 4927 4795 4666
f 4718 4471 5466
f 3946 4471 4718
f 4471 4984 5164
f 4471 4985 4984
f 4927 4985 4795
f 4858 4857 4290
f 4290 4857 4566
f 4859 4858 4668
f 4668 4797 4859
f 4859 4797 5045
f 5045 4797 4669
f 5045 4669 4861
f 4798 4860 4929
f 4568 4798 4929
f 4568 4929 4930
f 4930 4799 4568
f 4672 4671 4932
f 4800 4672 4863
f 4863 4672 4934
f 4800 4863 4801
f 4934 4672 4932
f 4670 4865 4671
f 4865 4866 4671
f 4933 4863 4934
f 4933 4864 4863
f 4405 4673 4862
f 5047 4936 4404
f 4932 4671 4866
f 4802 4867 4865
f 4867 4866 4865
f 4938 4574 4933
f 4574 4938 4869
f 4724 4867 4802
f 5104 4804 4803
f 4723 4939 4868
f 4723 4726 4939
f 4872 4725 4869
f 4806 4807 4873
f 4808 4871 4870
f 4876 4726 4727
f 5053 4581 4729
f 4872 4995 4677
f 4995 4731 4677
f 4730 4943 4588
f 4943 4874 4588
f 4730 4944 4943
f 4729 4326 5053
f 4810 4734 4881
f 4811 4881 4734
f 4811 4736 4882
f 4881 4811 4882
f 5181 4682 4997
f 4998 4812 4814
f 4737 4880 4999
f 4739 5181 5001
f 4814 4688 4947
f 4813 4883 4948
f 4813 4948 4815
f 4815 4948 4816
f 4743 4949 4884
f 5004 4817 5001
f 4817 5004 4818
f 4947 4818 5002
f 4949 4819 4884
f 4950 4818 5004
f 4818 4950 5002
f 4819 4885 4746
f 4746 4885 4750
f 4821 4752 5066
f 4822 4887 5187
f 4821 4886 4823
f 4823 4886 4824
f 4824 4952 4753
f 4952 5067 4888
f 4890 5006 4825
f 4825 5006 4826
f 5132 4828 4892
f 4895 4755 4827
f 5192 4828 5132
f 4757 4828 4830
f 4828 5192 4830
f 4829 5009 4831
f 4829 4896 5009
f 4830 5009 4896
f 4831 5009 4897
f 5010 4898 4835
f 4897 5134 4524
f 4833 4834 5010
f 4835 4833 5010
f 4835 4898 4899
f 4835 4899 4836
f 4836 4899 4636
f 4899 4699 4636
f 4524 5134 5012
f 4834 4833 5136
f 5136 4833 4638
f 5011 4429 5240
f 5012 5013 4527
f 5240 4429 4432
f 5240 4432 4760
f 4962 5018 4838
f 4762 4964 4349
f 4839 4903 4768
f 4903 4904 4768
f 4964 5021 4349
f 4968 4907 4703
f 4778 4909 4910
f 4910 5023 4843
f 4842 4912 4841
f 4841 4912 4911
f 4842 4913 4912
f 4970 4844 4843
f 4970 4846 4844
f 4848 5031 4917
f 4848 4917 4847
f 4847 4917 4974
f 4972 4973 4708
f 4849 4708 4973
f 4707 4918 4785
f 4709 4976 4977
f 4788 4918 4707
f 4709 4977 4850
f 4850 4978 4787
f 4851 4978 4852
f 4789 4852 4979
f 4660 4980 5088
f 4979 4919 4853
f 4660 4714 4980
f 4919 4920 4854
f 4715 4854 4921
f 4921 4854 4920
f 4855 4921 4923
f 4920 4923 4921
f 4925 4855 4982
f 4855 4923 4982
f 4717 4924 5042
f 4925 4924 4717
f 3717 4793 5266
f 4792 4665 5097
f 4794 4856 4926
f 4927 4794 4926
f 4665 4928 5097
f 4566 4857 4986
f 5166 4566 4986
f 4796 4566 5166
f 4859 5099 4858
f 4796 5166 4860
f 4859 5045 5102
f 5168 5045 4861
f 4861 4719 5168
f 5168 4719 5046
f 4719 4720 5046
f 4799 4988 4478
f 4571 5215 4404
f 5047 4404 5215
f 4866 4990 4932
f 4991 4938 4934
f 4934 4938 4933
f 4866 4867 4937
f 4803 4868 5104
f 5048 4804 5104
f 4805 5048 5105
f 4805 5105 4806
f 5105 5323 4806
f 4807 4806 5323
f 4936 5170 4485
f 4870 4867 4724
f 4940 4872 4869
f 5170 4993 4485
f 4873 4807 4941
f 4873 4941 4877
f 4808 4875 4942
f 4993 5056 4728
f 5056 4809 4728
f 5116 5053 4326
f 4876 4810 5111
f 4879 4877 5114
f 4681 4594 5058
f 4879 5114 5060
f 4879 5060 4880
f 4882 5000 4881
f 4882 4948 5000
f 5000 4948 5120
f 4948 4883 5120
f 4999 5121 4743
f 5121 4949 4743
f 5001 5062 5004
f 4885 5064 4750
f 5003 4820 5065
f 4886 4951 4824
f 4824 4951 4952
f 4887 4889 5128
f 5068 5128 4889
f 4890 4888 5067
f 4953 4891 4826
f 4953 4892 4891
f 5069 4892 4953
f 4894 4893 4755
f 4892 5069 5132
f 4755 4895 4894
f 4830 5008 5009
f 4898 5070 4899
f 4699 5071 4637
f 4637 5071 4954
f 4959 4527 4956
f 5136 4344 5400
f 4955 4957 4958
f 4344 5077 5400
f 4954 5078 4762
f 4958 4957 4900
f 4960 4957 5076
f 5017 4960 5076
f 4957 4960 4900
f 4958 4900 4961
f 4961 5018 4958
f 4962 5016 5018
f 4962 4959 5016
f 4960 5017 5019
f 4961 5019 4963
f 4961 4960 5019
f 4961 4900 4960
f 5018 4963 4838
f 5018 4961 4963
f 4774 5293 4902
f 5020 4905 4965
f 4905 4840 4965
f 4904 4906 4768
f 4774 5202 5293
f 4905 5020 4967
f 4840 4906 4965
f 4781 4966 4901
f 4968 4967 5020
f 5081 5202 4774
f 4968 4969 4907
f 4907 4969 4908
f 4969 5022 4908
f 4909 4908 5022
f 4910 4909 5023
f 5023 5025 4843
f 5026 4913 5028
f 5025 4970 4843
f 5029 5250 5028
f 4971 5027 4914
f 5029 4916 5033
f 5032 4846 4970
f 4784 5033 4916
f 4846 5032 4972
f 4973 4972 5032
f 4973 5032 4975
f 5032 5034 4975
f 4784 4785 5033
f 4785 5154 5033
f 4973 4975 5035
f 4849 4973 5035
f 4918 5154 4785
f 4976 4849 5035
f 4922 5039 5038
f 5040 5039 5041
f 5157 4982 4923
f 4925 4981 4924
f 4982 4981 4925
f 4792 4983 4793
f 4792 5097 4983
f 5044 4927 4926
f 5044 4985 4927
f 4857 4858 5099
f 5103 4929 4860
f 4930 4987 4799
f 5046 4720 5270
f 5270 4720 4931
f 4931 4862 5271
f 4934 4932 4991
f 4990 4866 4937
f 4932 4990 5049
f 4989 4932 5049
f 4991 4932 4989
f 4868 4939 5216
f 4938 4992 4869
f 4991 4992 4938
f 4869 4992 4940
f 4807 5323 5106
f 4807 5106 4941
f 4871 4867 4870
f 4871 4808 4942
f 4995 4872 4994
f 5054 4942 4875
f 4877 4941 5112
f 4875 4874 5110
f 5110 4874 4943
f 4944 5057 4943
f 4996 5178 4594
f 4877 5112 5114
f 5057 4944 5223
f 4878 5280 4944
f 5280 4945 5115
f 4878 4945 5280
f 5111 4810 5282
f 4881 5282 4810
f 4999 4880 5060
f 4998 4814 5119
f 5058 4813 4681
f 5116 4946 5117
f 4814 4947 5119
f 5119 4947 5002
f 4819 5183 4885
f 5002 4950 5235
f 5064 4885 5183
f 4822 5065 4820
f 5066 5186 4821
f 5125 4821 5186
f 4821 5125 4886
f 5125 4951 4886
f 4951 5126 4952
f 5067 5005 4890
f 4890 5005 5006
f 4826 5006 5007
f 4826 5007 4953
f 5192 5008 4830
f 4899 5070 5135
f 5135 4699 4899
f 4832 4429 5011
f 4527 5013 4956
f 4760 4262 5291
f 5014 5139 4955
f 4955 5015 5014
f 5015 5073 5014
f 5346 5078 4954
f 4957 5139 5076
f 4955 5139 4957
f 5075 5073 5015
f 5015 4958 5018
f 4955 4958 5015
f 5016 5075 5015
f 5016 5015 5018
f 4959 4956 5016
f 4963 5019 4839
f 5019 5079 4839
f 4964 4762 5078
f 4903 4839 5079
f 4966 5077 4901
f 4965 5080 5020
f 4969 4968 5020
f 4841 4911 5081
f 4912 4913 5026
f 5025 5082 4970
f 5027 4971 5148
f 5031 4915 5030
f 4970 5082 5032
f 4847 5085 4971
f 5032 5084 5034
f 4847 4974 5085
f 4977 4976 5035
f 4977 5087 4850
f 5089 4979 4852
f 4979 5089 4919
f 5089 5090 4919
f 4919 5090 4920
f 4714 5036 4980
f 5090 5037 4920
f 5036 4714 4922
f 4922 5156 5036
f 5038 5156 4922
f 5042 5160 5041
f 5043 5042 4924
f 4924 4981 5043
f 5094 4981 5159
f 5159 4981 4982
f 4981 5094 5043
f 4926 4856 5095
f 5095 5044 4926
f 4984 5098 5164
f 4985 5044 4984
f 4984 5044 5098
f 5099 4859 5167
f 4799 4987 4988
f 4571 4478 4988
f 5512 5271 4862
f 4862 4673 5512
f 4868 5216 5104
f 5105 5048 5104
f 4673 4581 4935
f 4937 5051 4990
f 5049 4990 5051
f 5050 4939 4726
f 4991 4989 4992
f 5108 4992 4989
f 4993 5170 5052
f 4937 4867 5107
f 4726 4876 5050
f 4867 4871 5107
f 4872 4940 4994
f 4871 4942 5109
f 5110 5054 4875
f 4731 4995 5055
f 5055 4996 4731
f 4996 5055 5178
f 4944 5280 5223
f 5115 4945 5059
f 4945 4998 5059
f 5058 5061 4813
f 4998 5119 5059
f 5061 4883 4813
f 5117 4946 4740
f 5121 5231 4949
f 4949 5122 4819
f 5122 5183 4819
f 5003 5065 5184
f 4950 5004 5063
f 4950 5063 5235
f 5064 5066 4752
f 4822 5187 5065
f 5187 4887 5124
f 4887 5128 5124
f 5126 5127 4952
f 5127 5067 4952
f 5007 5006 5129
f 4953 5007 5131
f 4758 4832 5193
f 5008 5288 5009
f 4832 5011 5193
f 4898 5010 5133
f 4898 5133 5070
f 5134 4897 5195
f 5239 5012 5134
f 5012 5137 5013
f 4760 5291 5240
f 4954 5071 5346
f 5072 5139 5014
f 5072 5014 5073
f 5074 4956 5013
f 5074 5075 4956
f 4956 5075 5016
f 5347 5400 5077
f 5347 5077 5201
f 5077 4966 5201
f 5200 4964 5078
f 5203 4964 5200
f 4903 5295 4904
f 5020 5080 5244
f 4906 4904 5145
f 5203 5021 4964
f 4965 4906 5145
f 5203 5024 5021
f 5248 4966 4781
f 4909 5022 5146
f 5023 4909 5146
f 4912 5026 4911
f 5247 5025 5023
f 5247 5249 5025
f 5027 5248 4781
f 5081 4911 5147
f 5026 5204 4911
f 5024 5030 4915
f 5026 5028 5250
f 4971 5085 5148
f 5031 5083 4917
f 5083 5151 4917
f 4917 5151 4974
f 5034 5153 4975
f 5086 4975 5153
f 5035 4975 5086
f 5035 5087 4977
f 5086 5087 5035
f 5210 4918 4788
f 4850 5155 4978
f 4978 5155 4852
f 5155 5089 4852
f 5036 5259 4980
f 4920 5037 4923
f 5157 4923 5037
f 5038 5039 5091
f 5039 5040 5091
f 5040 5041 5160
f 4982 5092 5159
f 4982 5157 5092
f 5042 5093 5160
f 5043 5093 5042
f 5043 5162 5093
f 5043 5094 5162
f 5266 6519 3717
f 4983 5097 5163
f 4856 5211 5212
f 5095 5212 5096
f 5095 4856 5212
f 4928 5213 5097
f 4928 5425 5213
f 5096 5044 5095
f 5096 5098 5044
f 4857 5099 5100
f 5100 5165 4986
f 5100 4986 4857
f 5165 5101 4986
f 4986 5101 5166
f 5167 4859 5102
f 5320 4930 4929
f 5045 5168 5371
f 4931 5373 5270
f 5271 5373 4931
f 5215 5375 5047
f 4673 4935 5512
f 4939 5169 5216
f 4936 5047 5170
f 5324 5106 5323
f 5049 5051 5171
f 5049 5171 4989
f 5108 4989 5171
f 5107 5172 4937
f 5172 5051 4937
f 4992 5108 5174
f 4992 5174 4940
f 4871 5109 5107
f 5172 5107 5109
f 4940 5174 5220
f 4994 4940 5220
f 4942 5054 5109
f 4994 5055 4995
f 5052 5177 4993
f 4943 5057 5110
f 4993 5177 5056
f 5387 5056 5177
f 5178 5279 4594
f 5112 5281 5114
f 5279 5113 4594
f 4997 5056 5387
f 5280 5115 5224
f 4594 5113 5058
f 5116 5117 5179
f 4881 5000 5226
f 5060 5227 4999
f 4997 5118 5181
f 5061 5337 4883
f 5120 4883 5337
f 5119 5002 5180
f 4740 5003 5184
f 5231 5122 4949
f 5183 5122 5234
f 5004 5185 5063
f 5064 5183 5234
f 5123 5184 5065
f 5123 5065 5187
f 5188 5125 5186
f 5126 5125 5188
f 4951 5125 5126
f 5127 5005 5067
f 5129 5006 5005
f 5007 5129 5130
f 5131 5007 5130
f 4953 5131 5069
f 5068 4758 5193
f 5008 5192 5194
f 5008 5194 5288
f 5288 5195 5009
f 5009 5195 4897
f 5135 5071 4699
f 5013 5137 5196
f 5013 5196 5074
f 5072 5140 5139
f 5072 5138 5140
f 5072 5073 5138
f 5141 5138 5073
f 5139 5140 5076
f 5141 5073 5075
f 5074 5141 5075
f 5140 5142 5076
f 5291 4262 5292
f 5076 5142 5017
f 5142 5143 5017
f 5143 5144 5017
f 5144 5019 5017
f 5144 5079 5019
f 4903 5079 5295
f 4965 5145 5080
f 5244 5246 5020
f 5246 4969 5020
f 4969 5246 5022
f 5023 5146 5247
f 5203 5030 5024
f 5206 5248 5027
f 5082 5025 5249
f 5205 5026 5250
f 5027 5148 5206
f 5250 5029 5305
f 5029 5033 5305
f 5305 5033 5150
f 5149 5031 5030
f 5082 5084 5032
f 5031 5149 5083
f 5033 5207 5150
f 5034 5084 5152
f 4974 5411 5085
f 5151 5411 4974
f 5034 5152 5153
f 5033 5154 5207
f 5153 5252 5086
f 5086 5252 5208
f 5154 4918 5207
f 5087 5086 5208
f 4918 5210 5209
f 4980 5257 5088
f 5155 5258 5089
f 4980 5259 5257
f 5314 5157 5037
f 5038 5158 5156
f 5038 5091 5158
f 5093 5162 5161
f 5097 5213 5163
f 5099 5167 5100
f 5166 5103 4860
f 5103 5320 4929
f 5371 5168 5372
f 4987 4930 5321
f 5168 5046 5372
f 4988 5374 5322
f 4988 5322 4571
f 4939 5050 5169
f 5169 5050 5469
f 5325 5106 5324
f 5051 5172 5171
f 5106 5325 4941
f 4876 5377 5050
f 5108 5171 5218
f 5218 5174 5108
f 5109 5054 5173
f 5054 5222 5173
f 5110 5222 5054
f 5220 5221 4994
f 5221 5055 4994
f 5110 5175 5222
f 5331 5055 5221
f 5057 5176 5110
f 5176 5175 5110
f 5176 5057 5223
f 5053 5116 5179
f 5060 5114 5281
f 5224 5115 5225
f 5115 5059 5225
f 5117 5230 5179
f 5225 5059 5283
f 5283 5059 5119
f 5283 5119 5180
f 4999 5227 5121
f 5229 5120 5337
f 5000 5120 5229
f 5117 4740 5230
f 4740 5184 5230
f 5181 5182 5001
f 5001 5182 5062
f 5232 5180 5002
f 5234 5122 5231
f 5062 5185 5004
f 5002 5235 5232
f 5186 5066 5237
f 5126 5188 5127
f 5127 5189 5005
f 5130 5190 5131
f 5191 5131 5190
f 5191 5069 5131
f 5010 4834 5133
f 5133 4834 5238
f 5070 5289 5135
f 5289 5343 5135
f 4834 5136 5238
f 5135 5343 5071
f 5238 5136 5400
f 5012 5239 5137
f 5071 5444 5346
f 5197 5198 5141
f 5198 5138 5141
f 5074 5197 5141
f 5196 5197 5074
f 5140 5198 5242
f 5140 5138 5198
f 5140 5242 5142
f 5142 5242 5243
f 5143 5142 5243
f 5143 5243 5144
f 5144 5243 5199
f 5144 5199 5079
f 5296 5201 4966
f 5080 5294 5244
f 4904 5245 5145
f 5298 5022 5246
f 5147 5202 5081
f 5247 5146 5358
f 4966 5248 5296
f 5205 5204 5026
f 5082 5249 5360
f 5360 5307 5082
f 5082 5307 5084
f 5252 5153 5152
f 4918 5209 5207
f 5208 5310 5254
f 5254 5087 5208
f 5087 5255 4850
f 5255 5155 4850
f 4788 5088 5210
f 5088 5257 5210
f 5258 5090 5089
f 5259 5417 5257
f 5036 5260 5259
f 5156 5260 5036
f 5419 5314 5037
f 5156 5158 5260
f 5092 5157 5314
f 5160 5263 5040
f 5160 5161 5263
f 5093 5161 5160
f 5162 5264 5161
f 5162 5094 5264
f 4793 4983 5266
f 4856 5319 5211
f 5164 5571 4471
f 5102 5214 5167
f 5045 5371 5102
f 5270 5269 5046
f 5216 5169 5272
f 5104 5216 5272
f 5376 5105 5104
f 5376 5428 5105
f 5105 5428 5323
f 5170 5516 5052
f 5219 5172 5109
f 5172 5219 5217
f 5171 5172 5217
f 5217 5218 5171
f 4941 5273 5112
f 5109 5173 5219
f 5277 5174 5218
f 5377 4876 5330
f 5220 5174 5277
f 4876 5111 5330
f 5588 5053 5386
f 5055 5331 5178
f 5053 5179 5386
f 4997 5387 5118
f 5282 4881 5226
f 5113 5228 5058
f 5058 5228 5061
f 5000 5229 5226
f 5118 5182 5181
f 5231 5121 5227
f 5061 5228 5337
f 5182 5233 5062
f 5062 5233 5185
f 5233 5393 5185
f 5063 5185 5236
f 5185 5393 5236
f 5236 5235 5063
f 5234 5237 5064
f 5064 5237 5066
f 5237 5339 5186
f 5187 5124 5394
f 5186 5339 5188
f 5188 5189 5127
f 5068 5534 5128
f 5068 5193 5534
f 5190 5284 5191
f 5599 5534 5193
f 5069 5191 5285
f 5069 5285 5132
f 5285 5286 5132
f 5286 5192 5132
f 5192 5286 5194
f 5133 5289 5070
f 5341 5289 5133
f 5290 5195 5288
f 5341 5133 5238
f 5195 5290 5134
f 5134 5290 5239
f 5196 5241 5197
f 5196 5137 5241
f 5345 5198 5197
f 5200 5078 5609
f 5079 5199 5295
f 5352 5203 5200
f 5080 5145 5294
f 5295 5245 4904
f 5297 5246 5244
f 5298 5246 5297
f 5301 5202 5147
f 5022 5298 5146
f 5203 5300 5030
f 5206 5148 5251
f 5150 5207 5361
f 5307 5309 5084
f 5148 5085 5251
f 5084 5309 5152
f 5309 5252 5152
f 5252 5309 5253
f 5253 5208 5252
f 5208 5253 5310
f 5207 5209 5361
f 5361 5209 5362
f 5255 5087 5254
f 5362 5209 5256
f 5209 5210 5256
f 5256 5210 5311
f 5311 5210 5257
f 5312 5313 5155
f 5258 5155 5313
f 5261 5260 5158
f 5091 5262 5158
f 5158 5262 5261
f 5315 5262 5091
f 5159 5092 5265
f 5040 5315 5091
f 5040 5263 5315
f 5094 5265 5264
f 5159 5265 5094
f 5212 5211 5267
f 5267 5096 5212
f 4471 5636 5466
f 5098 5267 5164
f 5267 5098 5096
f 5101 5165 5268
f 5100 5167 5214
f 5166 5101 5103
f 5321 4930 5320
f 5374 4987 5321
f 4987 5374 4988
f 5581 5047 5375
f 5104 5272 5376
f 5586 5170 5047
f 5469 5050 5377
f 5274 5326 5219
f 5219 5326 5275
f 5217 5219 5275
f 5217 5275 5276
f 4581 5053 5588
f 5274 5219 5173
f 5217 5276 5218
f 5277 5218 5276
f 5221 5220 5277
f 5472 5222 5175
f 5383 5331 5221
f 5175 5176 5278
f 5280 5332 5223
f 5224 5332 5280
f 5332 5224 5333
f 5281 5227 5060
f 5225 5333 5224
f 5334 5333 5225
f 5225 5283 5334
f 5118 5389 5182
f 5336 5283 5180
f 5438 5336 5180
f 5232 5235 5236
f 5123 5187 5394
f 5339 5189 5188
f 5124 5128 5598
f 5005 5189 5129
f 5130 5129 5340
f 5340 5190 5130
f 5194 5658 5288
f 5657 5193 5287
f 5193 5011 5287
f 5397 5343 5289
f 5011 5240 5287
f 5239 5344 5241
f 5137 5239 5241
f 5197 5241 5345
f 5242 5198 5345
f 5539 5400 5347
f 5291 5292 5402
f 5242 5345 5348
f 5346 5609 5078
f 5242 5348 5243
f 5243 5348 5199
f 4262 5293 5292
f 5294 5353 5244
f 5294 5405 5404
f 5145 5405 5294
f 5145 5245 5405
f 5293 5202 5355
f 5353 5297 5244
f 5203 5352 5300
f 5298 5297 5299
f 5298 5299 5146
f 5146 5299 5358
f 5296 5248 5302
f 5147 5356 5301
f 5249 5247 5358
f 4911 5303 5147
f 4911 5204 5303
f 5248 5206 5302
f 5249 5359 5360
f 5300 5149 5030
f 5206 5251 5304
f 5305 5150 5306
f 5149 5410 5083
f 5410 5457 5083
f 5150 5361 5306
f 5308 5251 5085
f 5083 5457 5151
f 5457 5559 5151
f 5085 5411 5308
f 5559 5411 5151
f 5311 5257 5365
f 5257 5417 5365
f 5366 5090 5258
f 5090 5366 5037
f 5417 5259 5418
f 5260 5418 5259
f 5265 5092 5316
f 5161 5367 5263
f 5263 5367 5506
f 5367 5161 5264
f 5264 5317 5367
f 5264 5265 5317
f 4983 5368 5266
f 4983 5163 5368
f 5370 5101 5268
f 5101 5370 5103
f 5371 5510 5102
f 5269 5270 5373
f 4571 5322 5215
f 5322 5750 5215
f 5750 5375 5215
f 5169 5469 5515
f 5169 5515 5272
f 5327 5275 5326
f 5328 5275 5327
f 5381 5275 5328
f 5325 5273 4941
f 5326 5274 5378
f 5381 5276 5275
f 5329 5274 5173
f 5276 5381 5382
f 5173 5222 5329
f 5277 5276 5382
f 5382 5221 5277
f 5383 5221 5382
f 5052 5833 5177
f 5278 5472 5175
f 5384 5331 5383
f 5112 5273 5281
f 5176 5332 5278
f 5176 5223 5332
f 5387 5177 5473
f 5334 5283 5336
f 5229 5335 5226
f 5335 5229 5338
f 5227 5477 5231
f 5337 5338 5229
f 5231 5477 5392
f 5230 5184 5593
f 5231 5392 5234
f 5438 5180 5232
f 5438 5232 5391
f 5236 5391 5232
f 5392 5237 5234
f 5184 5123 5440
f 5440 5123 5394
f 5189 5340 5129
f 5191 5284 5442
f 5191 5442 5285
f 5285 5395 5286
f 5395 5194 5286
f 5342 5288 5658
f 5342 5290 5288
f 5239 5290 5344
f 5344 5290 5342
f 5241 5344 5443
f 5444 5401 5346
f 5347 5201 5349
f 5199 5348 5447
f 5292 5293 5350
f 5199 5447 5295
f 5351 5294 5404
f 5295 5447 5406
f 5351 5353 5294
f 5245 5406 5405
f 5406 5245 5295
f 5293 5355 5350
f 5547 5296 5302
f 5354 5297 5353
f 5202 5301 5355
f 5297 5354 5357
f 5299 5297 5357
f 5358 5299 5408
f 5303 5356 5147
f 5359 5249 5358
f 5204 5453 5303
f 5204 5205 5453
f 5302 5206 5304
f 5300 5410 5149
f 5307 5360 5456
f 5253 5309 5412
f 5310 5253 5413
f 5361 5362 5561
f 5310 5413 5414
f 5254 5310 5414
f 5362 5256 5363
f 5255 5415 5155
f 5256 5311 5364
f 5155 5415 5312
f 5364 5311 5502
f 5311 5365 5502
f 5313 5312 5564
f 5416 5258 5313
f 5258 5416 5366
f 5037 5366 5419
f 5418 5260 5504
f 5260 5261 5504
f 5262 5315 5421
f 5315 5506 5421
f 5263 5506 5315
f 5317 5462 5367
f 5885 5318 6691
f 5368 5163 5465
f 5319 5318 5885
f 5319 5885 5464
f 5211 5319 5464
f 5211 5464 5423
f 5267 5211 5423
f 5213 5465 5163
f 5426 5165 5369
f 5369 5165 5100
f 5268 5165 5426
f 5100 5214 5369
f 5102 5510 5214
f 5574 5321 5320
f 5321 5575 5374
f 5269 5372 5046
f 5047 5581 5586
f 5323 5428 5753
f 5328 5327 5427
f 5323 5753 5379
f 5379 5324 5323
f 5432 5328 5429
f 5327 5326 5378
f 5432 5381 5328
f 5274 5380 5378
f 5382 5381 5432
f 5380 5274 5434
f 5274 5329 5434
f 5222 5472 5471
f 5222 5471 5329
f 5436 5472 5278
f 5273 5521 5281
f 5332 5385 5278
f 5282 5437 5111
f 5282 5226 5437
f 5113 5279 5589
f 5281 5590 5227
f 5386 5179 5523
f 5523 5179 5230
f 5387 5524 5118
f 5226 5335 5388
f 5390 5337 5228
f 5337 5390 5338
f 5336 5438 5531
f 5439 5233 5182
f 5233 5439 5393
f 5393 5391 5236
f 5593 5184 5440
f 5598 5533 5124
f 5598 5128 5534
f 5189 5654 5340
f 5442 5284 5441
f 5442 5536 5285
f 5536 5442 5482
f 5285 5536 5395
f 5396 5194 5395
f 5193 5657 5599
f 5194 5396 5658
f 5397 5484 5343
f 5342 5398 5344
f 5343 5484 5071
f 5344 5398 5399
f 5287 5240 5445
f 5484 5444 5071
f 5344 5399 5443
f 5240 5291 5445
f 5446 5345 5241
f 5345 5446 5487
f 5346 5401 5609
f 5487 5348 5345
f 5541 5402 5292
f 5403 5348 5487
f 5348 5403 5447
f 5609 5352 5200
f 5404 5448 5351
f 5547 5201 5296
f 5783 5350 5355
f 5354 5353 5494
f 5451 5300 5352
f 5555 5407 5354
f 5357 5354 5407
f 5357 5408 5299
f 5408 5359 5358
f 5205 5250 5409
f 5553 5410 5300
f 5305 5409 5250
f 5359 5456 5360
f 5409 5305 5455
f 5305 5306 5455
f 5307 5458 5309
f 5412 5309 5458
f 5306 5361 5561
f 5412 5413 5253
f 5561 5362 5363
f 5254 5414 5501
f 5501 5255 5254
f 5363 5256 5364
f 5566 5313 5564
f 5416 5313 5566
f 5419 5420 5314
f 5261 5461 5504
f 5261 5262 5461
f 5262 5421 5461
f 5092 5420 5316
f 5314 5420 5092
f 5317 5422 5462
f 5317 5265 5422
f 5265 5316 5422
f 5213 5424 5465
f 5213 5425 5424
f 5637 5370 5268
f 5574 5575 5321
f 5889 5372 5269
f 5373 5271 5576
f 5427 5327 5467
f 5511 5328 5427
f 5429 5328 5511
f 5327 5378 5467
f 5378 5430 5467
f 5586 5516 5170
f 5432 5429 5433
f 5378 5380 5430
f 5470 5432 5433
f 5325 5431 5273
f 5382 5432 5470
f 5383 5435 5384
f 5833 5473 5177
f 5111 5437 5330
f 5384 5520 5331
f 5474 5279 5178
f 5279 5474 5589
f 5522 5332 5333
f 5589 5591 5113
f 5113 5591 5228
f 5230 5525 5523
f 5390 5335 5338
f 5529 5530 5389
f 5389 5530 5182
f 5530 5439 5182
f 5391 5439 5438
f 5391 5393 5439
f 5394 5124 5533
f 5339 5597 5189
f 5340 5284 5190
f 5441 5481 5442
f 5342 5658 5485
f 5289 5341 5397
f 5238 5486 5341
f 5398 5342 5485
f 5445 5600 5287
f 5241 5443 5446
f 5445 5291 5402
f 5347 5349 5539
f 5406 5447 5490
f 5491 5353 5448
f 5353 5351 5448
f 5404 5449 5448
f 5405 5449 5404
f 5405 5406 5449
f 5491 5494 5353
f 5551 5547 5302
f 5355 5301 5450
f 5555 5354 5494
f 5553 5300 5451
f 5357 5407 5452
f 5408 5357 5452
f 5452 5359 5408
f 5302 5304 5551
f 5551 5304 5615
f 5409 5453 5205
f 5452 5496 5359
f 5553 5619 5410
f 5456 5359 5496
f 5615 5304 5454
f 5498 5454 5251
f 5454 5304 5251
f 5455 5306 5624
f 5456 5458 5307
f 5498 5251 5308
f 5306 5561 5624
f 5412 5458 5499
f 5308 5411 5558
f 5561 5363 5459
f 5414 5413 5500
f 5501 5414 5563
f 5415 5255 5501
f 5363 5364 5459
f 5312 5626 5564
f 5312 5415 5626
f 5365 5417 5503
f 5366 5567 5568
f 5366 5416 5567
f 5460 5366 5568
f 5417 5418 5503
f 5366 5460 5419
f 5418 5504 5503
f 5420 5419 5460
f 5420 5460 5505
f 5421 5506 5685
f 5367 5570 5506
f 5570 5367 5462
f 5422 5507 5462
f 5463 5507 5316
f 5316 5507 5422
f 5318 3717 6519
f 5268 5426 5509
f 5509 5637 5268
f 5214 5573 5369
f 5510 5573 5214
f 5370 5638 5103
f 5638 5320 5103
f 5638 5574 5320
f 5269 5373 5821
f 5374 5748 5322
f 5748 5687 5322
f 5271 5512 5576
f 5429 5511 5583
f 4935 5986 5512
f 5272 5515 5376
f 5469 5377 5468
f 5376 5903 5428
f 5428 5903 5753
f 4935 4581 5646
f 5324 5379 5989
f 5325 5324 5989
f 5517 5644 5380
f 5430 5380 5644
f 5646 4581 5588
f 5517 5380 5434
f 5833 5052 5516
f 5471 5518 5434
f 5471 5434 5329
f 5470 5435 5382
f 5382 5435 5383
f 5435 5587 5384
f 5519 5436 5278
f 5278 5385 5519
f 5331 5520 5474
f 5474 5178 5331
f 5521 5590 5281
f 5332 5522 5385
f 5473 5699 5387
f 5437 5226 5476
f 5522 5333 5475
f 5475 5333 5478
f 5590 5477 5227
f 5524 5387 5699
f 5226 5388 5476
f 5476 5388 5836
f 5333 5334 5478
f 5118 5524 5389
f 5334 5336 5527
f 5526 5389 5524
f 5594 5527 5336
f 5389 5526 5529
f 5228 5479 5390
f 5479 5480 5390
f 5335 5528 5388
f 5480 5528 5390
f 5335 5390 5528
f 5336 5531 5594
f 5531 5438 5439
f 5533 5598 5652
f 5652 5598 5843
f 5340 5441 5284
f 5441 5535 5481
f 5482 5442 5481
f 5483 5397 5341
f 5483 5484 5397
f 5657 5287 5600
f 5485 5602 5398
f 5238 5400 5486
f 5399 5538 5443
f 5602 5538 5398
f 5538 5399 5398
f 5446 5443 5538
f 5446 5538 5606
f 5444 5850 5401
f 5446 5606 5607
f 5487 5446 5607
f 5488 5545 5489
f 5403 5545 5447
f 5489 5545 5403
f 5447 5545 5490
f 5201 5547 5349
f 5448 5548 5491
f 5449 5548 5448
f 5449 5493 5548
f 5492 5451 5352
f 5618 5555 5494
f 5495 5303 5453
f 5453 5409 5497
f 5556 5452 5407
f 5496 5672 5456
f 5409 5455 5622
f 5557 5456 5672
f 5673 5410 5619
f 5410 5673 5457
f 5455 5674 5622
f 5557 5458 5456
f 5624 5674 5455
f 5673 5676 5457
f 5498 5308 5558
f 5457 5676 5559
f 5559 5558 5411
f 5624 5561 5562
f 5499 5560 5412
f 5412 5560 5413
f 5500 5413 5560
f 5563 5414 5500
f 5415 5501 5626
f 5459 5364 5679
f 5364 5502 5628
f 5416 5566 5567
f 5502 5365 5503
f 5504 5461 5742
f 5742 5461 5634
f 5461 5421 5634
f 5463 5420 5505
f 5684 5463 5505
f 5507 5463 5684
f 5420 5463 5316
f 5368 5817 5266
f 5508 5267 5423
f 5466 5425 4718
f 5508 5164 5267
f 5369 5819 5426
f 5369 5573 5819
f 5637 5638 5370
f 5575 5747 5374
f 5322 5687 5750
f 5898 5581 5375
f 5577 5578 5467
f 5578 5427 5467
f 5580 5511 5578
f 5580 5583 5511
f 5511 5427 5578
f 5467 5430 5579
f 5429 5583 5513
f 5469 5468 5514
f 5469 5514 5515
f 5376 5515 5584
f 5584 5903 5376
f 5585 5644 5517
f 5429 5513 5433
f 5325 5989 5431
f 5518 5517 5434
f 5470 5587 5435
f 5436 5471 5472
f 5587 5520 5384
f 5330 5437 5694
f 5588 5386 5835
f 5386 5523 5835
f 5591 5479 5228
f 5836 5388 5528
f 5526 5524 5647
f 5527 5478 5334
f 5230 5593 5525
f 5531 5439 5530
f 5392 5650 5237
f 5440 5394 5532
f 5532 5394 5533
f 5339 5596 5597
f 5597 5654 5189
f 5654 5655 5340
f 5655 5441 5340
f 5481 5535 5482
f 5395 5536 5396
f 5486 5537 5341
f 5483 5341 5537
f 5486 5400 5603
f 5602 5605 5538
f 5484 5601 5444
f 5400 5539 5847
f 5444 5604 5850
f 5775 5445 5402
f 5540 5487 5607
f 5540 5403 5487
f 5540 5542 5489
f 5403 5540 5489
f 5401 5663 5609
f 5488 5608 5543
f 5542 5608 5488
f 5489 5542 5488
f 5544 5488 5543
f 5544 5545 5488
f 5350 5854 5292
f 5854 5541 5292
f 5490 5545 5610
f 5852 5547 5546
f 5355 5450 5783
f 5491 5548 5612
f 5449 5549 5493
f 5549 5449 5406
f 5611 5547 5551
f 5614 5494 5612
f 5494 5491 5612
f 5548 5493 5612
f 5492 5550 5451
f 5614 5618 5494
f 5665 5450 5301
f 5552 5665 5301
f 5301 5356 5552
f 5356 5554 5552
f 5303 5554 5356
f 5554 5303 5495
f 5497 5495 5453
f 5618 5621 5555
f 5555 5621 5407
f 5556 5496 5452
f 5619 5553 5617
f 5497 5409 5669
f 5669 5409 5622
f 5498 5558 5675
f 5561 5459 5562
f 5560 5625 5500
f 5563 5500 5625
f 5563 5626 5501
f 5626 5627 5564
f 5564 5627 5565
f 5565 5566 5564
f 5503 5632 5736
f 5505 5568 5683
f 5505 5460 5568
f 5421 5569 5634
f 5462 5507 5635
f 5507 5684 5635
f 5569 5421 5685
f 5685 5506 5570
f 5635 5570 5462
f 5465 5686 5368
f 5686 5817 5368
f 5423 5464 6247
f 6247 5508 5423
f 5465 5424 5686
f 5425 5887 5424
f 4471 5571 5636
f 5164 5572 5571
f 5572 5164 5508
f 5747 5748 5374
f 5640 5578 5577
f 5642 5578 5640
f 5580 5578 5642
f 5577 5467 5579
f 5642 5582 5580
f 5582 5583 5580
f 5579 5430 5643
f 5692 5583 5582
f 5643 5644 5828
f 5430 5644 5643
f 6073 5586 5581
f 5515 5514 5584
f 5986 4935 5646
f 5645 5585 5517
f 5468 5377 5694
f 5513 5693 5433
f 5517 5518 5645
f 5693 5470 5433
f 5694 5377 5330
f 5588 5755 5646
f 5518 5471 5756
f 5470 5693 5587
f 5695 5520 5587
f 5474 5520 5697
f 5475 5478 5647
f 5479 5591 5592
f 5526 5647 5478
f 5478 5527 5526
f 5526 5527 5529
f 5529 5527 5594
f 5701 5528 5480
f 5530 5529 5594
f 5531 5530 5594
f 5392 5702 5650
f 5650 5703 5237
f 5440 5532 5704
f 5237 5596 5339
f 5656 5441 5655
f 5482 5535 5766
f 5482 5766 5709
f 5536 5482 5709
f 5768 5396 5536
f 5484 5483 5659
f 5537 5486 5603
f 5659 5601 5484
f 5600 5445 5772
f 5601 5604 5444
f 5538 5605 5606
f 5850 5663 5401
f 5349 5547 5852
f 5544 5610 5545
f 5352 5609 5492
f 5350 5783 5854
f 5546 5547 5611
f 5406 5490 5549
f 5719 5783 5450
f 5614 5612 5613
f 5612 5493 5664
f 5550 5553 5451
f 5665 5719 5450
f 5614 5613 5792
f 5666 5614 5792
f 5618 5614 5666
f 5552 5796 5665
f 5551 5615 5721
f 5616 5617 5553
f 5668 5495 5497
f 5669 5668 5497
f 5619 5617 5670
f 5621 5556 5407
f 5618 5620 5621
f 5496 5556 5672
f 5672 5556 5725
f 5615 5454 5671
f 5671 5454 5498
f 5558 5623 5675
f 5623 5559 5676
f 5499 5557 5677
f 5499 5458 5557
f 5558 5559 5623
f 5624 5562 5730
f 5563 5678 5626
f 5679 5364 5628
f 5565 5629 5566
f 5502 5736 5628
f 5566 5629 5630
f 5503 5736 5502
f 5566 5630 5631
f 5566 5631 5567
f 5633 5567 5631
f 5567 5633 5568
f 5568 5633 5683
f 5504 5742 5632
f 5504 5632 5503
f 5739 5505 5683
f 5742 5634 5569
f 5739 5684 5505
f 5570 5962 5685
f 5570 5635 5962
f 5318 6519 6691
f 5464 5885 6246
f 5464 6246 6247
f 5571 6143 5636
f 5571 5572 6143
f 5510 5371 5820
f 5820 5371 5965
f 5371 5372 5965
f 5373 5576 5821
f 5641 5640 5689
f 5640 5577 5639
f 5639 5579 5688
f 5577 5579 5639
f 5642 5640 5641
f 5642 5641 5691
f 5690 5579 5643
f 5642 5692 5582
f 5576 5512 5986
f 5583 5692 5513
f 5644 5585 5828
f 5431 5521 5273
f 5756 5471 5436
f 5519 5756 5436
f 5695 5907 5520
f 5907 5697 5520
f 5519 5698 5908
f 5385 5698 5519
f 5385 5522 5698
f 5759 5523 5525
f 5524 5700 5647
f 5595 5525 5593
f 5480 5648 5701
f 5649 5648 5479
f 5479 5648 5480
f 5392 5477 5912
f 5595 5593 5704
f 5593 5440 5704
f 5237 5703 5705
f 5237 5705 5596
f 5532 5533 5651
f 5651 5533 5652
f 5596 5653 5597
f 5597 5653 5706
f 5597 5706 5654
f 5843 5598 5764
f 5598 5534 5708
f 5534 5599 5708
f 5441 5656 5535
f 5656 5766 5535
f 5768 5536 5709
f 5708 5599 5657
f 5658 5396 5710
f 5485 5658 5770
f 5485 6008 5602
f 5602 5773 5605
f 5773 5660 5605
f 5775 5772 5445
f 5607 5606 5661
f 5606 5660 5661
f 5605 5660 5606
f 5713 5711 5607
f 5713 5607 5661
f 5711 5542 5540
f 5607 5711 5540
f 5775 5402 5541
f 5542 5711 5662
f 5662 5608 5542
f 5662 5543 5608
f 5717 5544 5543
f 5544 5717 5610
f 5663 5492 5609
f 5718 5785 5610
f 5490 5785 5549
f 5490 5610 5785
f 5784 5550 5492
f 5549 5788 5493
f 5550 5784 5787
f 5721 5611 5551
f 5550 5616 5553
f 5796 5552 5667
f 5616 5667 5617
f 5554 5722 5617
f 5554 5617 5667
f 5554 5667 5552
f 5722 5554 5495
f 5495 5668 5722
f 5721 5615 5864
f 5670 5617 5722
f 5618 5666 5620
f 5615 5671 5864
f 5727 5669 5622
f 5802 5556 5621
f 5673 5619 5670
f 5622 5674 5727
f 5726 5672 5725
f 5728 5673 5670
f 5726 5557 5672
f 5624 5729 5674
f 5729 5727 5674
f 5726 5677 5557
f 5730 5729 5624
f 5499 5677 5560
f 5560 5677 5625
f 5562 5459 5879
f 5730 5562 5879
f 5625 5678 5563
f 5625 5732 5678
f 5627 5678 5680
f 5678 5627 5626
f 5679 5879 5459
f 5680 5681 5565
f 5627 5680 5565
f 5629 5681 5682
f 5565 5681 5629
f 5631 5630 5738
f 5633 5739 5683
f 5741 5740 5684
f 5739 5741 5684
f 5684 5740 5635
f 5962 5635 5743
f 5266 5817 6519
f 5637 5509 5964
f 5819 5573 5744
f 5510 5744 5573
f 5965 5372 5889
f 5889 5269 5894
f 5749 5640 5639
f 5689 5640 5749
f 5750 5898 5375
f 5688 5690 5825
f 5641 5689 5691
f 5579 5690 5688
f 5691 5897 5642
f 5643 5826 5690
f 5897 5692 5642
f 5829 5828 5585
f 5692 5904 5513
f 5752 5514 5468
f 5645 5829 5585
f 5904 5693 5513
f 5586 6073 5516
f 5754 5468 5694
f 6076 5645 5518
f 5518 6183 6076
f 5516 5906 5833
f 5755 5588 6185
f 5693 5695 5587
f 5695 5693 5757
f 5694 5437 5696
f 5473 5834 5699
f 5474 5697 5589
f 5697 5991 5589
f 5698 5522 5992
f 5759 5835 5523
f 5992 5522 5837
f 5522 5475 5837
f 5699 5760 5524
f 5837 5475 5700
f 5590 6083 5477
f 5524 5760 5700
f 5647 5700 5475
f 5528 5701 5994
f 5479 5592 5649
f 5912 5702 5392
f 5650 5920 5703
f 5705 5762 5653
f 5705 5653 5596
f 5840 5653 5762
f 5840 5706 5653
f 5652 5843 5839
f 5763 5707 5655
f 5655 5707 5656
f 5598 5708 5764
f 5707 5765 5656
f 5656 5765 5766
f 5845 5709 5766
f 5710 5396 5768
f 5710 5770 5658
f 5657 5600 5846
f 5485 5770 6008
f 5537 5771 5483
f 5483 5771 5659
f 5537 5603 5771
f 5771 5603 5928
f 5602 6008 6214
f 5602 6214 5773
f 5400 5847 5603
f 5847 5539 5712
f 5713 5774 5711
f 5662 5711 5774
f 5779 5714 5713
f 5779 5713 5661
f 5539 5349 5712
f 5712 5349 5852
f 5716 5717 5543
f 5717 5718 5610
f 5549 5785 5788
f 5788 5664 5493
f 5612 5720 5613
f 5664 5720 5612
f 5666 5792 5793
f 5668 5723 5722
f 5722 5949 5670
f 5668 5669 5724
f 5620 5666 5799
f 5669 5727 5724
f 5620 5802 5621
f 5802 5725 5556
f 5620 5805 5802
f 5726 5725 5802
f 5671 5498 5804
f 5804 5498 5675
f 5728 5806 5673
f 5673 5806 5676
f 5807 5727 5812
f 5812 5727 5729
f 5623 5676 5806
f 5677 5731 5625
f 5625 5731 5732
f 5678 5732 5680
f 5732 5733 5680
f 5733 5734 5680
f 5679 5628 5881
f 5734 5815 5735
f 5680 5734 5681
f 5681 5734 5735
f 5735 6042 5682
f 5735 5682 5681
f 5682 5630 5629
f 5738 5630 5682
f 5736 5632 5737
f 5632 5882 5737
f 5632 5742 5882
f 5738 5741 5739
f 5631 5739 5633
f 5631 5738 5739
f 5569 5685 5961
f 5740 5743 5635
f 5637 5964 5638
f 5964 6253 5638
f 5744 5510 5745
f 5820 5745 5510
f 5574 5638 5746
f 5269 5821 5894
f 5895 5639 5688
f 5749 5639 5895
f 5691 5689 5896
f 5826 5825 5690
f 5826 5643 5751
f 5899 5692 5897
f 5643 5828 5751
f 5514 5752 5831
f 5831 5584 5514
f 5829 5645 6076
f 5752 5468 5754
f 5905 5379 5753
f 5379 5905 5989
f 5431 5989 6186
f 5518 5990 6183
f 5756 5990 5518
f 5431 6186 5521
f 5908 5756 5519
f 5757 5907 5695
f 6078 6082 5521
f 5590 5521 6082
f 5476 5696 5437
f 5476 5836 5696
f 5591 5589 5991
f 5760 5837 5700
f 5759 5525 5595
f 5477 6083 5912
f 5592 5591 5838
f 5836 5528 5994
f 5701 5648 5914
f 5649 5592 5913
f 5649 5914 5648
f 5649 5913 5761
f 5917 5920 5650
f 5917 5650 5702
f 6200 5595 5704
f 5654 5842 5655
f 5842 5763 5655
f 5707 6002 5765
f 5766 5767 5845
f 5709 5845 5844
f 5768 5709 5769
f 5710 5768 5769
f 5710 5769 5770
f 5600 5772 5846
f 5659 5929 5601
f 5603 5847 5928
f 5660 5773 5849
f 5661 5660 5849
f 5776 5662 5774
f 5776 5774 5714
f 5774 5713 5714
f 5779 5661 5849
f 5930 5775 5541
f 5662 5716 5543
f 5662 5776 5716
f 5776 5714 5777
f 5714 5778 5777
f 5778 5714 5779
f 5934 5715 5663
f 5934 5663 5850
f 5716 5780 5717
f 5782 5780 5777
f 5782 5777 5778
f 5780 5781 5717
f 5717 5781 5718
f 5786 5546 5611
f 5719 5936 5783
f 5787 5790 5550
f 5944 5613 5789
f 5789 5613 5720
f 5788 5789 5720
f 5664 5788 5720
f 5550 5790 5616
f 5858 5791 5792
f 5858 5792 5613
f 5859 5719 5665
f 5794 5793 5791
f 5792 5791 5793
f 5857 5611 5721
f 5616 5790 5795
f 5665 5795 5859
f 5796 5795 5665
f 5667 5616 5795
f 5667 5795 5796
f 5724 5797 5668
f 5668 5797 5723
f 5797 5724 5865
f 5793 5799 5666
f 5949 5722 5723
f 5671 5948 5864
f 5727 5865 5724
f 5727 5800 5865
f 5798 5801 5803
f 5799 5798 5803
f 5799 5805 5620
f 5801 5800 5807
f 5799 5803 5805
f 5800 5727 5807
f 5803 5801 5807
f 5805 5803 5867
f 5802 5805 5811
f 5810 5807 5809
f 5810 5803 5807
f 5623 5808 5675
f 5675 5808 5804
f 5806 5808 5623
f 5807 5812 5809
f 5802 5811 5726
f 5813 5809 5812
f 5871 5876 5811
f 5726 5811 5876
f 5726 5876 5677
f 5729 5813 5812
f 5878 5813 5729
f 5729 5730 5878
f 5677 5876 5731
f 5731 5876 5733
f 5730 5879 5878
f 5876 5814 5733
f 5731 5733 5732
f 5880 5815 5814
f 5733 5814 5734
f 5734 5814 5815
f 5679 5881 5879
f 5735 5815 5880
f 6042 5735 5880
f 5881 5628 5737
f 5628 5736 5737
f 5958 5682 6042
f 5682 5958 5816
f 5816 5738 5682
f 5738 5816 5741
f 5882 5569 5960
f 5741 5883 5740
f 5569 5882 5742
f 5569 5961 5960
f 5962 5961 5685
f 5817 5686 5963
f 5424 5886 5686
f 5424 5887 5886
f 5426 5818 5509
f 5426 5819 5818
f 5638 6253 5746
f 5574 5746 5575
f 5575 6779 5747
f 5823 5749 5895
f 5895 5688 5825
f 5983 5689 5749
f 5896 5689 5983
f 5896 5897 5691
f 5822 5898 5750
f 5821 5576 6457
f 5824 5825 5826
f 5826 5751 5827
f 6272 5581 5898
f 5829 5827 5751
f 6272 6073 5581
f 5829 5751 5828
f 5900 5904 5692
f 5829 6076 5830
f 5584 5831 5903
f 5904 5757 5693
f 5756 5908 6187
f 6079 5588 5835
f 5758 5473 5833
f 5834 5473 5758
f 6373 6191 5697
f 5992 5837 5909
f 5910 5760 5699
f 5910 5837 5760
f 6198 5836 5994
f 6193 5595 6200
f 5838 5913 5592
f 5994 5701 5914
f 5912 5993 5702
f 5649 5761 5914
f 6200 5704 5919
f 5919 5704 5532
f 5703 5920 5921
f 5705 5703 5921
f 5922 5705 5921
f 5705 5922 5762
f 5652 5839 5651
f 5762 6000 5840
f 5924 5706 5840
f 5706 5924 5654
f 5839 5843 5841
f 5767 5766 5765
f 5708 6005 6004
f 5709 5844 5769
f 5708 5657 6005
f 5657 5846 6005
f 5659 5771 5926
f 5926 5771 5928
f 5929 5659 5926
f 5846 5772 5927
f 5601 5929 5604
f 5847 5712 5848
f 5604 6100 5850
f 6012 5775 5930
f 5777 5780 5776
f 5849 5851 5779
f 5934 5930 5715
f 5853 5715 5930
f 5853 5930 5541
f 5716 5776 5780
f 5778 5779 5851
f 5541 5854 5853
f 5935 5663 5715
f 5781 5780 5782
f 5782 5778 5851
f 5935 5855 5663
f 5855 5492 5663
f 5718 5781 5856
f 6021 5781 5782
f 5855 5784 5492
f 6018 5854 5783
f 5856 5785 5718
f 5856 5788 5785
f 5786 5611 5857
f 6026 5936 5719
f 6026 5719 5859
f 5858 5860 5791
f 5858 5613 5860
f 5613 5944 5860
f 5790 5861 5795
f 5861 5859 5795
f 5794 5863 5793
f 5721 5864 5857
f 5863 5866 5798
f 5865 5862 5797
f 5866 5862 5865
f 5793 5863 5799
f 5799 5863 5798
f 5866 5865 5800
f 5798 5866 5801
f 5801 5866 5800
f 5670 5949 5728
f 6032 5671 5804
f 5810 5867 5803
f 5810 5868 5867
f 5804 6033 6032
f 5804 5808 6033
f 5805 5867 5871
f 5805 5871 5811
f 5809 5950 5810
f 5810 5869 5868
f 5868 5869 5870
f 5871 5867 5868
f 5809 5813 5872
f 5868 5870 5874
f 5875 5868 5874
f 5871 5868 5875
f 5876 5871 5875
f 5878 5953 5813
f 5953 5872 5813
f 5877 5870 5873
f 5874 5870 5877
f 5876 5875 5814
f 5874 5877 6038
f 5814 5875 5874
f 5878 5879 5955
f 5880 5874 6038
f 5874 5880 5814
f 5955 5879 5881
f 5737 5959 5881
f 5882 5959 5737
f 5958 6044 5816
f 5816 5883 5741
f 5884 5743 5883
f 5743 5740 5883
f 5963 5686 5886
f 5819 5888 5818
f 5819 5744 5888
f 5971 5890 5969
f 5746 6779 5575
f 5971 5892 5890
f 5892 5891 5890
f 5890 5891 5893
f 5977 5891 5892
f 5891 5977 5979
f 5891 5978 5893
f 5748 5747 6624
f 5894 5821 6450
f 5823 5983 5749
f 5895 5825 6071
f 5896 5983 5984
f 5896 5984 6072
f 5687 5822 5750
f 5896 6072 5897
f 5826 5827 5985
f 5824 5826 5985
f 5897 6174 5899
f 5831 5752 5901
f 6076 6275 5830
f 5900 5902 5904
f 5901 5752 5754
f 5646 6074 5986
f 5755 6074 5646
f 6073 5906 5516
f 6187 5990 5756
f 6185 5588 6079
f 5907 6373 5697
f 5698 6370 5908
f 6079 5835 6080
f 6191 5991 5697
f 5698 5992 6370
f 5759 6080 5835
f 6193 6080 5759
f 5834 5910 5699
f 5910 5911 5837
f 5911 5909 5837
f 5759 5595 6193
f 5914 5761 5916
f 5913 5915 5761
f 5761 5915 5916
f 5918 5916 5915
f 5921 5920 5997
f 5919 5532 6207
f 5921 6206 5922
f 5532 5651 6207
f 5999 5762 5922
f 6000 5762 5999
f 5651 5839 5923
f 5839 5841 5923
f 5924 5842 5654
f 6094 5763 5842
f 5763 6094 5707
f 6094 6002 5707
f 6003 5765 6002
f 5708 6004 5764
f 5767 5925 5845
f 5844 5770 5769
f 5929 5926 6216
f 5929 6010 5604
f 5772 5775 5927
f 6096 5847 5848
f 5927 6098 6011
f 6098 5927 5775
f 6098 5775 6012
f 5849 5773 5931
f 5712 5933 5848
f 5931 5851 5849
f 5932 5934 5850
f 5934 6014 5930
f 5712 5852 5933
f 5853 5935 5715
f 5851 6019 5782
f 5546 6020 5852
f 5781 6023 5856
f 5782 6019 6021
f 6021 6023 5781
f 6022 5546 5786
f 5937 5784 5855
f 5783 5936 6018
f 5937 5787 5784
f 5856 5938 5788
f 5856 6023 5938
f 5940 5787 5937
f 5940 5790 5787
f 5944 5789 5939
f 5788 5938 5789
f 5789 5938 5939
f 5790 5940 5941
f 6028 5790 5941
f 5790 6028 5861
f 6026 5859 6027
f 5791 5942 5794
f 5942 5791 5860
f 5944 5943 5860
f 6027 5859 5861
f 6028 6027 5861
f 5943 5942 5860
f 5942 5947 5863
f 5794 5942 5863
f 5857 5946 5945
f 5863 5947 5866
f 5857 5864 5946
f 5947 5862 5866
f 5797 6030 5723
f 5797 5862 6030
f 5947 6030 5862
f 5723 6030 5949
f 5864 5948 5946
f 5671 6032 5948
f 5728 5949 6031
f 5806 5728 6034
f 5808 5806 6034
f 5810 5950 5869
f 5809 5872 5950
f 5951 5869 5950
f 5870 5869 5873
f 5951 5873 5869
f 5953 5952 5872
f 5953 5878 5954
f 5878 5955 5954
f 5877 6037 6038
f 5954 5955 5956
f 6038 6042 5880
f 5881 5959 5955
f 5959 6040 5955
f 6043 5958 6042
f 5960 5959 5882
f 5958 6043 6044
f 5883 6044 5884
f 5816 6044 5883
f 6046 5961 5962
f 5884 6046 5962
f 5884 5962 5743
f 5818 5888 6144
f 5509 5818 6047
f 5818 6144 6047
f 6047 5964 5509
f 5888 5744 6048
f 5744 5745 6048
f 5965 5889 6354
f 5966 6050 5970
f 5969 5967 5968
f 5966 5969 5968
f 5970 5971 5966
f 5971 5969 5966
f 5969 6055 5967
f 5890 6055 5969
f 5973 5971 5970
f 5972 5973 5970
f 5974 5971 5973
f 5892 5971 5974
f 6055 5890 5976
f 5892 5975 5977
f 5892 5974 5975
f 5890 5893 5976
f 5976 5893 6057
f 6057 5893 5978
f 6058 6061 5977
f 6061 5979 5977
f 5978 5981 6057
f 5979 5981 5978
f 5979 5978 5891
f 5980 5981 5979
f 6061 5980 5979
f 6061 5982 5980
f 6624 6784 5748
f 5748 6784 5687
f 6068 5823 5895
f 5895 6071 6069
f 5824 5985 6071
f 5825 5824 6071
f 6457 5576 6074
f 5827 5830 6177
f 5829 5830 5827
f 5899 5900 5692
f 5987 5900 5899
f 5987 5902 5900
f 5901 5832 6181
f 5754 5832 5901
f 6075 5906 6073
f 5903 5988 5753
f 5753 5988 5905
f 5902 6550 5904
f 5904 6550 5757
f 5833 5906 6551
f 5758 5833 6551
f 5757 6077 5907
f 5591 6290 5838
f 5914 5916 5994
f 5838 6088 5913
f 5913 6088 5915
f 5993 5995 5702
f 5917 5702 5995
f 5915 6088 5918
f 5916 5918 5996
f 5995 6090 5917
f 5917 6090 5920
f 6203 6200 5919
f 6090 5997 5920
f 5921 5997 6298
f 6298 6206 5921
f 5651 6209 6207
f 5922 5998 5999
f 6209 5651 5923
f 6000 6001 5840
f 5840 6001 5924
f 5924 6306 5842
f 6094 5842 6306
f 5765 6003 5767
f 5767 6006 5925
f 5925 6007 5845
f 5845 6007 5844
f 5770 6007 6213
f 5844 6007 5770
f 5770 6213 6008
f 5926 5928 6009
f 5926 6009 6216
f 5928 5847 6009
f 6009 5847 6096
f 5929 6216 6010
f 6010 6011 5604
f 5604 6011 6100
f 5933 6103 5848
f 6100 6104 5850
f 6015 6392 6106
f 6392 6015 6107
f 6013 6103 5933
f 6104 5932 5850
f 5930 6014 6012
f 5934 5932 6109
f 6109 6014 5934
f 6013 5933 6016
f 5853 6111 5935
f 6111 5853 6018
f 6016 5933 5852
f 5854 6018 5853
f 5852 6020 6016
f 6120 5855 5935
f 6124 6020 5546
f 6120 6125 5855
f 6124 5546 6022
f 6125 5937 5855
f 6024 5937 6125
f 6023 6130 5938
f 5937 6024 5940
f 5938 6130 6132
f 5786 5857 6129
f 6132 5939 5938
f 5940 6131 5941
f 5940 6024 6131
f 5939 6132 5943
f 5944 5939 5943
f 5857 5945 6129
f 5945 6025 6131
f 6129 5945 6131
f 5941 6131 6025
f 5941 6025 6028
f 5943 6134 5942
f 5946 6025 5945
f 6028 6025 6029
f 6029 6025 5946
f 6029 6135 6028
f 6027 6028 6135
f 6133 6027 6135
f 5947 5942 6137
f 6134 6137 5942
f 5947 6137 6136
f 5946 6241 6029
f 6241 6135 6029
f 6030 5947 6136
f 5948 6241 5946
f 5948 6138 6241
f 6243 5949 6030
f 6243 6031 5949
f 5948 6032 6138
f 6033 6340 6032
f 6033 6034 6139
f 6034 5728 6031
f 6034 6033 5808
f 5950 5872 5952
f 5950 5952 5951
f 5951 5952 6141
f 5952 5953 6141
f 6035 6141 5953
f 6035 5953 5954
f 6036 6035 5954
f 5951 6142 5873
f 5877 5873 6037
f 5873 6142 6037
f 6036 5954 5956
f 6036 5956 6142
f 6142 5956 5957
f 6037 6142 5957
f 6038 6037 6039
f 6039 6037 5957
f 5957 5956 6041
f 5957 6041 6039
f 5955 6040 5956
f 6038 6039 6043
f 6038 6043 6042
f 6041 5956 6040
f 6043 6039 6041
f 6040 5959 5960
f 6045 6040 5960
f 6041 6040 6045
f 6041 6045 6046
f 6043 6041 6046
f 6044 6043 6046
f 5961 6045 5960
f 6046 6045 5961
f 5884 6044 6046
f 5817 5963 6519
f 6048 6146 5888
f 6048 5745 6523
f 5820 5965 6527
f 5965 6354 6527
f 5968 6052 6159
f 5966 5968 6159
f 6050 5966 6159
f 6049 6051 6050
f 6051 5970 6050
f 6157 6051 6049
f 5967 6052 5968
f 6054 6157 6158
f 6051 6157 6054
f 6051 5972 5970
f 6053 6051 6054
f 6053 5972 6051
f 6437 6779 5746
f 5894 6781 5889
f 6055 5976 6265
f 5975 6056 5977
f 6058 5977 6056
f 6265 5976 6358
f 5976 6057 6358
f 6167 6061 6058
f 5981 6059 6057
f 5981 6060 6059
f 5981 6062 6060
f 5980 6062 5981
f 6168 6061 6167
f 5980 6063 6062
f 5982 6063 5980
f 5982 6170 6063
f 6065 6170 5982
f 6168 6066 6061
f 6066 5982 6061
f 6068 6067 6063
f 6066 6065 5982
f 6068 5895 6067
f 6068 6171 5823
f 6171 5983 5823
f 5821 6361 6450
f 5984 5983 6070
f 6784 5822 5687
f 6071 5985 6172
f 5984 6270 6072
f 6174 5897 6072
f 5985 6177 6175
f 5827 6177 5985
f 5899 6174 6178
f 5576 5986 6074
f 6178 5987 5899
f 6179 5830 6275
f 6181 6277 5901
f 6277 5831 5901
f 6182 5831 6277
f 6182 5903 5831
f 5903 6182 5988
f 5754 6184 5832
f 5989 5905 6278
f 6186 5989 6278
f 5754 5694 6184
f 6075 6551 5906
f 5521 6186 6078
f 5990 6187 6280
f 5757 6550 6077
f 6078 6188 6082
f 5907 6077 6373
f 5836 6081 5696
f 5590 6082 6083
f 6190 5992 5909
f 5991 6290 5591
f 5910 6084 5911
f 6085 5909 5911
f 6085 6194 5909
f 6084 6085 5911
f 5912 6083 6196
f 6196 6086 5912
f 5912 6086 5993
f 6378 6193 6200
f 5994 5916 6201
f 6087 5993 6086
f 6087 5995 5993
f 6201 5916 6202
f 6089 6202 6088
f 5916 5996 6202
f 5996 5918 6202
f 6202 5918 6088
f 5997 6090 6204
f 6206 5998 5922
f 6091 5999 5998
f 6092 6000 6091
f 6091 6000 5999
f 6001 6000 6092
f 6092 6210 6001
f 6001 6210 5924
f 6093 5923 5841
f 6489 5841 5843
f 6094 6095 6002
f 5764 6489 5843
f 6002 6095 6003
f 6004 6005 6309
f 5767 6382 6006
f 6007 5925 6491
f 6007 6491 6213
f 6005 5846 6580
f 6008 6310 6311
f 6214 6008 6311
f 5846 5927 6097
f 5927 6011 6097
f 6096 5848 6222
f 6098 6100 6011
f 6220 6098 6012
f 6101 6217 6392
f 6217 6101 6099
f 6221 6103 6102
f 6103 6222 5848
f 6012 6104 6220
f 6107 6101 6392
f 6107 6099 6101
f 6103 6108 6102
f 6013 6108 6103
f 6105 6104 6012
f 6105 5932 6104
f 6105 6012 6014
f 6107 6015 6226
f 6110 6102 6108
f 6109 5932 6227
f 6014 6109 6105
f 6114 6226 6015
f 6013 6115 6108
f 6115 6110 6108
f 6017 6106 6228
f 6114 6106 6017
f 6106 6114 6015
f 5931 6019 5851
f 6013 6112 6115
f 6016 6112 6013
f 6111 6116 5935
f 6017 6228 6113
f 6017 6113 6118
f 6017 6118 6114
f 6112 6233 6115
f 5935 6116 6120
f 6113 6228 6117
f 6118 6113 6117
f 6119 6110 6115
f 6233 6119 6115
f 6016 6123 6112
f 6123 6233 6112
f 6016 6020 6123
f 6118 6117 6121
f 6020 6124 6123
f 6019 6122 6021
f 6119 6233 6127
f 6022 6126 6125
f 6022 6125 6124
f 6124 6125 6120
f 6022 5786 6126
f 6018 5936 6316
f 6128 6023 6021
f 6125 6126 6024
f 6023 6128 6130
f 6129 6126 5786
f 6126 6129 6024
f 6026 6507 5936
f 6405 6507 6026
f 6024 6129 6131
f 6026 6027 6405
f 6132 6134 5943
f 6336 6240 6135
f 6135 6240 6133
f 6336 6135 6241
f 6242 6136 6137
f 6136 6242 6030
f 6243 6030 6242
f 6340 6138 6032
f 6033 6139 6340
f 6031 6140 6034
f 6140 6139 6034
f 6035 6036 6141
f 5951 6141 6142
f 6141 6036 6142
f 6691 6520 5885
f 5887 6693 5886
f 5887 6853 6693
f 5425 6853 5887
f 5425 8728 6853
f 5466 8177 5425
f 5636 6143 6694
f 5572 6342 6143
f 6342 5572 5508
f 6144 6145 6047
f 6144 5888 6146
f 6772 5745 5820
f 6344 6150 6148
f 6151 6255 6148
f 6150 6151 6148
f 6150 6153 6151
f 6259 6153 6150
f 5820 6527 6772
f 6153 6256 6151
f 6153 6160 6256
f 6259 6154 6153
f 6259 6155 6154
f 6155 6156 6049
f 6049 6156 6157
f 6152 6157 6156
f 6260 6158 6152
f 6158 6157 6152
f 6261 6158 6260
f 6154 6160 6153
f 6155 6159 6154
f 6049 6050 6159
f 6049 6159 6155
f 6159 6052 6154
f 6154 6052 6160
f 6160 6052 6161
f 6158 6162 6054
f 6162 6158 6261
f 6052 5967 6161
f 6054 6163 6053
f 6054 6162 6163
f 6053 6164 5972
f 6053 6163 6164
f 6355 5967 6055
f 5973 5972 6164
f 5973 6164 6165
f 5973 6165 5974
f 6355 6055 6356
f 6164 6166 6165
f 5974 6165 5975
f 5975 6165 6166
f 6055 6265 6356
f 6056 5975 6166
f 6263 6056 6166
f 6058 6056 6264
f 6264 6167 6058
f 5747 6779 6624
f 6057 6266 6358
f 6059 6266 6057
f 6060 6266 6059
f 6060 6062 6169
f 6067 6169 6062
f 6064 6066 6168
f 6069 6269 6169
f 6067 6069 6169
f 6063 6067 6062
f 6170 6068 6063
f 6171 6068 6170
f 6065 6171 6170
f 6066 6070 6065
f 6070 6171 6065
f 6454 6070 6066
f 6064 6454 6066
f 5895 6069 6067
f 6069 6071 6269
f 6070 5983 6171
f 6270 6070 6454
f 6071 6172 6269
f 6450 6361 6626
f 6070 6270 5984
f 5985 6175 6172
f 6072 6270 6173
f 6173 6174 6072
f 6361 5821 6457
f 6176 6174 6173
f 6176 6178 6174
f 6177 5830 6179
f 6178 6364 5987
f 6364 6180 5987
f 6075 6073 6272
f 5987 6180 5902
f 6180 6550 5902
f 6279 6074 5755
f 5832 6184 6276
f 5905 5988 6278
f 6279 5755 6185
f 5990 6280 6183
f 5696 6184 5694
f 6184 5696 6081
f 5908 6283 6187
f 6188 6189 6082
f 6370 6283 5908
f 6082 6189 6083
f 6189 6192 6083
f 6081 5836 6474
f 5992 6190 6370
f 5836 6198 6474
f 5991 6191 6290
f 6196 6083 6192
f 5834 6472 5910
f 5909 6194 6190
f 6192 6195 6196
f 6472 6084 5910
f 6195 6197 6196
f 6085 6084 6291
f 6194 6085 6291
f 6199 6086 6197
f 6086 6196 6197
f 5994 6201 6198
f 6199 6087 6086
f 6204 5995 6087
f 6088 6377 6089
f 6089 6201 6202
f 5995 6204 6090
f 5997 6204 6298
f 6205 6203 5919
f 6208 5998 6206
f 6091 5998 6208
f 6092 6091 6208
f 6092 6305 6210
f 6210 6305 6381
f 6210 6381 6306
f 6210 6306 5924
f 6211 6094 6306
f 6095 6211 6003
f 5764 6004 6490
f 5925 6006 6212
f 6212 6491 5925
f 6213 6310 6008
f 6216 6313 6010
f 6313 6011 6010
f 6097 6011 6313
f 6219 6215 6217
f 6215 6218 6217
f 6009 6096 6222
f 6218 6392 6217
f 6217 6099 6219
f 6098 6220 6100
f 6100 6220 6104
f 6222 6103 6221
f 6099 6107 6223
f 6223 6107 6226
f 5932 6105 6314
f 6224 6102 6110
f 5932 6314 6227
f 6105 6109 6314
f 6314 6109 6225
f 6111 6315 6116
f 6225 6116 6315
f 6116 6225 6227
f 6109 6227 6225
f 6228 6106 6393
f 6226 6114 6229
f 6230 6116 6227
f 6111 6018 6315
f 6315 6018 6316
f 6118 6229 6114
f 6393 6318 6117
f 6393 6117 6228
f 6320 6224 6110
f 6320 6110 6119
f 6230 6120 6116
f 6121 6317 6118
f 6118 6317 6229
f 6117 6318 6232
f 6232 6318 6231
f 6117 6232 6121
f 6121 6319 6317
f 6234 6233 6123
f 6124 6234 6123
f 6230 6124 6120
f 6234 6124 6230
f 6121 6232 6236
f 6236 6319 6121
f 6122 6235 6021
f 6119 6400 6320
f 6127 6400 6119
f 6127 6233 6238
f 6325 6238 6233
f 6325 6233 6234
f 6507 6316 5936
f 6236 6231 6237
f 6236 6232 6231
f 6128 6235 6322
f 6021 6235 6128
f 6322 6239 6128
f 6127 6238 6329
f 6128 6239 6130
f 6130 6331 6411
f 6130 6239 6331
f 6132 6130 6335
f 6027 6133 6405
f 6335 6134 6132
f 6240 6333 6133
f 6418 6240 6336
f 6242 6137 6338
f 6134 6338 6137
f 6241 6138 6337
f 6243 6242 6339
f 6340 6337 6138
f 6243 6140 6031
f 6424 6140 6243
f 6244 6340 6139
f 6139 6140 6244
f 5963 5886 6245
f 5885 6520 6246
f 6342 5508 6247
f 6145 6144 6146
f 6433 6145 6146
f 6248 5964 6047
f 6048 6249 6146
f 5964 6248 6253
f 6147 6343 6430
f 6250 6147 6430
f 6249 6048 6523
f 6343 6147 6251
f 6523 5745 6772
f 6149 6252 6251
f 6147 6149 6251
f 6250 6148 6147
f 6344 6148 6250
f 6147 6148 6149
f 6149 6148 6255
f 6150 6344 6254
f 6435 6254 6344
f 6255 6252 6149
f 6150 6254 6259
f 6255 6348 6252
f 6257 6259 6254
f 6151 6256 6255
f 6258 6257 6254
f 6258 6346 6152
f 6346 6347 6152
f 6347 6260 6152
f 6256 6348 6255
f 6258 6156 6257
f 6258 6152 6156
f 6257 6155 6259
f 6156 6155 6257
f 6350 6261 6260
f 6351 6348 6256
f 6161 6351 6256
f 6160 6161 6256
f 6350 6352 6261
f 6261 6352 6353
f 6261 6353 6162
f 6161 6355 6441
f 5967 6355 6161
f 6163 6166 6164
f 6262 6166 6163
f 6263 6166 6262
f 6056 6263 6264
f 6167 6264 6445
f 6357 6168 6445
f 6445 6168 6167
f 6781 5894 6450
f 6266 6267 6358
f 6267 6266 6169
f 6060 6169 6266
f 6064 6268 6454
f 6362 6173 6270
f 6179 6271 6177
f 6273 6179 6275
f 6272 6274 6075
f 6547 6277 6181
f 6547 6181 5832
f 6276 6547 5832
f 6186 6278 6281
f 6186 6281 6078
f 6078 6281 6366
f 6185 6079 6369
f 6078 6366 6188
f 6366 6282 6188
f 6284 6188 6282
f 6188 6284 6189
f 6189 6284 6286
f 6286 6284 6285
f 5758 6554 5834
f 6189 6286 6192
f 6287 6192 6286
f 6191 6288 6290
f 6289 6192 6287
f 6190 6194 6473
f 6289 6195 6192
f 6472 6291 6084
f 6292 6195 6289
f 6292 6197 6195
f 6194 6291 6293
f 6374 6293 6291
f 6293 6375 6194
f 6199 6197 6294
f 6294 6197 6292
f 5838 6290 6088
f 6290 6377 6088
f 6562 6198 6201
f 6199 6294 6087
f 6294 6295 6087
f 6204 6087 6295
f 6296 6089 6377
f 6201 6089 6296
f 6299 6297 6379
f 6295 6379 6297
f 6295 6297 6298
f 6295 6298 6204
f 6299 6300 6303
f 6297 6299 6303
f 6298 6297 6206
f 6303 6300 6301
f 6297 6303 6206
f 6302 6301 6300
f 5919 6207 6205
f 6303 6301 6208
f 6303 6208 6206
f 6205 6207 6209
f 6301 6302 6304
f 6208 6301 6304
f 6208 6304 6092
f 6304 6302 6487
f 6304 6487 6305
f 6092 6304 6305
f 6487 6381 6305
f 6307 6211 6381
f 6306 6381 6211
f 6094 6211 6095
f 6211 6307 6003
f 5764 6490 6489
f 6003 6307 5767
f 5767 6307 6308
f 5767 6308 6382
f 6383 6006 6382
f 6384 6006 6383
f 6006 6384 6212
f 6213 6491 6310
f 6309 6005 6580
f 6386 6215 6388
f 6390 6009 6312
f 6390 6216 6009
f 6390 6313 6216
f 6097 6313 6582
f 6388 6215 6219
f 6389 6388 6219
f 6009 6222 6312
f 6219 6099 6389
f 5773 6214 5931
f 6214 6914 5931
f 6667 6389 6099
f 6312 6222 6221
f 6099 6223 6667
f 6221 6102 6583
f 6583 6102 6224
f 6314 6225 6505
f 6392 6393 6106
f 6315 6505 6225
f 6227 6586 6230
f 5931 6122 6019
f 6234 6321 6323
f 6234 6230 6321
f 6397 6319 6322
f 6322 6235 6397
f 6234 6323 6325
f 6318 6506 6237
f 6318 6237 6231
f 6236 6324 6319
f 6322 6319 6324
f 6326 6399 6330
f 6506 6399 6326
f 6237 6506 6327
f 6327 6506 6326
f 6237 6327 6236
f 6327 6408 6236
f 6324 6236 6408
f 6327 6326 6328
f 6328 6408 6327
f 6322 6402 6239
f 6329 6400 6127
f 6403 6507 6405
f 6326 6330 6328
f 6239 6402 6331
f 6329 6238 6332
f 6330 6404 6407
f 6328 6330 6407
f 6405 6133 6333
f 6334 6333 6240
f 6240 6418 6334
f 6420 6134 6335
f 6419 6418 6336
f 6134 6420 6338
f 6336 6241 6337
f 6419 6336 6337
f 6421 6242 6338
f 6423 6337 6340
f 6243 6339 6424
f 6244 6423 6340
f 6244 6140 6427
f 6424 6427 6140
f 6519 7884 6691
f 6245 5886 6341
f 6247 6246 6342
f 6246 6428 6342
f 5886 6693 6341
f 5425 8177 8728
f 6143 6342 6694
f 6250 6430 6432
f 6047 6145 6248
f 6430 6343 6431
f 6146 6249 6433
f 6433 6249 6522
f 6698 6344 6250
f 6251 6345 6343
f 6251 6252 6345
f 6435 6344 6434
f 6524 6437 6253
f 6253 6437 5746
f 6258 6254 6435
f 6346 6258 6435
f 6349 6260 6347
f 6350 6260 6349
f 6349 6528 6350
f 6439 6350 6528
f 6352 6350 6439
f 6438 6353 6352
f 6161 6441 6351
f 6162 6353 6163
f 6354 5889 6781
f 6355 6443 6441
f 6356 6443 6355
f 6262 6163 6353
f 6262 6353 6532
f 6264 6263 6262
f 6358 6451 6265
f 6358 6267 6452
f 6168 6357 6064
f 6064 6357 6268
f 6169 6269 6359
f 6359 6269 6705
f 6269 6172 6705
f 6270 6454 6360
f 6270 6360 6362
f 6175 6543 6172
f 6173 6362 6456
f 6271 6708 6177
f 6177 6708 6175
f 6176 6364 6178
f 6271 6179 6273
f 6457 6074 6789
f 6273 6275 6711
f 6074 6279 6789
f 6711 6275 6463
f 6076 6463 6275
f 6076 6183 6463
f 6277 6547 6461
f 6182 6277 6464
f 6277 6461 6464
f 6182 6365 5988
f 6365 6182 6464
f 5988 6365 6278
f 6274 6551 6075
f 6463 6183 6280
f 6276 6184 6467
f 6365 6468 6278
f 6468 6281 6278
f 6468 6367 6281
f 6367 6366 6281
f 6185 6369 6714
f 6184 6081 6555
f 6187 6553 6280
f 6550 6469 6077
f 6367 6282 6366
f 6551 6554 5758
f 6367 6368 6282
f 6553 6187 6283
f 6368 6285 6282
f 6079 6080 6369
f 6081 6371 6555
f 6282 6285 6284
f 6372 6285 6368
f 6472 5834 6554
f 6081 6474 6371
f 6285 6372 6286
f 6286 6372 6287
f 6370 6190 6471
f 6287 6372 6476
f 6287 6476 6289
f 6473 6194 6375
f 6560 6374 6291
f 6560 6291 6472
f 6476 6292 6289
f 6374 6375 6293
f 6294 6476 6376
f 6294 6292 6476
f 6294 6376 6481
f 6484 6379 6483
f 6481 6379 6295
f 6481 6295 6294
f 6201 6380 6562
f 6200 6203 6378
f 6380 6201 6296
f 6379 6484 6299
f 6299 6484 6300
f 6486 6302 6300
f 6817 5923 6093
f 6004 6309 6490
f 6491 6212 6384
f 6491 6385 6310
f 6311 6310 6385
f 6914 6214 6311
f 5846 6097 6580
f 6580 6097 6582
f 6215 6386 6218
f 6388 6387 6386
f 6392 6218 6504
f 6313 6390 6499
f 6499 6582 6313
f 6221 6583 6496
f 6312 6221 6497
f 6221 6496 6497
f 6583 6224 6500
f 6314 6391 6502
f 6394 6501 6224
f 6585 6223 6226
f 6314 6502 6227
f 6226 6229 6585
f 6227 6502 6586
f 6505 6315 6316
f 6224 6320 6394
f 6317 6395 6229
f 6394 6320 6398
f 6586 6675 6230
f 6393 6506 6318
f 6395 6317 6396
f 6230 6675 6321
f 6317 6319 6396
f 6396 6319 6397
f 6320 6400 6398
f 6330 6399 6404
f 6324 6402 6322
f 6401 6402 6324
f 6323 6510 6325
f 6408 6401 6324
f 6512 6400 6329
f 6325 6510 6238
f 6404 6406 6407
f 6408 6328 6600
f 6402 6412 6331
f 6238 6510 6332
f 6405 6333 6511
f 6511 6333 6681
f 6406 6592 6409
f 6406 6409 6410
f 6407 6406 6410
f 6407 6600 6328
f 6411 6331 6412
f 6332 6416 6512
f 6332 6512 6329
f 6333 6334 6681
f 6413 6334 6414
f 6409 6413 6414
f 6415 6409 6414
f 6410 6409 6415
f 6410 6600 6407
f 6130 6411 6335
f 6418 6417 6334
f 6417 6414 6334
f 6415 6414 6417
f 6603 6415 6417
f 6417 6418 6603
f 6603 6418 6419
f 6601 6420 6335
f 6338 6420 6422
f 6422 6421 6338
f 6242 6421 6339
f 6426 6339 6421
f 6423 6606 6337
f 6339 6425 6424
f 6426 6425 6339
f 6427 6423 6244
f 6423 6427 6516
f 6425 6427 6424
f 5963 6245 6519
f 6520 6691 6692
f 6246 6520 6428
f 6342 6428 6521
f 6521 6694 6342
f 6429 6430 6431
f 6698 6250 6432
f 6431 6343 6695
f 6343 6697 6695
f 6249 6614 6522
f 6524 6253 6248
f 6615 6697 6343
f 6249 6523 6614
f 6343 6345 6615
f 6252 6776 6345
f 6434 6436 6435
f 6348 6525 6252
f 6346 6435 6436
f 6347 6346 6526
f 6346 6436 6526
f 6438 6352 6439
f 6440 6439 6528
f 6440 6619 6439
f 6353 6438 6442
f 6439 6442 6438
f 6619 6442 6439
f 6444 6443 6356
f 6264 6535 6445
f 6264 6262 6535
f 6356 6451 6444
f 6451 6356 6265
f 6445 6446 6357
f 6357 6446 6448
f 6448 6447 6449
f 6358 6452 6451
f 6455 6448 6449
f 6359 6452 6267
f 6625 6452 6359
f 6267 6169 6359
f 6268 6357 6448
f 6453 6455 6449
f 6359 6705 6704
f 6455 6453 6542
f 5822 6709 5898
f 6271 6544 6708
f 6176 6787 6364
f 5898 6363 6272
f 6271 6273 6544
f 6364 6787 6180
f 6363 6274 6272
f 6458 6459 6629
f 6458 6460 6459
f 6460 6462 6459
f 6789 6279 6714
f 6462 6461 6459
f 6466 6462 6460
f 6547 6276 6465
f 6546 6461 6547
f 6464 6461 6462
f 6464 6462 6466
f 6464 6466 6365
f 6465 6276 6467
f 6279 6185 6714
f 6463 6280 6795
f 6365 6466 6468
f 6467 6184 6555
f 6468 6470 6367
f 6367 6470 6368
f 6372 6368 6470
f 6370 6471 6283
f 6470 6557 6372
f 6077 6469 6373
f 6371 6474 6972
f 6469 6640 6373
f 6372 6557 6559
f 6373 6640 6191
f 6471 6190 6473
f 6474 6722 6972
f 6191 6640 6288
f 6559 6476 6372
f 6475 6080 6193
f 6563 6476 6559
f 6473 6375 6561
f 6290 6288 6478
f 6475 6193 6378
f 6563 6376 6476
f 6479 6374 6560
f 6374 6479 6375
f 6561 6375 6479
f 6479 6564 6561
f 6478 6723 6290
f 6564 6479 6480
f 6376 6477 6483
f 6290 6723 6377
f 6376 6483 6481
f 6380 6892 6562
f 6482 6484 6483
f 6481 6483 6379
f 6377 6566 6296
f 6566 6485 6296
f 6296 6485 6380
f 6575 6205 6209
f 6209 6576 6575
f 6486 6487 6302
f 6577 6487 6488
f 6487 6577 6381
f 5841 6658 6093
f 5841 6489 6658
f 6381 6308 6307
f 6577 6308 6381
f 6308 6819 6382
f 6578 6383 6382
f 6660 6383 6578
f 6491 6384 6492
f 6384 6383 6660
f 6492 6385 6491
f 6493 6384 6661
f 6660 6661 6384
f 6492 6384 6493
f 6494 6493 6661
f 6495 6387 6494
f 6494 6387 6581
f 6495 6386 6387
f 6387 6388 6581
f 6388 6389 6581
f 6827 6504 6218
f 6497 6498 6312
f 6312 6498 6390
f 6390 6498 6499
f 6500 6224 6501
f 6391 6669 6670
f 6391 6670 6502
f 6391 6671 6669
f 6391 6314 6671
f 6392 6504 6393
f 6394 6503 6501
f 6314 6505 6671
f 6504 6744 6393
f 6587 6503 6394
f 6585 6229 6745
f 6229 6395 6745
f 6398 6587 6394
f 6837 6316 6507
f 6400 6508 6398
f 6321 6590 6323
f 6590 6510 6323
f 6590 6509 6510
f 6508 6400 6512
f 6404 6592 6406
f 6595 6402 6401
f 6595 6412 6402
f 6510 6513 6332
f 6509 6513 6510
f 6409 6592 6413
f 6413 6681 6334
f 6412 6595 6411
f 6416 6598 6512
f 6513 6514 6416
f 6332 6513 6416
f 6410 6415 6600
f 6411 6595 6596
f 6416 6515 6598
f 6416 6514 6515
f 6600 6415 6603
f 6601 6335 6602
f 6602 6335 6411
f 6596 6602 6411
f 6422 6420 6687
f 6603 6419 6605
f 6605 6419 6337
f 6422 6610 6421
f 6421 6518 6426
f 6421 6610 6518
f 6423 6516 6606
f 6516 6425 6517
f 6426 6517 6425
f 6518 6517 6426
f 6425 6516 6427
f 6691 7884 6765
f 6245 6341 6689
f 5466 7704 8177
f 6432 6430 6429
f 6613 6698 6432
f 6145 6860 7164
f 6433 6860 6145
f 6248 6145 7164
f 6433 6522 6860
f 6344 6698 6699
f 6524 6248 6770
f 6344 6699 6434
f 6951 6523 6772
f 6345 6776 6615
f 6525 6776 6252
f 7166 6772 6527
f 6347 6526 6616
f 6347 6616 6349
f 6617 6528 6349
f 6348 6618 6778
f 6618 6348 6351
f 6440 6528 6529
f 6618 6351 6441
f 6440 6530 6619
f 6440 6529 6530
f 6530 6529 6531
f 6618 6443 6620
f 6441 6443 6618
f 6442 6532 6353
f 6531 6533 6530
f 6531 6534 6533
f 6532 6621 6262
f 6535 6262 6621
f 6533 6536 6621
f 6534 6536 6533
f 6536 6535 6621
f 6534 6537 6536
f 6536 6446 6535
f 6537 6447 6536
f 6535 6446 6445
f 6536 6447 6446
f 6446 6447 6448
f 6447 6537 6449
f 6449 6537 6539
f 6624 6779 6957
f 6539 6453 6449
f 6625 6359 6704
f 6448 6540 6268
f 6455 6540 6448
f 6541 6453 6539
f 6268 6540 6454
f 6453 6541 6542
f 6454 6540 6360
f 6455 6627 6540
f 6542 6627 6455
f 6543 6628 6172
f 6175 6708 6543
f 6456 6787 6176
f 6173 6456 6176
f 6361 6457 6710
f 6544 6273 6878
f 6273 6711 6878
f 6789 6710 6457
f 6458 6629 6545
f 6545 6713 6458
f 6458 6548 6460
f 6459 6546 6629
f 6461 6546 6459
f 6466 6460 6548
f 6547 6465 6546
f 6466 6548 6549
f 6634 6551 6274
f 6180 6796 6550
f 6466 6549 6468
f 6549 6636 6468
f 6280 6635 6795
f 6468 6636 6470
f 6470 6636 6552
f 6280 6553 6718
f 6369 6080 6556
f 6371 6885 6555
f 6371 6972 6885
f 6552 6557 6470
f 6639 6558 6559
f 6557 6639 6559
f 6559 6558 6563
f 6720 6080 6475
f 6558 6477 6563
f 6198 6722 6474
f 6563 6477 6376
f 6483 6477 6641
f 6480 6479 6560
f 6564 6480 6565
f 6723 6566 6377
f 6482 6483 6641
f 6568 6485 6566
f 6568 6566 6567
f 6568 6380 6485
f 6651 6378 6203
f 6484 6482 6573
f 6205 6651 6203
f 6653 6569 6570
f 6300 6484 6573
f 6653 6570 6572
f 6572 6570 6571
f 6571 6574 6572
f 6300 6573 6486
f 6655 6205 6575
f 6486 6488 6487
f 6209 5923 6576
f 5923 6817 6576
f 6816 6577 6488
f 6489 6735 6658
f 6308 6577 6659
f 6490 6735 6489
f 6309 6736 6490
f 6492 6663 6385
f 6309 6580 6579
f 6385 6663 6311
f 6495 6494 6661
f 6581 6493 6494
f 6495 6821 6386
f 6386 6821 6218
f 6581 6389 6912
f 6827 6218 6821
f 6496 6583 6665
f 6583 6500 6668
f 6667 6223 6832
f 7125 5931 6914
f 6585 6832 6223
f 6501 6503 6741
f 6503 6584 6741
f 6502 6670 6586
f 6587 6584 6503
f 6505 6316 6834
f 5931 6674 6122
f 6745 6395 6588
f 6506 6393 6744
f 6395 6396 6588
f 6588 6396 6676
f 6589 6587 6398
f 6837 6834 6316
f 6506 6744 6678
f 6397 6676 6396
f 6397 6235 6676
f 6674 6235 6122
f 6837 6507 6838
f 6506 6678 6399
f 6398 6508 6589
f 6403 6838 6507
f 6589 6508 6680
f 6591 6592 6404
f 6405 6748 6403
f 6511 6748 6405
f 6512 6682 6508
f 6592 6681 6413
f 6509 6593 6513
f 6513 6593 6594
f 6600 6841 6408
f 6401 6408 6841
f 6594 6599 6513
f 6599 6514 6513
f 6602 6596 6597
f 6515 6604 6598
f 6841 6600 6686
f 6515 6514 6604
f 6599 6604 6514
f 6603 6686 6600
f 6758 6601 6602
f 6606 6605 6337
f 6606 6607 6605
f 6608 6605 6607
f 6608 6518 6609
f 6610 6609 6518
f 6607 6606 6516
f 6517 6607 6516
f 6608 6607 6517
f 6518 6608 6517
f 6690 6519 6245
f 6691 6766 6692
f 6428 6520 6612
f 6612 6521 6428
f 6698 6696 6699
f 6248 7164 6770
f 6699 6700 6434
f 6700 6436 6434
f 6524 6773 6437
f 6774 6526 6436
f 6617 6349 6616
f 6529 6528 6701
f 6529 6701 6531
f 6779 6437 6863
f 6701 6622 6531
f 6442 6619 6532
f 6619 6530 6532
f 6780 6620 6443
f 6621 6532 6530
f 6530 6533 6621
f 6622 6534 6531
f 6444 6702 6780
f 6444 6780 6443
f 6622 6537 6534
f 6623 6537 6622
f 6538 6444 6451
f 6623 6539 6537
f 6452 6625 6451
f 6542 6541 6783
f 6628 6705 6172
f 6360 6540 6627
f 6542 6706 6627
f 6360 6786 6362
f 6628 6543 6707
f 6362 6786 6456
f 6543 6708 6707
f 6709 6363 5898
f 6361 6710 7173
f 6545 6629 6631
f 6629 6630 6631
f 6713 6545 6631
f 6546 7072 6629
f 6713 6548 6458
f 6713 6632 6548
f 6795 6791 6463
f 6548 6632 6633
f 6548 6633 6549
f 6636 6633 6637
f 6633 6636 6549
f 6634 6638 6551
f 6637 6716 6552
f 6637 6552 6636
f 6718 6635 6280
f 6717 6552 6716
f 6551 6638 6554
f 6553 6283 6719
f 6553 6719 6718
f 6552 6717 6639
f 6639 6557 6552
f 6283 6471 6721
f 6719 6283 6721
f 6556 6080 6720
f 6469 6798 6640
f 6639 7081 6558
f 7187 6560 6472
f 6471 6473 6721
f 6558 7081 6641
f 6799 6473 6561
f 6288 6640 6478
f 6558 6641 6477
f 6722 6198 6562
f 6475 6378 6976
f 6723 6478 6802
f 6642 6480 6560
f 6643 6561 6564
f 6480 6642 6565
f 6565 6643 6564
f 6565 6642 6644
f 6565 6644 6645
f 6565 6645 6643
f 6723 6726 6566
f 6380 6568 6892
f 6644 6647 6645
f 6647 6648 6645
f 6566 6726 6567
f 6568 6567 6646
f 6649 6648 6647
f 6652 6649 6647
f 6725 6648 6649
f 6567 6726 6650
f 6567 6650 6646
f 6569 6652 6570
f 6569 6649 6652
f 6569 6725 6649
f 6573 6482 7095
f 6652 6729 6570
f 6653 6725 6569
f 6651 6205 6655
f 6729 6571 6570
f 6571 6654 6574
f 6571 6729 6654
f 6654 6572 6574
f 6572 6654 6653
f 6653 6654 6656
f 6656 6730 6653
f 6576 6732 6575
f 6488 6486 6657
f 6093 6733 6817
f 6816 6734 6577
f 6734 6659 6577
f 6819 6308 6659
f 6819 6578 6382
f 6309 6579 6736
f 6737 6662 6493
f 6662 6492 6493
f 6662 6663 6492
f 6737 6493 6581
f 6495 6661 6821
f 6311 6663 6664
f 6311 6664 6914
f 6580 6582 6579
f 6912 6389 7001
f 6665 6823 6496
f 6823 6497 6496
f 6579 6582 6740
f 6389 6667 7001
f 6497 6666 6498
f 6740 6582 6499
f 6500 6501 6668
f 6501 6741 6668
f 6584 6672 6741
f 6671 6505 6834
f 6672 6584 6673
f 6584 6587 6673
f 6673 6587 6679
f 6746 6588 6676
f 6676 6235 6677
f 6235 6674 6677
f 6587 6589 6679
f 6747 6679 6589
f 7243 6838 6403
f 6678 7017 6399
f 6680 6747 6589
f 6404 6399 6591
f 6590 6839 6509
f 6680 6508 6682
f 6681 6924 6511
f 6509 6839 6593
f 6598 6682 6512
f 6682 6598 6683
f 6841 6843 6401
f 6401 6596 6595
f 6401 6750 6596
f 6750 6597 6596
f 6604 6683 6598
f 6684 6599 6594
f 6684 6685 6599
f 6758 6602 6754
f 6602 6597 6754
f 6599 6752 6604
f 6599 6685 6752
f 6756 6752 6685
f 6757 6686 6603
f 6420 6601 6687
f 6758 6687 6601
f 6605 6757 6603
f 6757 6605 6761
f 6422 6687 6763
f 6763 6687 6762
f 6761 6605 6608
f 6422 6688 6610
f 6763 6688 6422
f 6609 6761 6608
f 6761 6609 6688
f 6609 6610 6688
f 6520 6692 6612
f 6768 6613 6432
f 6429 6431 6855
f 6431 6695 6855
f 6698 6613 6696
f 6522 6614 6860
f 6614 6523 6951
f 6773 6952 6437
f 6774 6775 6526
f 6775 6616 6526
f 6617 6616 6953
f 6527 6354 7061
f 6778 6525 6348
f 6528 6617 6777
f 6777 6701 6528
f 6618 6864 6778
f 6618 6620 6864
f 6864 6620 6780
f 6701 6866 6622
f 6866 6867 6622
f 6622 6867 6623
f 6702 6444 6538
f 7063 6781 6450
f 6782 6539 6623
f 6451 6703 6538
f 6538 6703 7171
f 6625 6703 6451
f 6450 6626 7063
f 6704 6703 6625
f 6539 6782 6541
f 6957 6784 6624
f 6628 6877 6705
f 6542 6783 6706
f 7173 6626 6361
f 6628 6707 6877
f 6360 6785 6786
f 6784 6709 5822
f 6456 7175 6787
f 6708 6544 6878
f 6879 6274 6363
f 6629 6712 6630
f 6712 6629 7072
f 6711 6463 6791
f 6787 6792 6180
f 6546 6465 7072
f 6633 6632 6794
f 6633 6794 6715
f 6715 6637 6633
f 6969 6714 6369
f 6550 6796 6469
f 6795 6635 6797
f 6797 6635 6884
f 6637 6715 6716
f 6971 6555 6885
f 6974 6717 6716
f 6635 6718 6884
f 6717 6974 6639
f 6638 6472 6554
f 6883 6973 6469
f 6973 6798 6469
f 7081 6639 6974
f 7187 6801 6560
f 6721 6473 6799
f 6640 6798 6800
f 6640 6800 6478
f 6720 6475 7087
f 6800 6802 6478
f 6801 6642 6560
f 6475 6976 7087
f 6975 6482 6641
f 6644 6642 6724
f 6648 6643 6645
f 6568 6804 6892
f 6724 6647 6644
f 6646 6804 6568
f 6976 6378 6651
f 6724 6727 6647
f 6727 6652 6647
f 6650 6805 6646
f 6650 6726 6806
f 6728 6650 6806
f 6805 6650 6728
f 6652 6727 6729
f 6729 6727 6978
f 6730 6725 6653
f 6651 6655 6901
f 6729 6978 6810
f 6729 6810 6654
f 6654 6810 6811
f 6656 6811 6730
f 6811 6731 6730
f 6654 6811 6656
f 6655 6575 7100
f 6575 6908 7100
f 6575 6732 6908
f 6573 6813 6486
f 6576 6815 6732
f 6576 6817 6815
f 6657 6816 6488
f 6093 6658 6733
f 6736 6579 6910
f 6578 7116 6660
f 6661 6660 7116
f 6663 6662 6664
f 6581 6912 6737
f 6664 6822 6914
f 6823 6738 6497
f 6666 6497 6738
f 6666 6739 6498
f 6665 6583 6668
f 6498 6739 6499
f 6739 6828 6499
f 6740 6499 6828
f 6668 6741 6742
f 6670 6669 6831
f 6742 6741 6830
f 6831 6833 6670
f 6669 6915 6831
f 6671 6915 6669
f 6741 6672 6830
f 6743 6916 6504
f 6915 6671 6834
f 6504 6916 6744
f 6670 7327 6586
f 6744 6917 6678
f 6676 6836 6746
f 6676 6677 6836
f 6675 6590 6321
f 6679 6747 7129
f 6840 7129 6747
f 7017 6591 6399
f 6592 6591 6924
f 6680 6682 6747
f 6749 6840 6747
f 6682 6749 6747
f 6511 6924 6748
f 6924 6681 6592
f 6749 6682 6683
f 6926 6749 6683
f 7025 6594 6593
f 6843 6750 6401
f 6684 6594 6929
f 6750 6751 6597
f 6604 6752 6683
f 6845 6684 6929
f 6597 6751 6754
f 6684 6753 6685
f 6845 6753 6684
f 6754 6751 6847
f 6756 6755 6752
f 6756 6685 6753
f 6846 6753 6845
f 6757 6851 6686
f 6758 6754 6850
f 6847 6850 6754
f 6755 6756 6760
f 6756 6753 6760
f 6759 6760 6753
f 6846 6848 6753
f 6848 6759 6753
f 6687 6758 6762
f 6688 6757 6761
f 6688 6763 6851
f 6689 6764 6245
f 6245 7145 6690
f 6341 6852 6689
f 6852 6764 6689
f 6612 6692 6767
f 6767 6521 6612
f 6693 6852 6341
f 6693 6853 6852
f 5466 5636 7704
f 6767 6694 6521
f 6429 6768 6432
f 6854 6768 6429
f 6854 6429 6855
f 6855 6695 7054
f 6769 6696 6613
f 6695 6697 7054
f 6950 6615 6771
f 6700 6774 6436
f 6615 6776 6771
f 7166 6527 7061
f 6952 6863 6437
f 6956 6701 6777
f 6956 6866 6701
f 6780 6702 6865
f 6868 6354 6781
f 6867 6871 6623
f 6782 6623 6871
f 6960 7171 6703
f 6960 6703 6704
f 6782 6961 6541
f 6704 6705 6960
f 6541 6961 6783
f 6877 6960 6705
f 6360 6627 6785
f 6874 6627 6706
f 6783 6873 6706
f 6706 6875 6874
f 6873 6875 6706
f 6784 7275 6709
f 6707 6708 6878
f 6786 7175 6456
f 7462 6363 6709
f 6878 6711 6788
f 6790 6630 6712
f 6790 6631 6630
f 6967 6631 6790
f 6967 6713 6631
f 6880 6713 6967
f 6712 7072 7181
f 6632 6713 6880
f 6632 6968 6794
f 7073 6634 6274
f 6881 6714 6969
f 6795 6797 6791
f 6791 6797 6793
f 6467 7285 6465
f 6555 6971 6467
f 6716 6715 7077
f 6796 6883 6469
f 6969 6369 6556
f 6638 7187 6472
f 6972 6722 6888
f 7293 6641 7081
f 6561 7085 6799
f 6892 7084 6562
f 7293 6975 6641
f 6801 6890 6642
f 6561 6643 6891
f 6890 6803 6642
f 6642 6803 6724
f 6977 6648 6725
f 6646 6805 6804
f 7095 6482 7092
f 6728 6898 6805
f 6806 6807 6808
f 6808 6807 6897
f 6728 6806 6808
f 6728 6808 6898
f 6725 6899 6977
f 6808 6897 6809
f 6898 6808 6809
f 6730 6899 6725
f 6904 6899 6730
f 7095 6983 6573
f 6901 6655 7100
f 6730 6731 6904
f 6731 6812 6904
f 6731 6810 6812
f 6731 6811 6810
f 6813 6573 6983
f 6814 6908 6732
f 6657 6486 6813
f 6815 6814 6732
f 6816 6657 6993
f 6733 6995 6994
f 6658 6995 6733
f 6658 6735 6995
f 6659 6734 6909
f 6490 6818 6735
f 6490 6736 6818
f 6821 6661 7116
f 6737 6820 6662
f 6662 6820 6664
f 6820 6822 6664
f 6910 6579 6824
f 6822 6913 6914
f 6824 6579 6740
f 6826 6825 6823
f 6826 6823 6665
f 6665 6668 6826
f 6826 6668 6829
f 6668 6742 6829
f 5931 7125 6674
f 6917 6744 6916
f 6745 6588 6835
f 6674 7239 6677
f 6836 6835 6746
f 6835 6588 6746
f 6840 6749 6926
f 6752 6930 6683
f 6842 6843 6841
f 6750 6844 6751
f 6846 6845 6931
f 6751 6844 6847
f 6936 6841 6686
f 6933 6848 6846
f 6851 6936 6686
f 6849 6758 6850
f 6759 6848 7037
f 7037 6848 6937
f 6758 6939 6762
f 6849 6939 6758
f 6757 6688 6851
f 6762 6851 6763
f 6245 6764 7145
f 6519 6690 7884
f 6691 6765 7257
f 6766 6691 6943
f 6691 7257 6943
f 6767 6692 6766
f 5636 6944 7704
f 6694 6945 5636
f 6694 6767 6945
f 7049 6768 6854
f 6856 6768 7049
f 6855 7053 6948
f 6854 6855 6948
f 6856 6613 6768
f 6613 6856 6769
f 6855 7054 7053
f 6857 6769 6856
f 6769 6857 6858
f 6769 6858 6696
f 7163 6696 6858
f 6615 6950 6697
f 7163 6699 6696
f 6614 6859 6860
f 6614 6951 6859
f 7057 6699 7163
f 7057 6700 6699
f 7057 6774 6700
f 6772 7166 6951
f 7057 6861 6774
f 6771 6776 6862
f 6774 6861 6775
f 6525 6862 6776
f 6616 6775 7059
f 6953 6616 7059
f 6955 6956 6777
f 6956 6958 6866
f 6957 6779 6863
f 6866 6958 6867
f 6868 6781 7063
f 6958 6869 6867
f 6867 6869 6871
f 6870 6702 6538
f 6871 6872 6782
f 6538 7171 6870
f 6872 6961 6782
f 6957 7360 6784
f 6626 7271 7063
f 6877 6963 6960
f 6961 6873 6783
f 6627 6962 6785
f 6962 6627 6874
f 6964 6962 6874
f 6875 6873 6876
f 6786 6785 7067
f 7175 7068 6787
f 7462 6879 6363
f 7068 7070 6787
f 7177 6878 6788
f 6712 7181 7069
f 6790 6712 7069
f 6966 6967 6790
f 7070 6792 6787
f 6711 6791 6788
f 6788 6791 6793
f 6789 6714 7183
f 6880 6968 6632
f 7285 7072 6465
f 6714 6881 7183
f 6792 6882 6180
f 6180 6882 6796
f 6971 7285 6467
f 7185 6797 6884
f 6556 6970 6969
f 6974 6716 7077
f 6718 6719 6886
f 6718 6886 6884
f 6719 6721 6886
f 7187 7292 6801
f 6973 6887 6798
f 6887 6800 6798
f 6721 6799 7085
f 6800 6887 6889
f 7084 6888 6722
f 6561 6891 7085
f 6889 6802 6800
f 6562 7084 6722
f 6894 6723 6802
f 6891 6643 6648
f 6891 6648 7191
f 6723 6894 6726
f 6482 6975 7092
f 6976 6651 6893
f 6803 6896 6724
f 6804 6805 6895
f 6648 6977 7191
f 6896 6978 6727
f 6724 6896 6727
f 6651 6901 6893
f 6898 7091 6805
f 6900 6897 6807
f 6897 6900 6902
f 6897 6903 6809
f 6897 6902 6903
f 6980 6809 6903
f 6898 6809 6980
f 6899 6905 7093
f 6978 6906 6810
f 6904 6905 6899
f 6906 6812 6810
f 6904 6812 6906
f 6905 6904 6906
f 6813 6990 6657
f 6991 6814 6815
f 6992 6657 6990
f 6993 6657 6992
f 6733 7112 6815
f 6733 6815 6817
f 6733 6994 7112
f 6993 6734 6816
f 7309 6909 6734
f 6659 6909 6819
f 6909 7224 6819
f 6818 6736 6996
f 7115 6578 6819
f 6736 6910 6996
f 7115 7116 6578
f 6820 6913 6822
f 6825 6999 6823
f 6738 6823 6999
f 6911 6738 6999
f 6738 6911 6666
f 6666 6911 6739
f 6824 6740 7004
f 6826 7230 6825
f 6827 6821 7120
f 7001 6667 7314
f 7230 6826 6829
f 6739 7003 6828
f 6740 6828 7004
f 6828 7003 7006
f 7002 6829 6742
f 6673 6830 6672
f 6915 6834 6919
f 6670 6833 7327
f 6745 6835 7008
f 7327 7422 6586
f 7008 6835 6918
f 6677 7239 6920
f 6673 6679 7618
f 6586 7422 6675
f 6834 6837 6919
f 6918 7011 7008
f 6835 6836 6918
f 6836 6920 6918
f 6677 6920 6836
f 7011 6918 6921
f 7013 7017 6678
f 6923 7011 6921
f 6675 7012 6590
f 6922 7018 7015
f 6839 6590 7012
f 7129 6840 7131
f 6403 6748 7243
f 6748 6924 7332
f 7331 6924 6591
f 6923 6925 6922
f 6925 6923 6927
f 7027 7131 6840
f 7025 6593 6839
f 7027 6840 6926
f 7024 6927 7028
f 6929 6594 7025
f 6928 6683 6930
f 6845 6929 6931
f 6843 6842 7033
f 6843 6932 6750
f 7033 6932 6843
f 6750 6932 6844
f 6752 7250 6930
f 6931 6933 6846
f 6936 6842 6841
f 6932 6847 6844
f 6752 6755 7250
f 6932 6940 6847
f 6755 6760 7252
f 6848 6933 6937
f 6934 6937 6933
f 6938 6937 6934
f 6935 6938 6934
f 6842 6936 6939
f 7035 6842 6849
f 6849 6842 6939
f 6850 6940 6849
f 6849 6940 7035
f 6940 6850 6847
f 6759 6941 6760
f 6937 6942 7037
f 6938 6942 6937
f 6851 6762 6936
f 6939 6936 6762
f 6759 7037 6941
f 6766 6943 6946
f 6946 6767 6766
f 6853 7147 6852
f 6945 6944 5636
f 6767 6946 6945
f 7046 6854 6947
f 7049 6854 7046
f 6854 6948 6947
f 6948 7053 7052
f 7050 6856 7049
f 6949 6856 7050
f 6856 6949 6857
f 6857 7056 6858
f 7056 7163 6858
f 7055 6697 6950
f 7164 6860 6859
f 6950 6771 7058
f 6617 7168 6777
f 6955 6958 6956
f 6354 6868 6954
f 6864 7062 6778
f 6864 6780 7062
f 6865 7062 6780
f 6865 6702 6959
f 6959 6702 6870
f 7364 6872 6871
f 7171 7272 6870
f 6960 6963 7276
f 7173 7271 6626
f 6873 7064 6876
f 6874 6965 6964
f 7368 6965 6875
f 6875 6965 6874
f 7368 6875 6876
f 7275 7462 6709
f 7173 6710 7465
f 6878 7176 6707
f 6710 7369 7465
f 6710 6789 7369
f 7069 6966 6790
f 6967 7071 6880
f 6968 6880 7071
f 6879 7073 6274
f 6794 6968 7186
f 7186 6715 6794
f 6793 6797 7185
f 6882 7076 6796
f 7075 7290 6634
f 6796 7076 6883
f 6634 7290 6638
f 7078 7185 6884
f 6883 7076 7079
f 7291 6971 6885
f 6883 7079 6973
f 6970 6556 6720
f 6638 7290 7187
f 6970 6720 7080
f 6973 7079 6887
f 7081 6974 7077
f 6720 7087 7080
f 6972 6888 7189
f 6887 7082 6889
f 6889 6894 6802
f 7191 7086 6891
f 6804 7296 6892
f 6894 7089 6807
f 6894 6807 6806
f 6726 6894 6806
f 7091 6895 6805
f 6807 7089 6979
f 6977 6899 7093
f 6807 6979 6900
f 7091 6898 6980
f 6901 7096 6893
f 6900 6979 6982
f 6984 7090 7093
f 6980 6903 7198
f 6983 7095 7103
f 7100 7096 6901
f 6986 7093 6905
f 6900 6982 7099
f 6900 7099 6902
f 6902 7099 7198
f 7198 6903 6902
f 6906 6978 6981
f 6906 6986 6905
f 6986 6906 6981
f 7093 6986 6984
f 6987 7102 6984
f 6984 6986 6988
f 6987 6984 7105
f 6985 7100 6908
f 6984 6988 6989
f 7105 6984 6989
f 7103 6813 6983
f 6908 7108 6985
f 6989 6988 6907
f 6907 7105 6989
f 6814 7108 6908
f 6813 7106 6990
f 6991 7208 6814
f 6815 7217 6991
f 7217 6815 7112
f 6734 7216 7309
f 6735 6818 6995
f 6819 7224 7115
f 6821 7116 7312
f 6911 6999 6998
f 6998 6999 6997
f 6911 6998 7228
f 6737 6912 7000
f 6737 7000 6820
f 6820 7000 6913
f 6825 7119 7229
f 6825 7229 6999
f 7228 7003 6911
f 7119 6825 7230
f 6911 7003 6739
f 6913 7000 7122
f 7122 6914 6913
f 6829 7002 7230
f 6743 6827 7120
f 7002 6742 7005
f 7004 6828 7006
f 6743 6504 6827
f 6585 7325 6832
f 7234 7126 6916
f 6585 7324 7325
f 6830 6673 7618
f 6916 7126 6917
f 7008 7324 6745
f 7324 6585 6745
f 7125 7239 6674
f 6917 7007 7419
f 7128 7008 7010
f 7008 7011 7010
f 7014 6918 6920
f 7240 7014 6920
f 6678 7419 7013
f 7011 6922 7010
f 6921 6918 7014
f 7016 6919 6837
f 7010 7015 7009
f 6922 7015 7010
f 7015 7018 7009
f 7011 6923 6922
f 7014 7019 6921
f 6838 7016 6837
f 7017 7013 7621
f 7009 7018 7130
f 6921 7019 6923
f 7019 7246 6923
f 7331 6591 7017
f 7018 7021 7130
f 6922 7022 7018
f 6922 6925 7022
f 7246 6927 6923
f 7130 7021 7020
f 7022 7021 7018
f 7133 7131 7027
f 7022 7020 7021
f 7022 6925 7024
f 7020 7023 7135
f 7022 7023 7020
f 7024 7023 7022
f 6927 7024 6925
f 7027 6926 6928
f 7023 7026 7135
f 7024 7028 7023
f 7028 6927 7030
f 6926 6683 6928
f 7023 7029 7026
f 7028 7029 7023
f 6928 6930 7138
f 7138 7027 6928
f 7135 7026 7137
f 7031 7137 7026
f 7029 7031 7026
f 7141 7031 7029
f 7141 7028 7030
f 7141 7029 7028
f 6930 7250 7138
f 6933 6931 7139
f 6934 7140 7032
f 7034 7032 7137
f 7031 7034 7137
f 7142 7034 7031
f 7141 7142 7031
f 7252 7250 6755
f 6934 6933 7139
f 7140 6934 7139
f 6935 6934 7032
f 7034 6935 7032
f 7033 6842 7035
f 6932 7033 6940
f 6940 7033 7035
f 6938 6935 7036
f 7034 7036 6935
f 7142 7036 7034
f 6760 6941 7252
f 6938 7143 6942
f 7036 7143 6938
f 6764 7144 7145
f 6765 7884 6611
f 7255 6943 7257
f 6764 6852 7144
f 7146 6946 6943
f 7256 7038 7146
f 7038 6946 7146
f 6853 8728 7147
f 6944 7343 7704
f 6944 7039 7148
f 7040 7039 6945
f 6945 7039 6944
f 6945 6946 7040
f 7038 7149 6946
f 7149 7040 6946
f 7040 7151 7039
f 7041 7040 7149
f 7154 7152 7042
f 7041 7152 7154
f 7153 7154 7044
f 7041 7154 7153
f 7042 7044 7154
f 7153 7044 7045
f 7042 7046 7044
f 7043 7046 7042
f 7047 7046 7043
f 7045 7158 7157
f 6947 7158 7045
f 7044 6947 7045
f 7046 6947 7044
f 6947 7048 7158
f 7047 7049 7046
f 7047 7050 7049
f 7048 6947 6948
f 7052 7048 6948
f 7050 7051 6949
f 6949 7542 6857
f 7055 7161 6697
f 7161 7054 6697
f 7055 6950 7162
f 7162 6950 7058
f 6524 6770 6773
f 7058 6771 7167
f 6771 6862 7167
f 6775 6861 7059
f 7059 7060 6953
f 6953 7168 6617
f 6777 7169 6955
f 7169 6777 7168
f 7361 7062 6865
f 6958 7364 6869
f 7270 6959 6870
f 6869 7364 6871
f 6870 7272 7270
f 6872 7273 6961
f 6962 7067 6785
f 6962 6964 7277
f 7277 6964 6965
f 6963 6877 7065
f 6876 7064 7066
f 6877 6707 7065
f 6786 7067 7175
f 7177 6788 7180
f 6967 6966 7071
f 6788 6793 7180
f 7071 7184 6968
f 6879 7661 7073
f 6792 7074 6882
f 7186 7077 6715
f 7073 7075 6634
f 6882 7074 7076
f 6971 7476 7285
f 6885 6972 7189
f 6886 7188 6884
f 6887 7079 7581
f 7080 7087 7083
f 6721 7085 6886
f 6888 7084 7189
f 6801 7292 7380
f 7296 7084 6892
f 7085 6891 7086
f 6801 7380 6890
f 6804 6895 7296
f 6893 7298 6976
f 7092 6975 7297
f 6896 6803 7197
f 7091 7193 6895
f 7090 7088 6977
f 7196 7088 7090
f 7089 7195 6979
f 6981 6896 7197
f 7093 7090 6977
f 7196 7090 7102
f 6981 6978 6896
f 7091 6980 7198
f 7097 7195 7094
f 6979 7097 6982
f 7195 7097 6979
f 7102 7090 6984
f 7097 7094 7098
f 7203 7097 7098
f 7097 7203 6982
f 7203 7099 6982
f 7200 7198 7099
f 7095 7201 7103
f 6985 7096 7100
f 6986 6981 7101
f 6981 7199 7101
f 7098 7094 7102
f 7104 7102 6987
f 7098 7102 7104
f 7199 7107 7101
f 7107 6986 7101
f 6987 7107 7104
f 6988 6986 7107
f 6987 7105 7107
f 6813 7103 7106
f 7103 7205 7106
f 6907 6988 7107
f 6907 7107 7105
f 7206 7106 7205
f 7206 7109 7106
f 7207 7108 6814
f 7207 6814 7208
f 7109 6990 7106
f 7110 7109 7111
f 6990 7109 7110
f 7208 6991 7210
f 6990 7110 6992
f 7210 6991 7214
f 7111 7213 7110
f 7217 7214 6991
f 6992 7213 6993
f 7110 7213 6992
f 7216 6993 7213
f 6993 7216 6734
f 6995 7222 6994
f 6995 7223 7222
f 6818 7223 6995
f 6818 7113 7223
f 6818 6996 7113
f 7114 7113 6996
f 7118 7117 6997
f 7117 6998 6997
f 6996 6910 7114
f 6910 6824 7114
f 6821 7312 7120
f 7227 7118 6997
f 6999 7227 6997
f 6999 7408 7227
f 6999 7229 7408
f 7228 7604 7003
f 6912 7001 7121
f 6912 7122 7000
f 7121 7122 6912
f 7314 7121 7001
f 6824 7004 7123
f 7120 7503 6743
f 6914 7122 7124
f 7233 7005 6742
f 7006 7003 7317
f 7004 7006 7123
f 7006 7317 7123
f 6667 6832 7314
f 7233 6742 7689
f 7125 6914 7124
f 6742 6830 7689
f 6830 7618 7689
f 6833 7418 7327
f 6915 6919 7423
f 7007 6917 7127
f 7126 7128 6917
f 7127 6917 7128
f 7235 7128 7126
f 7008 7128 7235
f 7236 7008 7235
f 7324 7008 7236
f 7128 7009 7127
f 7128 7010 7009
f 7238 7127 7009
f 6920 7239 7240
f 6917 7419 6678
f 7618 6679 7620
f 7422 7012 6675
f 7009 7329 7238
f 7240 7241 7014
f 6679 7129 7620
f 7130 7329 7009
f 7241 7019 7014
f 7131 7427 7129
f 7016 6838 7242
f 7130 7244 7329
f 7241 7246 7019
f 7012 7426 6839
f 7331 7017 7621
f 6748 7430 7243
f 7332 6924 7331
f 7131 7133 7245
f 7244 7020 7135
f 7130 7020 7244
f 6927 7246 7333
f 6839 7132 7025
f 7244 7135 7134
f 7025 7247 6929
f 6929 7247 7335
f 7135 7248 7134
f 7136 7133 7027
f 6929 7335 6931
f 7136 7027 7138
f 7139 6931 7434
f 7135 7137 7248
f 7139 7249 7140
f 7137 7140 7336
f 7248 7137 7336
f 7137 7032 7140
f 7253 7037 6942
f 7143 7253 6942
f 6943 7255 7146
f 7259 7148 7039
f 7259 7039 7264
f 7258 7149 7038
f 7149 7150 7041
f 7260 7264 7039
f 7151 7260 7039
f 7346 7150 7149
f 7040 7041 7151
f 7153 7260 7151
f 7155 7260 7153
f 7152 7041 7150
f 7152 7261 7043
f 7261 7265 7043
f 7043 7042 7152
f 7041 7153 7151
f 7350 7155 7156
f 7153 7045 7156
f 7153 7156 7155
f 7156 7045 7157
f 7265 7159 7043
f 7159 7047 7043
f 7158 7267 7157
f 7158 7048 7267
f 7159 7160 7047
f 7160 7050 7047
f 7052 7267 7048
f 7050 7160 7051
f 7268 7267 7052
f 7052 7053 7268
f 7053 7054 7161
f 7542 7056 6857
f 7161 7055 7269
f 7055 7162 7269
f 6770 7164 7355
f 6859 6951 7165
f 6770 7355 6773
f 7355 7356 6773
f 7162 7058 7548
f 7058 7167 7548
f 6773 7356 6952
f 7549 6861 7057
f 7549 7550 6861
f 6861 7550 7059
f 7059 7550 7060
f 7061 7358 7166
f 6862 6525 7551
f 6354 6954 7061
f 7169 7170 6955
f 7062 7457 6778
f 7170 6958 6955
f 7553 6957 6863
f 7457 7062 7361
f 6865 7362 7361
f 6865 6959 7362
f 6958 7170 7364
f 6957 7553 7360
f 7364 7365 6872
f 7459 7063 7271
f 6784 7360 7275
f 6960 7274 7171
f 6960 7276 7274
f 6962 7277 7172
f 6962 7172 7067
f 7273 6873 6961
f 7277 6965 7461
f 6873 7273 7064
f 7064 7174 7066
f 7367 6965 7368
f 7367 7280 6965
f 6876 7066 7368
f 7067 7279 7175
f 6707 7176 7065
f 7176 6878 7177
f 7462 7827 6879
f 7178 7179 7069
f 7180 7370 7177
f 7068 7182 7070
f 7069 7181 7178
f 7069 7179 6966
f 7070 7182 6792
f 7182 7284 6792
f 7184 7186 6968
f 7072 7285 7375
f 7180 6793 7185
f 7284 7074 6792
f 7073 7286 7075
f 6969 6970 7474
f 7076 7074 7289
f 6971 7291 7476
f 7078 7288 7185
f 7076 7289 7079
f 7290 7287 7187
f 6885 7189 7291
f 6970 7080 7664
f 7289 7581 7079
f 7078 6884 7188
f 6887 7581 7082
f 7378 7188 6886
f 7378 6886 7085
f 7294 7189 7084
f 7087 7298 7083
f 7293 7383 6975
f 7087 6976 7298
f 6889 7190 6894
f 7299 6890 7380
f 6890 7299 6803
f 7295 7194 7089
f 6894 7295 7089
f 6893 7481 7298
f 7088 7191 6977
f 7194 7195 7089
f 7196 7192 7088
f 7194 7196 7195
f 7091 7198 7200
f 7199 6981 7197
f 7094 7196 7102
f 7092 7201 7095
f 7196 7094 7195
f 7200 7203 7202
f 7202 7098 7204
f 7203 7098 7202
f 7200 7099 7203
f 7205 7201 7303
f 7103 7201 7205
f 7107 7199 7204
f 7098 7104 7204
f 7104 7107 7204
f 7393 7207 7208
f 7209 7393 7208
f 7206 7304 7109
f 7304 7394 7209
f 7304 7209 7111
f 7109 7304 7111
f 7111 7209 7212
f 7209 7208 7210
f 7209 7210 7211
f 7212 7209 7211
f 7111 7212 7213
f 7215 7212 7211
f 7213 7212 7215
f 7216 7213 7215
f 7214 7217 7218
f 7218 7217 7112
f 7219 7218 7112
f 7112 7220 7219
f 7112 6994 7220
f 7220 6994 7221
f 7222 7221 6994
f 7400 7221 7222
f 7491 7221 7400
f 7222 7223 7400
f 7310 7223 7113
f 7309 7224 6909
f 7113 7114 7310
f 7224 7406 7115
f 7406 7312 7115
f 7312 7116 7115
f 7118 7501 7225
f 7225 7117 7118
f 7117 7226 6998
f 7501 7118 7227
f 6998 7770 7228
f 7114 6824 7311
f 7407 6824 7410
f 7121 7231 7122
f 7604 7317 7003
f 6824 7123 7410
f 7231 7121 7314
f 7231 7124 7122
f 7230 7316 7313
f 7002 7316 7230
f 7316 7002 7005
f 7503 7232 6743
f 7314 6832 7413
f 7232 7318 6916
f 7232 6916 6743
f 7318 7234 6916
f 7319 7125 7124
f 6832 7325 7413
f 7126 7322 7415
f 7322 7126 7234
f 7508 7235 7415
f 7238 7007 7127
f 7326 7007 7238
f 7235 7126 7415
f 7125 7514 7239
f 7007 7237 7419
f 7013 7419 7518
f 7620 7129 7427
f 7245 7427 7131
f 6838 7243 7242
f 7244 7624 7329
f 7426 7132 6839
f 7247 7025 7132
f 7432 7244 7134
f 6927 7333 7433
f 6927 7433 7030
f 7136 7334 7133
f 6931 7335 7434
f 7249 7139 7434
f 7136 7138 7251
f 7251 7337 7136
f 7336 7140 7249
f 7138 7250 7251
f 7141 7339 7142
f 7252 6941 7340
f 7037 7253 6941
f 6941 7253 7340
f 7143 7341 7253
f 7143 7036 7341
f 7144 7254 7145
f 7038 7256 7258
f 7258 7256 7441
f 7144 6852 7147
f 6944 7148 7343
f 7258 7344 7149
f 7149 7344 7346
f 7346 7261 7150
f 7262 7261 7346
f 7261 7262 7263
f 7264 7260 7155
f 7261 7152 7150
f 7265 7261 7263
f 7350 7264 7155
f 7157 7352 7448
f 7448 7156 7157
f 7266 7159 7265
f 7354 7352 7157
f 7157 7267 7354
f 7353 7159 7266
f 7159 7353 7160
f 7268 7354 7267
f 7268 7053 7161
f 7051 7542 6949
f 7163 7807 7057
f 7164 6859 7547
f 7547 7355 7164
f 7547 6859 7165
f 6951 7646 7165
f 7646 6951 7166
f 7167 6862 7551
f 7057 7717 7549
f 7060 7550 7454
f 7455 6953 7060
f 7455 7168 6953
f 7358 7061 6954
f 7721 7554 7168
f 6778 7456 6525
f 7554 7169 7168
f 7457 7456 6778
f 7364 7170 7458
f 7362 6959 7363
f 6959 7270 7363
f 6872 7365 7273
f 7727 7275 7360
f 7171 7274 7272
f 7172 7278 7067
f 7275 8029 7462
f 6965 7280 7461
f 7064 7273 7174
f 7067 7278 7279
f 7066 7174 7368
f 7279 7281 7175
f 7175 7281 7068
f 7176 7177 7370
f 7281 7282 7068
f 7369 6789 7183
f 7182 7068 7282
f 7181 7739 7178
f 7178 7372 7179
f 7283 6966 7179
f 7827 7661 6879
f 6966 7283 7071
f 7470 7184 7283
f 7283 7184 7071
f 7072 7375 7739
f 7181 7072 7739
f 7184 7374 7186
f 7574 7183 6881
f 7473 7077 7186
f 7474 6881 6969
f 7289 7074 7284
f 7075 7286 7287
f 7075 7287 7290
f 6970 7664 7474
f 7376 7288 7078
f 7477 7291 7189
f 7287 7580 7187
f 7187 7580 7292
f 7081 7077 7576
f 7293 7081 7576
f 7378 7377 7188
f 7378 7085 7086
f 7082 7190 6889
f 7296 7294 7084
f 7478 7295 7190
f 7381 7086 7191
f 6894 7190 7295
f 6975 7383 7297
f 7381 7191 7088
f 7192 7381 7088
f 7296 6895 7386
f 6803 7299 7197
f 7382 7192 7300
f 7386 6895 7193
f 7384 7196 7194
f 6893 7096 7481
f 7481 7096 7588
f 7192 7196 7300
f 7091 7302 7193
f 6985 7588 7096
f 7092 7388 7389
f 7199 7197 7391
f 7091 7200 7302
f 7389 7485 7201
f 7389 7201 7092
f 7204 7199 7391
f 7301 7204 7391
f 7302 7200 7301
f 7592 6985 7108
f 7202 7204 7301
f 7200 7202 7301
f 7485 7303 7201
f 7205 7303 7206
f 7394 7393 7209
f 7214 7218 7305
f 7211 7210 7214
f 7215 7211 7307
f 7211 7214 7398
f 7214 7305 7398
f 7211 7398 7307
f 7218 7219 7306
f 7403 7307 7398
f 7215 7307 7308
f 7215 7308 7216
f 7395 7220 7490
f 7306 7220 7395
f 7219 7220 7306
f 7218 7306 7397
f 7305 7218 7397
f 7308 7307 7403
f 7491 7490 7221
f 7220 7221 7490
f 7309 7216 7308
f 7404 7492 7400
f 7223 7310 7404
f 7400 7223 7404
f 7114 7311 7310
f 7224 7499 7601
f 7224 7601 7406
f 7770 6998 7226
f 7311 6824 7407
f 7408 7409 7227
f 7229 7119 7504
f 7229 7504 7408
f 7119 7230 7313
f 7314 7315 7231
f 7231 7315 7124
f 7314 7413 7411
f 7315 7314 7411
f 7412 7315 7411
f 7124 7315 7412
f 7005 7233 7316
f 7410 7123 7317
f 7412 7319 7124
f 7234 7318 7322
f 6831 7418 6833
f 7321 7416 7322
f 7511 7321 7322
f 7416 7415 7322
f 7236 7235 7508
f 7236 7323 7324
f 7236 7320 7323
f 7324 7323 7325
f 7125 7319 7514
f 7418 6831 6915
f 7321 7237 7007
f 7007 7326 7321
f 7416 7321 7326
f 6915 7423 7418
f 7238 7420 7326
f 7328 7240 7239
f 7421 7330 7240
f 7240 7330 7241
f 7428 7241 7330
f 7241 7428 7246
f 7246 7428 7333
f 7426 7695 7132
f 6748 7332 7430
f 7624 7244 7432
f 7431 7245 7133
f 7133 7334 7527
f 7248 7336 7628
f 7337 7334 7136
f 7337 7251 7338
f 7436 7337 7338
f 7030 7438 7141
f 7251 7250 7338
f 7252 7338 7250
f 7036 7142 7339
f 7341 7440 7253
f 7146 7255 7885
f 7146 7885 7256
f 7254 7144 7342
f 7257 6765 6611
f 7443 7258 7441
f 7147 7342 7144
f 7443 7344 7258
f 7259 7264 7445
f 7345 7346 7344
f 7346 7345 7347
f 7445 7264 7350
f 7346 7347 7262
f 7263 7262 7348
f 7263 7348 7349
f 7349 7351 7263
f 7351 7265 7263
f 7351 7266 7265
f 7540 7266 7351
f 7350 7156 7448
f 7266 7540 7353
f 7354 7450 7352
f 7160 7353 7896
f 7160 7896 7051
f 7896 7542 7051
f 7354 7268 7451
f 7268 7161 7451
f 7161 7269 7451
f 7451 7269 7545
f 7056 7807 7163
f 7646 7547 7165
f 7646 7166 7357
f 7357 7166 7358
f 7356 7453 6952
f 7060 7454 7455
f 7551 6525 7456
f 7453 7553 6952
f 6863 6952 7553
f 7169 7724 7170
f 7170 7724 7458
f 6868 7359 6954
f 7458 7365 7364
f 7459 6868 7063
f 7273 7365 7655
f 7274 7558 7272
f 7274 7559 7558
f 7274 7276 7559
f 7559 7276 7460
f 7276 6963 7460
f 7172 7561 7278
f 7460 6963 7565
f 7561 7463 7278
f 7461 7280 7564
f 7273 7464 7174
f 7278 7463 7279
f 7564 7280 7366
f 6963 7065 7565
f 7367 7366 7280
f 7368 7174 7468
f 7174 7464 7468
f 7467 7279 7463
f 7568 7367 7368
f 7468 7568 7368
f 7279 7467 7281
f 7176 7565 7065
f 7282 7281 7467
f 7178 7739 7372
f 7372 7371 7469
f 7372 7469 7179
f 7179 7469 7283
f 7469 7470 7283
f 7470 7374 7184
f 7370 7180 7373
f 7473 7186 7374
f 7180 7185 7373
f 7285 7472 7375
f 7661 7286 7073
f 7473 7663 7077
f 7291 7477 7843
f 7376 7188 7377
f 7078 7188 7376
f 7581 7478 7082
f 7294 7477 7189
f 7478 7190 7082
f 7381 7378 7086
f 7379 7378 7381
f 7379 7381 7382
f 7480 7194 7295
f 7478 7480 7295
f 7294 7296 7386
f 7192 7382 7381
f 7479 7384 7586
f 7387 7299 7482
f 7300 7479 7382
f 7384 7479 7300
f 7385 7386 7193
f 7299 7387 7197
f 7388 7092 7297
f 7384 7300 7196
f 7592 7588 6985
f 7391 7197 7387
f 7302 7301 7390
f 7390 7301 7391
f 7485 7392 7303
f 7486 7108 7207
f 7486 7207 7393
f 7487 7304 7303
f 7394 7488 7393
f 7487 7394 7304
f 7206 7303 7304
f 7490 7489 7395
f 7396 7306 7395
f 7397 7306 7396
f 7399 7305 7397
f 7492 7491 7400
f 7399 7401 7305
f 7398 7305 7401
f 7402 7398 7401
f 7398 7402 7403
f 7309 7308 7498
f 7309 7498 7224
f 7310 7405 7404
f 7224 7498 7499
f 7310 7311 7405
f 7406 7500 7312
f 7120 7500 7683
f 7312 7500 7120
f 7770 7604 7228
f 7227 7409 7602
f 7119 7313 7504
f 7316 7505 7313
f 7318 7507 7414
f 7319 7412 7510
f 7414 7322 7318
f 7414 7415 7512
f 7508 7415 7414
f 7607 7320 7236
f 7323 7513 7413
f 7326 7512 7416
f 7414 7511 7322
f 7416 7512 7415
f 7417 7323 7320
f 7413 7325 7323
f 7511 7237 7321
f 7417 7421 7328
f 7617 7417 7328
f 7328 7421 7240
f 7328 7614 7617
f 7328 7239 7614
f 7614 7239 7514
f 7327 7418 7422
f 7419 7237 7518
f 7421 7424 7330
f 7016 7423 6919
f 7238 7329 7420
f 7422 7693 7012
f 7520 7013 7518
f 7425 7522 7428
f 7424 7425 7330
f 7330 7425 7428
f 7243 7623 7242
f 7333 7428 7429
f 7428 7522 7429
f 7526 7433 7333
f 7133 7527 7431
f 7247 7985 7335
f 7434 7628 7249
f 7134 7248 7628
f 7628 7336 7249
f 7334 7337 7435
f 7030 7433 7438
f 7436 7435 7337
f 7437 7141 7438
f 7437 7339 7141
f 7436 7338 7439
f 7439 7338 7252
f 7340 7439 7252
f 7340 7253 7440
f 7036 7339 7341
f 7257 6611 7255
f 7256 7885 7441
f 7147 8728 8086
f 7343 7637 7704
f 7343 7442 7637
f 7259 7442 7148
f 7148 7442 7343
f 7444 7344 7443
f 7444 7345 7344
f 7348 7262 7347
f 7349 7348 7446
f 7348 7347 7446
f 7447 7445 7350
f 7349 7446 7351
f 7351 7446 7538
f 7539 7351 7538
f 7540 7351 7539
f 7350 7448 7447
f 7449 7352 7450
f 7353 7541 7896
f 7543 7450 7354
f 7543 7354 7451
f 7542 7452 7056
f 7056 7452 7807
f 7355 7547 7809
f 7809 7356 7355
f 7717 7057 7807
f 7455 7721 7168
f 7554 7906 7169
f 7169 7906 7724
f 7362 7555 7361
f 7362 7363 7555
f 7557 7270 7272
f 7465 7271 7173
f 7565 7560 7460
f 7172 7562 7561
f 7277 7461 7172
f 7172 7461 7562
f 7655 7657 7273
f 7273 7657 7464
f 7462 8029 7827
f 7366 7367 7566
f 7463 7563 7467
f 7568 7566 7367
f 7176 7466 7565
f 7659 7467 7563
f 7659 7282 7467
f 7573 7282 7659
f 7373 7176 7370
f 7739 7571 7372
f 7372 7571 7371
f 7282 7573 7182
f 7931 7470 7469
f 7470 7931 7471
f 7470 7471 7374
f 7182 7573 7284
f 7745 7284 7573
f 7476 7472 7285
f 7745 7289 7284
f 7288 7575 7185
f 7742 7287 7286
f 7843 7476 7291
f 7288 7376 7578
f 7379 7578 7376
f 7379 7376 7377
f 7380 7292 7580
f 7668 7477 7294
f 7293 7576 7579
f 7293 7579 7383
f 7378 7379 7377
f 7586 7379 7479
f 7479 7379 7382
f 7583 7480 7478
f 7083 7298 7587
f 7380 7667 7299
f 7482 7299 7667
f 7386 7670 7294
f 7384 7480 7586
f 7194 7480 7384
f 7671 7297 7383
f 7670 7386 7385
f 7671 7388 7297
f 7385 7193 7589
f 7193 7302 7589
f 7387 7482 7483
f 7592 7591 7588
f 7483 7391 7387
f 7390 7391 7483
f 7302 7390 7589
f 7389 7484 7485
f 7485 7484 7392
f 7108 7486 7592
f 7488 7593 7486
f 7488 7486 7393
f 7487 7488 7394
f 7490 7491 7594
f 7396 7595 7397
f 7397 7493 7399
f 7596 7491 7492
f 7401 7493 7494
f 7401 7399 7493
f 7494 7495 7401
f 7402 7401 7495
f 7404 7761 7492
f 7403 7402 7497
f 7403 7497 7308
f 7497 7498 7308
f 7402 7495 7598
f 7496 7402 7598
f 7311 7407 7405
f 7406 7601 7500
f 7501 7227 7602
f 7776 7408 7504
f 7409 7408 7502
f 7408 7776 7502
f 7682 7407 7410
f 7503 7120 7683
f 7504 7313 7603
f 7313 7505 7603
f 7232 7605 7506
f 7503 7605 7232
f 7685 7317 7604
f 7317 7685 7410
f 7318 7506 7507
f 7232 7506 7318
f 7686 7607 7508
f 7509 7411 7413
f 7507 7508 7414
f 7607 7236 7508
f 7413 7513 7509
f 7509 7510 7411
f 7411 7510 7412
f 7512 7511 7414
f 7607 7608 7320
f 7608 7610 7320
f 7319 7510 7514
f 7326 7420 7512
f 7320 7610 7417
f 7610 7616 7417
f 7323 7417 7513
f 7513 7417 7617
f 7515 7421 7616
f 7616 7421 7417
f 7421 7515 7424
f 7418 7516 7422
f 7418 7423 7516
f 7423 7517 7516
f 7425 7515 7519
f 7424 7515 7425
f 7517 7423 7016
f 7619 7618 7620
f 7420 7329 7691
f 7691 7329 7878
f 7425 7519 7522
f 7622 7522 7519
f 7620 7427 7521
f 7012 7693 7426
f 7520 7621 7013
f 7245 7521 7427
f 7242 7696 7016
f 7242 7623 7789
f 7332 7331 7790
f 7622 7523 7524
f 7622 7429 7522
f 7622 7524 7429
f 7243 7430 7623
f 7332 7699 7430
f 7524 7523 7525
f 7524 7525 7526
f 7429 7526 7333
f 7429 7524 7526
f 7247 7132 7983
f 7700 7432 7134
f 7985 7626 7335
f 7628 7791 7134
f 7525 7528 7526
f 7335 7626 7434
f 7528 7629 7529
f 7526 7528 7529
f 7435 7527 7334
f 7529 7629 7530
f 7433 7529 7438
f 7433 7526 7529
f 7530 7629 7633
f 7529 7530 7438
f 7435 7436 7630
f 7530 7633 7533
f 7533 7437 7530
f 7438 7530 7437
f 7531 7630 7436
f 7631 7630 7531
f 7532 7339 7533
f 7437 7533 7339
f 7531 7436 7439
f 7534 7631 7531
f 7534 7339 7532
f 7440 7439 7340
f 7531 7439 7440
f 7534 7531 7440
f 7341 7534 7440
f 7339 7534 7341
f 6611 7884 8977
f 7443 7441 7535
f 7443 7535 7444
f 7147 8086 7342
f 7638 7442 7259
f 7638 7259 7445
f 7639 7345 7444
f 7536 7345 7639
f 7638 7445 7640
f 7347 7345 7536
f 7445 7447 7640
f 7537 7446 7536
f 7446 7347 7536
f 7537 7538 7446
f 7539 7645 7540
f 7540 8097 7541
f 7353 7540 7541
f 7543 7451 7544
f 7451 7545 7544
f 7545 7269 7546
f 7546 7269 7162
f 7162 7548 7546
f 7356 7809 7647
f 7356 7647 7453
f 7717 7648 7549
f 7167 7551 7720
f 7552 7553 7453
f 7650 7551 7456
f 7650 7456 7651
f 7456 7457 7651
f 7457 7361 7651
f 7555 7363 7652
f 7359 6868 7459
f 7652 7363 7270
f 7726 7655 7365
f 7556 7270 7557
f 7557 7272 7558
f 7559 7730 7558
f 7559 7729 7730
f 7559 7460 7560
f 7727 8029 7275
f 8024 7271 7465
f 7561 7562 7654
f 7461 7564 7562
f 7561 7563 7463
f 7464 7567 7468
f 7568 7736 7566
f 7176 7569 7466
f 7659 7660 7573
f 7740 7661 7827
f 7738 7176 7373
f 7571 7570 7572
f 7571 7572 7371
f 7371 7572 7469
f 7572 7931 7469
f 7473 7374 7471
f 7373 7662 7741
f 7743 7375 7472
f 7661 7742 7286
f 7473 7746 7663
f 7575 7373 7185
f 7474 7664 7475
f 7840 7472 7476
f 7665 7575 7288
f 7663 7576 7077
f 7748 7751 7289
f 7581 7289 7751
f 7080 7845 7664
f 7578 7665 7288
f 7580 7287 7577
f 7847 7843 7477
f 7379 7666 7578
f 7083 7845 7080
f 7586 7666 7379
f 7583 7581 7582
f 7581 7583 7478
f 7380 7580 7667
f 7847 7477 7668
f 7083 7587 7584
f 7670 7668 7294
f 7579 7671 7383
f 7480 7585 7586
f 7583 7585 7480
f 7298 7481 7587
f 7588 7591 7481
f 7385 7589 7590
f 7756 7484 7388
f 7388 7484 7389
f 7590 7589 7390
f 7593 7592 7486
f 7673 7593 7488
f 7488 7487 7673
f 7392 7487 7303
f 7758 7490 7594
f 7489 7490 7758
f 7395 7489 7674
f 7395 7674 7396
f 7594 7491 7596
f 7397 7595 7493
f 7493 7595 7597
f 7761 7862 7596
f 7492 7761 7596
f 7493 7597 7494
f 7761 7404 7405
f 7597 7599 7495
f 7597 7495 7494
f 7598 7495 7599
f 7600 7598 7599
f 7498 7497 7499
f 7600 7677 7598
f 7497 7402 7496
f 7496 7598 7677
f 7601 7499 7678
f 7117 7225 7679
f 7226 7117 7679
f 7601 7678 7680
f 7680 7500 7601
f 7683 7605 7503
f 7776 7504 7603
f 7603 7505 7779
f 7410 7685 7774
f 7506 7605 7606
f 7316 8072 7505
f 7505 8072 7779
f 7506 7686 7507
f 7686 7506 7606
f 7316 7233 8072
f 7507 7686 7508
f 7509 7513 7611
f 7611 7612 7509
f 7509 7612 7510
f 7609 7613 7511
f 7609 7511 7512
f 7609 7512 7688
f 7688 7512 7420
f 7513 7614 7611
f 7510 7612 7514
f 7511 7613 7615
f 7513 7617 7614
f 7612 7611 7614
f 7612 7614 7514
f 7237 7615 7690
f 7511 7615 7237
f 7515 7967 7519
f 7237 7690 7518
f 7518 7690 7873
f 7873 7520 7518
f 7976 7520 7873
f 7329 7977 7878
f 7329 7624 7977
f 7694 7016 7696
f 7695 7697 7132
f 7983 7132 7697
f 7430 7698 7623
f 7332 7790 7699
f 7624 7700 8164
f 7700 7624 7432
f 7247 7983 7985
f 7625 7792 7528
f 7525 7625 7528
f 7528 7792 7629
f 7627 7434 7626
f 7628 7434 7627
f 7633 7629 7792
f 7634 7631 7635
f 7632 7634 7635
f 7633 7632 7635
f 7533 7633 7635
f 7635 7631 7532
f 7533 7635 7532
f 7532 7631 7534
f 7254 7636 7145
f 7145 7636 7701
f 7254 7342 7636
f 7636 7342 7702
f 7342 8086 7702
f 7442 7705 7637
f 7705 7442 7638
f 7641 7536 7639
f 7641 7642 7536
f 7537 7536 7642
f 7537 7642 7538
f 7642 7643 7538
f 7644 7538 7643
f 7538 7644 7539
f 7539 7644 7645
f 7447 7448 7712
f 7448 7711 7712
f 7352 7711 7448
f 7645 8097 7540
f 7352 7449 7711
f 7711 7449 7713
f 7713 7449 7714
f 7714 7449 7450
f 7450 7543 7714
f 7542 7804 7452
f 7548 7719 7546
f 7548 7167 7719
f 7453 7718 7552
f 7167 7720 7719
f 7549 7648 7649
f 7550 7549 7649
f 7550 7649 7454
f 7720 7551 7650
f 7454 7812 7455
f 7812 7721 7455
f 7358 6954 7723
f 7554 7905 7906
f 7359 7723 6954
f 7908 7458 7724
f 7270 7556 7652
f 7911 7725 7365
f 7728 7556 7557
f 7558 7728 7557
f 7730 7728 7558
f 7560 7729 7559
f 7653 7816 7732
f 7653 7732 7563
f 7654 7563 7561
f 7654 7653 7563
f 7654 7733 7653
f 7654 7562 7733
f 7733 7562 7564
f 7656 7733 7564
f 7560 7565 7731
f 7659 7563 7732
f 7731 7565 7466
f 7564 7366 7656
f 7366 7566 7735
f 7656 7366 7735
f 7567 7464 7657
f 7566 7736 7735
f 7468 7567 7658
f 7658 7568 7468
f 7658 7736 7568
f 7176 7738 7569
f 7571 7739 7737
f 7571 7737 7570
f 7375 7933 7739
f 7738 7373 7741
f 7743 7933 7375
f 7475 7574 6881
f 6881 7474 7475
f 7662 7373 7575
f 7575 7744 7662
f 7665 7744 7575
f 7749 7744 7665
f 7748 7289 7745
f 7287 7742 7577
f 7840 7476 7843
f 7749 7665 7578
f 7749 7578 7666
f 7750 7666 7582
f 7667 7580 7577
f 7582 7666 7585
f 7581 7751 7582
f 7585 7666 7586
f 7583 7582 7585
f 7579 7844 7671
f 7584 7587 7939
f 7482 7667 7669
f 7482 7669 7483
f 7483 7669 7754
f 7591 7587 7481
f 7850 7670 7385
f 7755 7483 7754
f 7850 7385 7590
f 7388 7942 7756
f 7755 7390 7483
f 7390 7755 7590
f 7756 7672 7484
f 7593 7591 7592
f 7757 7392 7672
f 7672 7392 7484
f 7392 7757 7487
f 7859 7674 7489
f 7758 7594 7858
f 7396 7863 7595
f 7396 7674 7863
f 7675 7596 7862
f 7762 7599 7597
f 7405 7957 7761
f 7864 7957 7405
f 7407 7864 7405
f 7676 7600 7599
f 7677 7600 7676
f 7497 7678 7499
f 7764 7677 7676
f 7497 7496 7678
f 7764 7765 7677
f 7496 7677 7765
f 7496 7767 7678
f 7501 7681 7225
f 7765 7767 7496
f 7681 7501 7602
f 7680 7683 7500
f 7769 7683 7680
f 7602 7409 7684
f 7409 7502 7684
f 7682 7410 7774
f 7683 7769 7605
f 7686 7777 7607
f 7777 7867 7607
f 7867 7608 7607
f 7233 7781 8072
f 7609 7687 7613
f 7688 7780 7687
f 7609 7688 7687
f 7233 7689 7781
f 7516 7692 7422
f 7516 7517 7692
f 7619 7620 7874
f 7692 7693 7422
f 7517 7016 7694
f 7874 7620 7521
f 7877 7621 7520
f 7980 7521 7245
f 7245 7431 7980
f 7242 7789 7696
f 7523 7622 7978
f 7623 7882 7789
f 7623 7698 7882
f 7698 7430 7699
f 7523 7625 7525
f 7791 7700 7134
f 7625 7986 7792
f 7527 7435 7793
f 7793 7435 7794
f 7435 7630 7794
f 7631 7634 7794
f 7145 7701 6690
f 6611 8174 7255
f 7441 7885 7991
f 7535 7441 7991
f 7444 7535 7703
f 7535 8441 7703
f 7706 7705 7638
f 7703 7639 7444
f 7707 7639 7703
f 7707 7797 7639
f 7638 7640 7706
f 7797 7641 7639
f 7708 7641 7797
f 7708 7642 7641
f 7709 7642 7708
f 7710 7643 7709
f 7643 7642 7709
f 7643 7710 7644
f 7640 7447 7800
f 7447 7712 7800
f 7714 7543 7715
f 7896 7804 7542
f 7543 7544 7715
f 7544 7545 7803
f 7803 7545 7805
f 7545 7546 7805
f 7546 7716 7805
f 7716 7546 7719
f 7646 7808 7547
f 7809 7547 7808
f 7646 7357 7808
f 7647 7718 7453
f 7454 7649 7811
f 7721 7722 7554
f 7554 7722 7905
f 7651 7903 7650
f 7361 8010 7651
f 7361 7555 8010
f 7727 7360 8014
f 7908 8013 7458
f 7458 8013 7365
f 7365 7725 7726
f 8466 8029 7727
f 7729 7560 7814
f 7560 7731 7814
f 7653 7817 7816
f 7816 7815 7732
f 7817 7653 7733
f 7657 7655 7819
f 7569 7820 7731
f 7822 7657 7819
f 7731 7466 7569
f 7659 7732 7821
f 7734 7656 7735
f 7734 7735 7825
f 7826 7657 7822
f 7657 7826 7567
f 7826 7736 7658
f 7826 7658 7567
f 7660 7659 7831
f 7569 7738 7829
f 7738 7833 7829
f 7737 7739 7927
f 7737 7832 7570
f 7570 7832 7572
f 7832 7931 7572
f 8133 7661 7740
f 7660 7838 7573
f 7739 7933 7927
f 8133 7742 7661
f 7662 7837 7741
f 7745 7573 7838
f 7747 7837 7662
f 7747 7662 7744
f 7743 7472 7840
f 7747 7744 7749
f 7750 7747 7749
f 7842 7747 7750
f 7475 7664 7935
f 7748 7745 7841
f 7666 7750 7749
f 7841 7842 7748
f 7937 7840 7843
f 7842 7750 7751
f 7748 7842 7751
f 7579 7576 8044
f 7844 7579 8044
f 7751 7750 7582
f 7083 7584 7845
f 7846 7669 7667
f 7939 7587 7753
f 7849 7754 7669
f 7670 7752 7668
f 7752 7670 7850
f 7591 7753 7587
f 7848 7755 7754
f 7942 7388 7671
f 7851 7591 7593
f 7757 7672 7853
f 7673 7851 7593
f 7757 7853 7673
f 7487 7757 7673
f 7859 7489 7758
f 7859 7759 7674
f 7674 7759 7863
f 7594 7596 7675
f 7858 7594 7675
f 7762 7597 7595
f 7762 7959 7599
f 7959 7676 7599
f 7407 7763 7864
f 7763 7407 7682
f 7225 7865 7679
f 7865 7225 7681
f 7764 7766 7765
f 7768 7680 7678
f 7765 7766 7767
f 7767 7766 7775
f 7678 7767 7768
f 7769 7680 7768
f 7771 7768 7767
f 7772 7768 7771
f 7769 7768 7772
f 7773 7604 7770
f 7687 7767 7775
f 7771 7767 7687
f 7769 7772 7605
f 7604 7773 7685
f 7780 7771 7687
f 7772 7606 7605
f 7772 7777 7606
f 7772 7771 7777
f 7687 7775 7613
f 7606 7777 7686
f 7867 7777 7778
f 7867 8071 7608
f 7780 7688 7970
f 7965 7610 8071
f 7610 7608 8071
f 7781 7689 7969
f 7515 7616 7965
f 7965 7616 7610
f 7420 7970 7688
f 7420 7691 7970
f 7689 7618 7782
f 7782 7618 7619
f 7783 7690 7615
f 7967 7871 7519
f 7784 7692 7517
f 7785 7784 7517
f 7692 7875 7693
f 7875 7879 7693
f 7517 7694 7785
f 7520 7976 7877
f 7519 7871 7622
f 7426 7693 7879
f 7622 7871 7978
f 7521 7980 7979
f 7426 7879 7695
f 7786 7694 7787
f 7787 7694 7696
f 7695 7786 7697
f 7697 7786 7787
f 7787 7696 7788
f 7789 7788 7696
f 7331 7621 7790
f 7877 7790 7621
f 7523 7978 7625
f 7787 7788 7697
f 7789 8078 7788
f 7881 7697 7788
f 7983 7697 7881
f 7699 7982 7698
f 7791 7628 7627
f 7632 7633 7792
f 7989 7634 7632
f 7631 7794 7630
f 7989 7794 7634
f 7636 7795 7701
f 7885 7255 8439
f 7636 7702 7795
f 7535 7991 8441
f 7703 7887 7707
f 8086 8728 8524
f 7796 7797 7707
f 7797 7799 7708
f 7799 7797 7798
f 7800 7706 7640
f 7708 7799 7709
f 7710 7709 7801
f 7710 7892 7644
f 7893 7645 7892
f 7892 7645 7644
f 7711 7894 7712
f 7711 7713 7894
f 7715 7544 7802
f 7802 7544 7803
f 7804 7806 7452
f 7452 7806 7807
f 7716 7719 7901
f 7808 7357 7810
f 7719 7720 7901
f 7357 7358 8188
f 7454 7811 7812
f 8192 7720 7650
f 7812 7904 7721
f 7723 8188 7358
f 7903 7651 7907
f 8014 7360 7553
f 7651 8010 7907
f 8010 7555 8012
f 7365 8013 7911
f 7556 7909 7652
f 7725 7813 7726
f 8024 7459 7271
f 7728 7730 7913
f 7729 7913 7730
f 7726 7813 7655
f 7729 7914 7913
f 7814 7914 7729
f 7916 7815 7816
f 7819 7655 7813
f 7915 7814 7731
f 7819 7813 8028
f 7820 7915 7731
f 7820 7823 7915
f 7732 7815 7821
f 7733 7818 7817
f 7734 7818 7733
f 7733 7656 7734
f 7925 7821 7920
f 7819 7923 7822
f 7831 7821 7925
f 7820 7569 7829
f 7823 7820 7829
f 7821 7831 7659
f 7734 7825 7824
f 7736 7828 7735
f 7826 7828 7736
f 7823 7829 7924
f 7924 7829 7830
f 7924 7830 7926
f 7660 7831 7930
f 7829 7833 7830
f 7737 7927 7928
f 7928 7832 7737
f 7369 7183 8131
f 7830 7833 7834
f 7183 7574 8131
f 7833 7738 7741
f 7834 7833 7741
f 7926 7830 7834
f 7838 7660 7930
f 7927 7933 8040
f 7574 8130 8131
f 7834 7741 7837
f 7839 7926 7834
f 7574 7475 8130
f 7475 7836 8130
f 7742 8133 7835
f 7834 7837 7842
f 7839 7834 7841
f 7841 7834 7842
f 7838 7839 7745
f 7842 7837 7747
f 7475 7935 7836
f 7745 7839 7841
f 7663 7746 7936
f 7937 7934 7840
f 7576 7663 7936
f 7576 7936 8044
f 7937 7843 8045
f 8045 7843 7847
f 7667 7577 7846
f 8047 7847 7668
f 7938 7849 7846
f 7669 7846 7849
f 7844 7940 7671
f 7753 8048 7939
f 7941 7848 7849
f 7850 8138 7752
f 7851 7753 7591
f 7848 7754 7849
f 8051 7755 7848
f 8138 7850 8051
f 8051 7590 7755
f 7850 7590 8051
f 7942 7852 7756
f 7852 7943 7756
f 7853 8140 7851
f 7756 7943 7672
f 7943 7853 7672
f 7853 7851 7673
f 7854 7855 7945
f 7856 7855 7854
f 7950 7855 7948
f 7856 7948 7855
f 7952 8058 7857
f 8058 7950 7857
f 7952 7858 7860
f 7857 7859 7952
f 7859 7858 7952
f 7955 7859 7857
f 7859 7758 7858
f 7858 7675 7860
f 7955 7759 7859
f 7860 7675 7861
f 7861 7675 7862
f 7760 7595 7863
f 7761 7956 7862
f 7956 7761 7957
f 7959 8065 7676
f 7763 7682 8231
f 7226 7679 7960
f 7679 7865 7960
f 7681 8151 7865
f 7226 7960 7770
f 8231 7682 7961
f 7682 7774 7961
f 7602 7684 7962
f 7964 7775 7766
f 7684 7502 7963
f 7962 7684 7963
f 7603 7868 7776
f 7502 7776 7868
f 7868 7963 7502
f 7866 7780 8073
f 7866 7771 7780
f 7866 7777 7771
f 7778 7777 7866
f 7603 7779 7868
f 8070 7774 7685
f 8070 7685 7773
f 7775 7964 7613
f 7964 7966 7613
f 7966 7615 7613
f 7966 7783 7615
f 7965 7967 7515
f 7782 7969 7689
f 7869 7690 7783
f 7872 7690 7869
f 7872 7873 7690
f 7878 7870 7691
f 7692 7784 7875
f 7784 7785 7875
f 7879 7875 7876
f 7876 7875 7785
f 7874 7521 7979
f 7785 7694 7876
f 7786 7879 7876
f 7694 7786 7876
f 7879 7786 7695
f 7625 7978 7880
f 7788 8078 7881
f 7698 7883 7882
f 7698 7982 7883
f 7982 7699 7790
f 8081 7986 7625
f 7431 7527 7987
f 7632 7988 7989
f 7988 7632 7792
f 7795 7702 8176
f 8977 8174 6611
f 7703 8441 8175
f 7703 8175 7887
f 7796 7707 7886
f 7707 7887 7886
f 8084 7796 7886
f 7702 8086 8176
f 7637 8178 7704
f 7706 7992 7705
f 7705 7992 7637
f 7888 7992 7706
f 7888 7706 7800
f 7798 7797 7796
f 7889 7798 7796
f 7890 7798 7889
f 7799 7798 7891
f 7891 7798 7890
f 7801 7892 7710
f 7893 7892 7994
f 7645 7893 7995
f 7894 7713 8181
f 7645 7995 8097
f 8181 7713 7714
f 8097 7895 7541
f 7541 7895 7896
f 7804 7896 7897
f 7804 7897 7898
f 7803 7805 7999
f 7999 7805 8003
f 7804 7898 7806
f 7898 8001 7806
f 7805 7716 8003
f 8002 7806 8001
f 7806 8002 7807
f 8003 7716 7901
f 7807 8002 7717
f 7647 7809 7899
f 7809 7808 7899
f 7718 7647 7899
f 7717 8002 7900
f 7717 7900 7648
f 7357 8188 7810
f 7552 7718 8455
f 7649 7648 7900
f 7902 7649 7900
f 7901 7720 8192
f 7811 7649 7902
f 7723 8275 8188
f 7721 7904 7722
f 7724 7906 8008
f 7553 7552 8014
f 7908 7724 8008
f 7910 7359 7459
f 7555 7652 8012
f 7652 7909 8012
f 8466 7727 8014
f 7909 7556 7912
f 7911 8023 7725
f 7556 7728 7912
f 7912 7728 8025
f 7813 7725 8023
f 7728 7913 8025
f 8025 7913 7914
f 7915 7914 7814
f 7816 7917 7916
f 7815 7916 7918
f 7816 7817 7818
f 7816 7818 7917
f 7813 8026 8028
f 7919 7915 7823
f 7815 7918 7821
f 7922 7919 7823
f 7918 7920 7821
f 7818 7734 7921
f 8028 7923 7819
f 8129 7827 8029
f 8024 7465 8124
f 7925 7920 7922
f 8039 7921 7824
f 7921 7734 7824
f 8124 7465 7369
f 7925 7922 7929
f 7825 7828 7923
f 7822 7828 7826
f 7923 7828 7822
f 8129 7740 7827
f 7825 7735 7828
f 7922 7823 7924
f 7929 7922 7924
f 7925 7929 7930
f 7925 7930 7831
f 7929 7924 7926
f 7930 7929 7839
f 7932 7931 7832
f 7839 7929 7926
f 7931 7932 7471
f 7838 7930 7839
f 7835 8308 7742
f 7840 7934 7743
f 7471 7746 7473
f 7664 8311 7935
f 7936 8134 8044
f 7742 8308 8310
f 7742 8310 7577
f 7664 7845 8311
f 8311 7845 7584
f 8219 7844 8044
f 7577 8217 7846
f 7847 8047 8045
f 8046 7941 7938
f 8047 7668 7752
f 7849 7938 7941
f 7941 8050 7848
f 8136 7753 8139
f 8047 7752 8138
f 7940 7942 7671
f 7753 7851 8139
f 7942 7940 7852
f 8140 8139 7851
f 7943 8142 7853
f 8053 8052 7945
f 7854 7945 8052
f 7944 7854 8143
f 7856 7854 7944
f 7944 7946 7856
f 7945 8054 8053
f 7947 8054 7945
f 7855 7947 7945
f 7948 7856 7946
f 7951 7948 7946
f 7949 7947 7855
f 7949 7855 7950
f 7950 8058 7949
f 7950 7948 7953
f 8057 8058 7952
f 7951 7953 7948
f 7953 7857 7950
f 7954 7857 7953
f 7954 7955 7857
f 7955 7954 8061
f 7955 8061 7759
f 7759 8062 7863
f 7956 7861 7862
f 8149 7595 7760
f 8149 7762 7595
f 7958 7959 7762
f 7957 7864 8230
f 8230 7864 7763
f 8065 8066 7676
f 7764 7676 8066
f 8066 7766 7764
f 8328 7770 7960
f 8328 8234 7770
f 7681 7602 7962
f 8157 7964 7766
f 8234 7773 7770
f 8067 8068 7866
f 7778 7866 8068
f 7774 8070 7961
f 8067 7866 8073
f 7868 7779 8241
f 8238 8070 7773
f 7965 8071 7968
f 7779 8072 8241
f 8073 7780 7970
f 7967 7968 8243
f 7965 7968 7967
f 7870 7971 7970
f 7970 7971 7869
f 7691 7870 7970
f 7872 7869 7971
f 7872 7971 7972
f 7972 7971 7870
f 7972 7973 7974
f 7972 7974 7872
f 7872 7974 7873
f 7973 7972 7870
f 8076 7873 7974
f 8076 7976 7873
f 7619 7874 8339
f 8162 7975 7878
f 7878 7975 7870
f 8161 7877 7976
f 7874 7979 8340
f 7878 7977 8162
f 7978 7871 8163
f 7624 8164 7977
f 7790 7877 8168
f 7882 7981 7789
f 8168 7982 7790
f 8081 7625 7880
f 8078 7983 7881
f 7981 7882 7984
f 7882 7883 7984
f 7791 8080 7700
f 8172 7627 7626
f 7791 7627 8172
f 8350 7791 8172
f 7527 7793 7987
f 6690 7701 8438
f 6690 8438 9056
f 6690 9056 7884
f 7255 8174 8439
f 7887 8175 7886
f 7796 8084 7990
f 7637 7992 8178
f 7796 7990 7889
f 7889 7990 8088
f 7888 7800 8091
f 8090 7890 7889
f 8088 8090 7889
f 8091 7800 7993
f 7993 8093 8091
f 7799 8092 7709
f 7891 8092 7799
f 8092 7801 7709
f 7801 8094 7892
f 7800 7712 7993
f 7892 8094 7994
f 8094 8095 7994
f 7993 7712 8180
f 8180 7712 7894
f 7893 7994 7995
f 8184 8181 7714
f 8184 7714 7715
f 7895 7996 7896
f 7896 7996 7897
f 7996 7997 7897
f 7997 7998 7897
f 7802 7803 7999
f 7898 7897 7998
f 8101 7898 7998
f 7898 8000 8001
f 8101 8000 7898
f 7808 7810 8102
f 8002 8187 7900
f 7900 8187 7902
f 8104 7901 8192
f 7812 7811 8005
f 7811 8004 8005
f 8004 7811 7902
f 7812 8005 7904
f 7650 7903 8192
f 7904 8005 8107
f 7904 8107 7722
f 8006 7905 8107
f 7905 7722 8107
f 7905 8006 7906
f 8110 7903 7907
f 7906 8006 8008
f 8009 8110 7907
f 7908 8008 8011
f 7907 8010 8009
f 7908 8011 8013
f 8013 8119 7911
f 8019 8016 8015
f 8017 7909 7912
f 8017 7912 8018
f 8117 8019 8015
f 7911 8119 8022
f 8020 8016 8019
f 7911 8022 8023
f 8019 8021 8020
f 8122 7910 7459
f 7912 8025 8018
f 8121 8120 8020
f 8022 8026 8023
f 8024 8122 7459
f 8026 7813 8023
f 8027 7914 7915
f 8030 8027 7915
f 8030 7915 7919
f 7918 7916 8033
f 7916 7818 8033
f 7916 7917 7818
f 7919 8031 8030
f 7919 8032 8031
f 7918 8033 8036
f 8034 7818 7921
f 7919 7922 8032
f 7922 8035 8032
f 8035 7920 8036
f 7920 7918 8036
f 7920 8035 7922
f 7923 8028 8037
f 8038 7923 8037
f 7825 8038 7824
f 7824 8038 8039
f 8038 7825 7923
f 8124 7369 8131
f 7927 8132 7928
f 8214 7832 7928
f 8214 7932 7832
f 8040 7933 8215
f 8215 7933 7743
f 7934 8215 7743
f 7471 8041 7746
f 7746 8041 7936
f 8043 8042 7934
f 7934 7937 8043
f 8043 7937 8045
f 8045 8221 8043
f 8044 8134 8219
f 7577 8310 8217
f 8217 7938 7846
f 7939 8048 7584
f 7844 8219 7940
f 7941 8137 8050
f 8050 8049 8220
f 7753 8136 8048
f 8220 8051 8050
f 8138 8051 8220
f 8051 7848 8050
f 8141 8142 7943
f 8142 8140 7853
f 8143 7854 8052
f 8223 7946 7944
f 7951 7946 8055
f 8056 7947 7949
f 7949 8058 8056
f 8058 8057 8056
f 8059 7951 8055
f 7860 8060 8057
f 8146 8059 8055
f 7952 7860 8057
f 8145 7954 7953
f 8145 7953 7951
f 8059 8145 7951
f 7954 8145 8061
f 8061 8145 8147
f 8227 8061 8147
f 7861 8060 7860
f 8062 7759 8061
f 8062 8061 8227
f 8229 7760 7863
f 7956 8063 7861
f 7762 8064 7958
f 7958 8065 7959
f 7865 8150 7960
f 8157 7766 8066
f 7865 8151 8150
f 8151 7681 7962
f 8068 8067 8153
f 7778 8068 8155
f 7867 7778 8156
f 7778 8155 8156
f 7962 7963 8069
f 8234 8238 7773
f 8156 8071 7867
f 7963 7868 8242
f 7868 8335 8242
f 8242 8069 7963
f 7868 8241 8335
f 8159 7964 8157
f 7964 8159 7966
f 8159 8074 7966
f 7966 8074 8075
f 7966 8075 7783
f 8073 7970 8075
f 7783 8075 7869
f 7970 7869 8075
f 8243 8246 7967
f 7967 8246 7871
f 7782 7619 8339
f 8076 7974 7973
f 8076 7973 7975
f 7973 7870 7975
f 8077 8076 7975
f 8340 8339 7874
f 7976 8077 8161
f 8077 7976 8076
f 8077 7975 8162
f 8248 8340 7979
f 7977 8164 8162
f 8166 7978 8165
f 8166 7880 7978
f 7979 7980 8251
f 7700 8080 8164
f 8251 7980 8169
f 8169 7980 7431
f 8078 7789 8082
f 8082 7789 7981
f 7984 8079 7981
f 7431 7987 8169
f 7983 8082 7985
f 7983 8078 8082
f 7984 8082 8079
f 8082 7984 7985
f 7985 7984 8083
f 7883 8083 7984
f 8079 8083 7883
f 7982 8079 7883
f 8080 7791 8350
f 8083 8172 7985
f 7985 8172 7626
f 7885 8439 8643
f 7990 8084 8258
f 8258 8085 7990
f 7704 8087 8177
f 8178 8087 7704
f 7888 8089 7992
f 7992 8089 8178
f 8085 8088 7990
f 7888 8091 8089
f 7801 8354 8094
f 8093 7993 8261
f 7894 8181 8180
f 8096 7995 7994
f 7995 8096 8182
f 7995 8182 8097
f 8184 7715 8099
f 7895 8098 7996
f 7715 7802 8099
f 8100 7997 8098
f 7997 7996 8098
f 8099 7802 7999
f 8100 7998 7997
f 8101 7998 8100
f 7999 8003 8186
f 8001 8000 8272
f 8001 8272 8002
f 8003 7901 8104
f 8186 8003 8104
f 8002 8272 8187
f 8102 7899 7808
f 7718 7899 8367
f 8367 8455 7718
f 8103 8102 7810
f 7810 8188 8103
f 7902 8187 8105
f 8004 7902 8190
f 8190 7902 8189
f 8005 8004 8190
f 8189 7902 8105
f 8005 8190 8107
f 8190 8106 8107
f 7903 8109 8192
f 8107 8106 8006
f 8006 8106 8007
f 7552 8371 8014
f 7903 8110 8109
f 8007 8111 8006
f 8006 8111 8008
f 8198 8109 8110
f 8008 8111 8011
f 8009 8198 8110
f 8111 8114 8011
f 8009 8010 8112
f 8010 8012 8113
f 8010 8113 8112
f 8011 8114 8013
f 7909 8113 8012
f 8015 8016 8115
f 8119 8013 8114
f 7909 8017 8113
f 8017 8116 8113
f 8015 8115 8116
f 8117 8116 8017
f 8116 8117 8015
f 8018 8117 8017
f 8201 8016 8120
f 8120 8016 8020
f 8119 8118 8022
f 8019 8117 8018
f 8019 8018 8021
f 8021 8121 8020
f 8123 8120 8121
f 8026 8022 8205
f 8021 8025 8027
f 8018 8025 8021
f 8121 8021 8207
f 8123 8121 8207
f 8025 7914 8027
f 8207 8021 8027
f 8123 8207 8208
f 8389 8028 8026
f 8205 8389 8026
f 8030 8209 8027
f 8030 8031 8209
f 8033 7818 8034
f 8032 8125 8031
f 8033 8034 8036
f 8035 8125 8032
f 8126 8125 8036
f 8036 8125 8035
f 8036 8034 8126
f 8127 8126 8034
f 7921 8127 8034
f 7921 8039 8127
f 8039 8128 8127
f 8039 8037 8128
f 8038 8037 8039
f 8302 8213 8132
f 8665 8133 7740
f 8132 8213 7928
f 8213 8214 7928
f 8132 7927 8040
f 7932 8216 7471
f 8216 8041 7471
f 8215 7934 8042
f 8134 8041 8307
f 8041 8134 7936
f 8218 8046 8217
f 8311 7584 8483
f 8046 7938 8217
f 8045 8047 8221
f 7941 8046 8137
f 8047 8138 8135
f 8406 7940 8219
f 8049 8050 8137
f 8135 8138 8220
f 8314 7852 7940
f 7852 8141 7943
f 8053 8143 8052
f 7944 8143 8224
f 7944 8224 8223
f 8053 8054 8144
f 8144 8054 8225
f 7946 8223 8055
f 7947 8225 8054
f 8146 8055 8320
f 8145 8059 8146
f 8147 8145 8146
f 8060 7861 8063
f 8229 8062 8228
f 7863 8062 8229
f 7760 8229 8326
f 7956 8148 8063
f 7957 8148 7956
f 8326 8149 7760
f 7762 8149 8064
f 8230 7763 8231
f 8327 8157 8066
f 8150 8328 7960
f 8235 8232 8153
f 8153 8067 8235
f 8068 8153 8154
f 8068 8154 8155
f 8237 8238 8234
f 7961 8070 8158
f 7968 8156 8333
f 8071 8156 7968
f 8158 8070 8238
f 8241 8072 8160
f 7781 8160 8072
f 7781 7969 8160
f 8246 8243 8337
f 8163 7871 8246
f 8077 8162 8161
f 8249 7877 8161
f 8163 8165 7978
f 7979 8251 8248
f 8168 7877 8343
f 8343 7877 8249
f 8167 7982 8168
f 8081 7880 8166
f 8170 8082 7981
f 8079 8167 7981
f 7982 8167 8079
f 7987 8254 8169
f 8082 8170 8079
f 8083 8171 8172
f 8083 8079 8171
f 8079 8170 8171
f 8171 8255 8172
f 8172 8255 8350
f 7987 7793 8254
f 7988 7792 8256
f 8256 7792 7986
f 7794 8257 7793
f 7794 7989 8257
f 8257 7989 7988
f 8173 7701 7795
f 8173 8438 7701
f 8084 7886 8175
f 8085 8258 8259
f 8173 7795 8176
f 8086 8524 8176
f 8179 8085 8259
f 8085 8179 8088
f 8088 8179 8587
f 8587 8090 8088
f 7890 8445 7891
f 8445 8092 7891
f 8091 8093 8260
f 7801 8092 8354
f 8094 8354 8095
f 8261 7993 8180
f 8180 8181 8184
f 8096 8264 8182
f 8263 8184 8099
f 8182 8183 8097
f 8097 8183 7895
f 7895 8183 8185
f 8268 8098 8185
f 8185 8098 7895
f 8098 8268 8100
f 8269 8265 8099
f 8269 8099 7999
f 8269 7999 8186
f 8186 8271 8269
f 8101 8270 8363
f 8101 8363 8000
f 8000 8366 8272
f 8363 8366 8000
f 8274 8271 8186
f 8104 8274 8186
f 8192 8274 8104
f 8191 8187 8457
f 8105 8187 8191
f 8193 8189 8105
f 8190 8189 8194
f 8190 8194 8106
f 8278 8274 8192
f 8105 8191 8193
f 8194 8189 8193
f 8193 8191 8276
f 8109 8278 8192
f 8109 8280 8278
f 8106 8194 8195
f 8108 8275 7723
f 8106 8195 8007
f 8280 8109 8198
f 8007 8195 8196
f 8288 8196 8284
f 8007 8196 8288
f 8108 7723 7910
f 8280 8198 8197
f 7359 7910 7723
f 8009 8112 8198
f 8111 8007 8288
f 8385 8111 8288
f 8111 8385 8114
f 8199 8112 8113
f 8202 8114 8385
f 8201 8200 8115
f 8116 8199 8113
f 8115 8200 8199
f 8115 8016 8201
f 8203 8286 8201
f 8202 8119 8114
f 8115 8199 8116
f 8119 8202 8118
f 8120 8203 8201
f 8118 8205 8022
f 8204 8203 8120
f 8204 8120 8123
f 8123 8206 8204
f 8206 8123 8208
f 8291 8292 8389
f 8027 8209 8207
f 8208 8207 8209
f 8028 8389 8292
f 8125 8293 8031
f 8125 8211 8293
f 8211 8125 8126
f 8037 8028 8210
f 8127 8211 8126
f 8037 8210 8128
f 8127 8212 8211
f 8212 8127 8128
f 8131 8130 8124
f 8130 8474 8124
f 8302 8299 8300
f 8302 8301 8299
f 8301 8132 8303
f 8302 8132 8301
f 8132 8040 8303
f 7932 8214 8304
f 8040 8215 8303
f 7836 8399 8130
f 8216 8307 8041
f 8401 8215 8042
f 8042 8043 8402
f 8219 8134 8307
f 8137 8218 8484
f 8484 8049 8137
f 8483 8048 8488
f 8218 8137 8046
f 7584 8048 8483
f 8135 8220 8049
f 8488 8048 8136
f 8047 8135 8221
f 8312 8488 8136
f 7940 8406 8314
f 8313 8139 8222
f 8222 8139 8140
f 8141 8222 8142
f 8222 8140 8142
f 8314 8141 7852
f 8143 8053 8316
f 8143 8316 8315
f 8144 8409 8053
f 8315 8224 8143
f 8223 8224 8318
f 8223 8319 8055
f 8055 8319 8320
f 8321 8225 8322
f 7947 8056 8225
f 8225 8056 8322
f 8056 8057 8322
f 8057 8060 8322
f 8146 8320 8325
f 8146 8226 8147
f 8147 8226 8227
f 8227 8228 8062
f 8148 7957 8416
f 7957 8230 8416
f 7958 8496 8065
f 8327 8065 8496
f 8065 8327 8066
f 8327 8501 8157
f 8231 7961 8152
f 8151 8562 8150
f 8420 8329 8235
f 8232 8235 8329
f 8235 8067 8420
f 8232 8233 8153
f 8331 8154 8233
f 8154 8153 8233
f 8236 8154 8331
f 8236 8155 8154
f 8236 8156 8155
f 7961 8158 8424
f 8156 8236 8333
f 8069 8242 8566
f 8237 8239 8238
f 8334 8159 8157
f 8240 8067 8073
f 8238 8239 8158
f 8239 8424 8158
f 8075 8240 8073
f 8429 7968 8333
f 8429 8243 7968
f 8241 8160 8244
f 8074 8159 8240
f 8074 8240 8075
f 7969 8245 8160
f 8245 7969 7782
f 8245 7782 8339
f 8246 8247 8163
f 8340 8248 8341
f 8161 8345 8249
f 8161 8162 8345
f 8345 8162 8164
f 8250 8168 8342
f 8342 8168 8343
f 8251 8347 8248
f 8168 8250 8167
f 8169 8254 8347
f 8169 8347 8251
f 8170 8252 8171
f 8252 8170 8346
f 8253 8170 7981
f 8170 8253 8346
f 8167 8253 7981
f 8250 8253 8167
f 8437 8081 8166
f 8081 8256 7986
f 8523 8257 7988
f 7885 8643 7991
f 8084 8175 8258
f 8177 8584 8728
f 8089 8352 8178
f 8442 8352 8089
f 8089 8091 8442
f 8260 8442 8091
f 8093 8353 8260
f 8092 8526 8354
f 8180 8184 8261
f 8262 7994 8095
f 7994 8262 8096
f 8096 8262 8264
f 8184 8263 8357
f 8264 8358 8182
f 8263 8099 8265
f 8183 8182 8358
f 8267 8185 8266
f 8183 8266 8185
f 8185 8267 8268
f 8268 8453 8100
f 8270 8100 8453
f 8101 8100 8270
f 8361 8269 8271
f 8365 8271 8273
f 8271 8274 8273
f 8457 8272 8366
f 8272 8457 8187
f 8102 8368 7899
f 7899 8368 8367
f 8455 8367 8454
f 8102 8103 8368
f 8273 8274 8369
f 8455 8655 7552
f 8279 8191 8457
f 8191 8279 8276
f 8277 8194 8193
f 8276 8277 8193
f 8376 8276 8279
f 8194 8277 8195
f 8195 8277 8378
f 8195 8378 8196
f 8372 8280 8197
f 8196 8378 8284
f 8284 8378 8281
f 8284 8281 8283
f 8198 8112 8282
f 8198 8282 8197
f 8112 8199 8282
f 8288 8284 8285
f 8282 8199 8200
f 8380 8286 8287
f 8200 8201 8286
f 8289 8287 8286
f 8288 8285 8384
f 8385 8288 8384
f 8818 8466 8014
f 8203 8289 8286
f 8290 8289 8203
f 8202 8385 8118
f 8118 8385 8205
f 8203 8204 8290
f 8290 8204 8388
f 8388 8204 8391
f 8205 8387 8389
f 8466 8535 8029
f 8204 8206 8391
f 8386 8291 8389
f 8208 8393 8206
f 8206 8393 8391
f 8122 8024 8392
f 8208 8209 8393
f 8293 8209 8031
f 8293 8393 8209
f 8293 8395 8393
f 8392 8024 8124
f 8292 8396 8028
f 8293 8211 8295
f 8396 8295 8294
f 8396 8294 8210
f 8396 8210 8028
f 8294 8295 8211
f 8211 8212 8294
f 8212 8210 8294
f 8210 8212 8128
f 8301 8298 8297
f 8299 8301 8297
f 7740 8129 8665
f 8302 8300 8213
f 8300 8398 8213
f 8304 8213 8398
f 8213 8304 8214
f 8304 8305 8216
f 7932 8304 8216
f 8133 8477 7835
f 8303 8215 8401
f 8305 8306 8216
f 8306 8307 8216
f 7836 7935 8399
f 7835 8480 8308
f 7935 8993 8399
f 8310 8308 8309
f 8311 8670 7935
f 8482 8217 8310
f 8043 8545 8402
f 8218 8217 8482
f 8545 8043 8221
f 8221 8135 8486
f 8546 8406 8219
f 8405 8404 8049
f 8049 8404 8135
f 8405 8049 8484
f 8312 8136 8313
f 8139 8313 8136
f 8407 8314 8406
f 8407 8222 8141
f 8407 8141 8314
f 8409 8316 8053
f 8224 8411 8318
f 8224 8317 8411
f 8144 8225 8612
f 8318 8319 8223
f 8491 8551 8321
f 8551 8225 8321
f 8322 8060 8323
f 8226 8146 8325
f 8060 8063 8414
f 8226 8324 8227
f 8414 8063 8493
f 8227 8324 8228
f 8228 8415 8229
f 8063 8148 8493
f 8415 8326 8229
f 8230 8231 8495
f 8157 8501 8422
f 8232 8329 8417
f 8419 8232 8417
f 8419 8330 8232
f 8232 8330 8233
f 8330 8423 8233
f 8562 8151 7962
f 7962 8069 8562
f 8152 7961 8424
f 8331 8233 8423
f 8422 8332 8157
f 8566 8242 8427
f 8334 8157 8332
f 8067 8240 8565
f 8241 8507 8335
f 8242 8335 8509
f 8509 8427 8242
f 8565 8240 8336
f 8507 8241 8244
f 8334 8336 8159
f 8240 8159 8336
f 8337 8243 8429
f 8244 8160 8245
f 8338 8244 8245
f 8430 8247 8246
f 8247 8165 8163
f 8249 8344 8343
f 8249 8345 8344
f 8515 8250 8342
f 8344 8345 8164
f 8433 8432 8346
f 8253 8514 8433
f 8435 8166 8165
f 8346 8348 8252
f 8346 8432 8348
f 8253 8433 8346
f 8514 8253 8250
f 8515 8514 8250
f 8252 8348 8171
f 8255 8349 8350
f 8521 8080 8350
f 8349 8255 8171
f 7988 8256 8523
f 8173 8351 8438
f 8173 8176 8351
f 8175 8441 8727
f 8259 8443 8179
f 8443 8525 8179
f 8179 8525 8587
f 8090 8444 7890
f 8444 8445 7890
f 8353 8093 8447
f 8447 8093 8261
f 8357 8261 8184
f 8355 8095 8354
f 8355 8356 8095
f 8095 8356 8262
f 8356 8449 8262
f 8262 8449 8450
f 8264 8262 8450
f 8450 8358 8264
f 8265 8531 8263
f 8359 8267 8452
f 8267 8266 8452
f 8358 8266 8183
f 8268 8359 8453
f 8267 8359 8268
f 8360 8265 8269
f 8361 8360 8269
f 8453 8361 8270
f 8270 8361 8363
f 8363 8361 8362
f 8361 8271 8362
f 8271 8365 8362
f 8363 8362 8364
f 8364 8362 8365
f 8363 8364 8366
f 8273 8364 8365
f 8273 8369 8364
f 8456 8457 8366
f 8278 8369 8274
f 8655 8371 7552
f 8457 8370 8279
f 8374 8370 8373
f 8370 8374 8279
f 8373 8278 8372
f 8372 8278 8280
f 8376 8277 8276
f 8374 8373 8377
f 8279 8374 8375
f 8375 8376 8279
f 8277 8376 8378
f 8377 8373 8372
f 8372 8197 8461
f 8372 8461 8377
f 8282 8461 8197
f 8378 8462 8281
f 8281 8462 8379
f 8281 8379 8283
f 8200 8380 8282
f 8380 8200 8286
f 8287 8381 8380
f 8283 8379 8383
f 8284 8283 8285
f 8287 8289 8381
f 8379 8382 8383
f 8289 8465 8381
f 8465 8289 8290
f 8285 8283 8383
f 8386 8285 8383
f 8465 8290 8469
f 8384 8285 8386
f 8385 8384 8205
f 8469 8290 8388
f 8387 8384 8386
f 8205 8384 8387
f 8387 8386 8389
f 8535 8129 8029
f 8386 8390 8291
f 8472 8391 8393
f 8292 8291 8396
f 8472 8393 8395
f 8394 8472 8395
f 8291 8394 8396
f 8396 8394 8395
f 8396 8395 8295
f 8295 8395 8293
f 8392 8124 8474
f 8397 8473 8297
f 8476 8129 8296
f 8298 8539 8397
f 8297 8298 8397
f 8473 8475 8297
f 8299 8297 8475
f 8475 8300 8299
f 8398 8300 8475
f 8476 8665 8129
f 8540 8298 8303
f 8298 8301 8303
f 8130 8399 8474
f 8133 8665 8477
f 8479 8540 8303
f 8305 8304 8478
f 8303 8401 8479
f 8479 8401 8400
f 8666 8306 8305
f 8306 8544 8307
f 8401 8042 8400
f 8402 8400 8042
f 8481 8219 8307
f 8310 8309 8482
f 8403 8218 8482
f 8484 8218 8403
f 8485 8405 8484
f 8486 8135 8404
f 8407 8406 8408
f 8407 8490 8222
f 8224 8548 8317
f 8410 8549 8316
f 8548 8316 8549
f 8548 8315 8316
f 8224 8315 8548
f 8316 8409 8410
f 8612 8409 8144
f 8318 8411 8412
f 8612 8225 8551
f 8412 8319 8318
f 8412 8552 8319
f 8319 8552 8320
f 8552 8413 8320
f 8322 8323 8321
f 8414 8323 8060
f 8320 8413 8325
f 8324 8226 8325
f 8554 8324 8325
f 8324 8556 8228
f 8228 8556 8415
f 8493 8148 8557
f 8557 8148 8416
f 8064 8149 8494
f 8560 7958 8064
f 8416 8230 8495
f 7958 8560 8496
f 8495 8231 8618
f 8618 8231 8152
f 8328 8150 8499
f 8417 8420 8418
f 8417 8329 8420
f 8421 8330 8419
f 8150 8562 8499
f 8328 8500 8234
f 8500 8237 8234
f 8565 8420 8067
f 8423 8425 8331
f 8426 8236 8331
f 8426 8333 8236
f 8239 8237 8502
f 8424 8239 8428
f 8428 8239 8502
f 8333 8426 8429
f 8426 8629 8429
f 8429 8630 8337
f 8245 8572 8338
f 8245 8339 8572
f 8572 8339 8340
f 8430 8431 8247
f 8247 8431 8165
f 8436 8432 8511
f 8433 8511 8432
f 8516 8515 8342
f 8343 8434 8342
f 8434 8343 8344
f 8435 8165 8431
f 8517 8435 8431
f 8344 8164 8518
f 8344 8518 8434
f 8341 8248 8347
f 8080 8521 8518
f 8518 8164 8080
f 8435 8517 8437
f 8435 8437 8166
f 8348 8432 8436
f 8436 8520 8348
f 8171 8348 8520
f 8171 8520 8349
f 8349 8521 8350
f 8522 8081 8437
f 8522 8256 8081
f 8439 8174 8724
f 8441 7991 8643
f 8259 8258 8440
f 8440 8443 8259
f 8175 8727 8802
f 8176 8524 8351
f 8444 8090 8587
f 8445 8526 8092
f 8260 8353 8446
f 8446 8589 8260
f 8526 8528 8354
f 8447 8261 8357
f 8528 8355 8354
f 8356 8355 8448
f 8263 8529 8357
f 8356 8448 8449
f 8450 8451 8358
f 8451 8452 8266
f 8358 8451 8266
f 8360 8531 8265
f 8652 8531 8359
f 8359 8531 8360
f 8359 8360 8453
f 8453 8360 8361
f 8364 8369 8456
f 8366 8364 8456
f 8367 8368 8454
f 8368 8103 8816
f 8457 8456 8458
f 8458 8456 8369
f 8457 8458 8370
f 8369 8278 8458
f 8188 8275 8103
f 8370 8458 8373
f 8278 8373 8458
f 8377 8375 8374
f 8375 8460 8376
f 8375 8377 8459
f 8460 8375 8459
f 8376 8460 8462
f 8376 8462 8378
f 8377 8461 8459
f 8371 8818 8014
f 8461 8532 8459
f 8532 8461 8380
f 8380 8461 8282
f 8462 8463 8379
f 8534 8380 8381
f 8381 8464 8533
f 8381 8533 8534
f 8379 8463 8382
f 8464 8381 8465
f 8463 8464 8467
f 8467 8464 8465
f 8382 8463 8467
f 8469 8467 8465
f 8382 8468 8383
f 8382 8467 8468
f 8468 8467 8469
f 8383 8468 8471
f 8468 8469 8470
f 8471 8468 8470
f 8383 8471 8386
f 8470 8469 8388
f 8391 8470 8388
f 8472 8470 8391
f 8471 8470 8394
f 8390 8471 8394
f 8386 8471 8390
f 8394 8470 8472
f 8390 8394 8291
f 8473 8397 8538
f 8397 8539 8538
f 8539 8298 8540
f 8398 8601 8478
f 8478 8304 8398
f 8478 8666 8305
f 8666 8542 8306
f 8542 8544 8306
f 8307 8544 8481
f 8308 8480 8309
f 8311 8483 8670
f 8673 8485 8484
f 8403 8673 8484
f 8606 8486 8404
f 8545 8221 8486
f 8404 8405 8485
f 8487 8546 8219
f 8312 8547 8488
f 8406 8546 8408
f 8313 8489 8312
f 8490 8313 8222
f 8408 8490 8407
f 8411 8317 8609
f 8492 8551 8491
f 8552 8553 8413
f 8491 8323 8492
f 8321 8323 8491
f 8325 8413 8554
f 8554 8616 8324
f 8616 8556 8324
f 8415 8556 8558
f 8559 8326 8415
f 8326 8559 8149
f 8557 8416 8686
f 8494 8149 8559
f 8686 8416 8776
f 8494 8560 8064
f 8497 8327 8496
f 8501 8327 8497
f 8418 8498 8417
f 8419 8417 8498
f 8498 8421 8419
f 8328 8499 8692
f 8500 8328 8692
f 8625 8422 8501
f 8562 8069 8566
f 8500 8502 8237
f 8503 8152 8424
f 8332 8422 8625
f 8424 8428 8503
f 8504 8331 8425
f 8331 8504 8505
f 8426 8331 8505
f 8566 8427 8506
f 8502 8567 8428
f 8334 8332 8569
f 8505 8629 8426
f 8335 8507 8508
f 8509 8335 8508
f 8506 8427 8509
f 8334 8569 8336
f 8429 8629 8630
f 8507 8244 8889
f 8510 8337 8630
f 8572 8972 8338
f 8337 8510 8246
f 8246 8510 8631
f 8246 8631 8430
f 8340 8341 8572
f 8511 8433 8574
f 8513 8511 8512
f 8575 8574 8433
f 8514 8575 8433
f 8575 8515 8576
f 8576 8515 8577
f 8515 8575 8514
f 8515 8516 8577
f 8511 8513 8436
f 8516 8342 8434
f 8637 8517 8431
f 8513 8519 8436
f 8518 8516 8434
f 8581 8517 8637
f 8638 8341 8347
f 8517 8581 8437
f 8347 8254 8638
f 8436 8519 8520
f 8581 8522 8437
f 7793 8582 8254
f 8257 8582 7793
f 8257 8641 8721
f 8257 8523 8641
f 8438 8583 8642
f 8438 8642 9056
f 7884 9056 8977
f 8977 8724 8174
f 8439 8724 8643
f 8258 8897 8440
f 8443 8440 8644
f 8438 8351 8583
f 8524 8726 8351
f 8442 8585 8352
f 8444 8646 8445
f 8646 8526 8445
f 8527 8353 8447
f 8590 8353 8527
f 8446 8353 8590
f 8447 8357 8529
f 8529 8527 8447
f 8355 8650 8448
f 8355 8528 8650
f 8448 8649 8648
f 8448 8530 8449
f 8263 8531 8529
f 8530 8597 8449
f 8449 8597 8450
f 8450 8597 8451
f 8452 8652 8359
f 8654 8454 8368
f 8654 8455 8454
f 8816 8103 8656
f 8275 8656 8103
f 8460 8459 8532
f 8460 8532 8533
f 8533 8532 8534
f 8460 8533 8462
f 8534 8532 8380
f 8462 8533 8463
f 8464 8463 8533
f 8818 8535 8466
f 8129 8535 8296
f 8537 8536 8538
f 8599 8392 8474
f 8600 8538 8536
f 8538 8600 8473
f 8538 8539 8598
f 8537 8538 8598
f 8473 8600 8475
f 8600 8601 8475
f 8475 8601 8398
f 8539 8540 8602
f 8602 8540 8541
f 8474 8399 8826
f 8541 8540 8479
f 8666 8830 8542
f 8479 8400 8668
f 7935 8670 8993
f 8400 8604 8543
f 8400 8402 8604
f 8402 8545 8604
f 8403 8482 8309
f 8481 8487 8219
f 8605 8404 8485
f 8606 8404 8605
f 8545 8486 8606
f 8833 8483 8488
f 8547 8833 8488
f 8489 8547 8312
f 8546 8608 8408
f 8490 8489 8313
f 8408 8607 8490
f 8548 8549 8677
f 8609 8317 8548
f 8410 8767 8549
f 8411 8609 8678
f 8610 8767 8410
f 8610 8410 8409
f 8409 8612 8610
f 8679 8412 8411
f 8551 8550 8612
f 8412 8613 8552
f 8413 8684 8554
f 8414 8493 8555
f 8555 8493 8557
f 8559 8415 8558
f 8775 8557 8686
f 8496 8560 8620
f 8497 8496 8620
f 8501 8497 8621
f 8498 8418 8561
f 8418 8622 8561
f 8421 8498 8561
f 8499 8782 8692
f 8563 8330 8421
f 8499 8562 8782
f 8423 8330 8563
f 8152 8503 8693
f 8565 8623 8420
f 8425 8423 8624
f 8564 8562 8566
f 8503 8428 8567
f 8570 8425 8624
f 8700 8570 8624
f 8425 8570 8504
f 8504 8628 8505
f 8566 8506 8564
f 8332 8625 8568
f 8569 8332 8627
f 8332 8568 8627
f 8565 8569 8627
f 8565 8336 8569
f 8504 8570 8628
f 8506 8509 8571
f 8509 8508 8571
f 8244 8338 8889
f 8574 8575 8710
f 8711 8572 8341
f 8512 8511 8573
f 8574 8573 8511
f 8516 8578 8577
f 8895 8341 8638
f 8519 8513 8635
f 8516 8518 8579
f 8518 8521 8579
f 8520 8519 8580
f 8520 8580 8349
f 8636 8521 8349
f 8254 8639 8638
f 8582 8639 8254
f 8582 8257 8721
f 8258 8175 8803
f 8583 8351 8726
f 8177 8087 8584
f 8585 8442 8586
f 8525 8645 8587
f 8442 8260 8586
f 8588 8260 8589
f 8588 8589 8731
f 8446 8590 8591
f 8589 8446 8592
f 8592 8446 8591
f 8731 8589 8592
f 8733 8731 8592
f 8594 8526 8646
f 8526 8594 8528
f 8528 8594 8593
f 8649 8448 8650
f 8528 8593 8650
f 8596 8595 8529
f 8531 8596 8529
f 8648 8530 8448
f 8653 8597 8530
f 8652 8596 8531
f 8653 8652 8452
f 8597 8653 8452
f 8451 8597 8452
f 8654 8368 8816
f 8455 8654 8655
f 8275 8108 8744
f 8108 7910 8744
f 8744 7910 8122
f 8122 8392 9070
f 8661 8662 8537
f 8536 8537 8662
f 8537 8598 8660
f 8598 8539 8602
f 8601 8664 8478
f 8826 8399 8750
f 8478 8664 8666
f 8479 8751 8541
f 8542 8830 8667
f 7835 8477 8480
f 8751 8479 8668
f 8400 8543 8668
f 8667 8544 8542
f 8544 8667 8753
f 8543 8604 8603
f 8753 8672 8544
f 8544 8672 8481
f 8309 8673 8403
f 8483 8833 8670
f 8756 8671 8605
f 8481 8672 8487
f 8603 8605 8671
f 8604 8606 8603
f 8545 8606 8604
f 8756 8485 8673
f 8605 8485 8756
f 8606 8605 8603
f 8674 8607 8608
f 8675 8608 8546
f 8487 8675 8546
f 8489 8759 8547
f 8607 8489 8490
f 8408 8608 8607
f 8609 8548 8677
f 8676 8678 8609
f 8678 8679 8411
f 8612 8550 8611
f 8613 8681 8552
f 8682 8551 8492
f 8492 8323 8614
f 8323 8414 8614
f 8414 8555 8614
f 8413 8553 8684
f 8615 8555 8775
f 8555 8557 8775
f 8558 8556 8685
f 8776 8416 8495
f 8560 8494 8617
f 8620 8560 8619
f 8689 8497 8620
f 8621 8497 8689
f 8418 8781 8622
f 8561 8622 8691
f 8691 8421 8561
f 8621 8871 8501
f 8418 8623 8781
f 8418 8420 8623
f 8563 8421 8691
f 8563 8624 8423
f 8625 8501 8871
f 8564 8694 8562
f 8627 8623 8565
f 8697 8695 8693
f 8503 8697 8693
f 8502 8626 8567
f 8503 8567 8626
f 8697 8503 8626
f 8699 8702 8625
f 8625 8702 8568
f 8570 8704 8628
f 8629 8628 8705
f 8505 8628 8629
f 8571 8706 8506
f 8630 8629 8705
f 8508 8507 8889
f 8707 8632 8574
f 8710 8707 8574
f 8573 8632 8715
f 8574 8632 8573
f 8633 8710 8575
f 8576 8633 8575
f 8716 8633 8576
f 8634 8430 8631
f 8341 8895 8711
f 8715 8512 8573
f 8634 8637 8431
f 8634 8431 8430
f 8578 8716 8577
f 8577 8716 8576
f 8512 8635 8513
f 8578 8579 8794
f 8580 8519 8635
f 8578 8516 8579
f 8579 8521 8636
f 8349 8580 8636
f 8581 8640 8522
f 8582 8721 8639
f 8640 8256 8522
f 8523 8640 8641
f 8640 8523 8256
f 8258 8803 8897
f 8440 8897 8644
f 8443 8804 8725
f 8443 8644 8804
f 8441 8643 8727
f 8178 8729 8087
f 8352 8729 8178
f 8260 8588 8586
f 8645 8444 8587
f 8645 8808 8444
f 8590 8732 8591
f 8734 8731 8733
f 8594 8647 8736
f 8646 8647 8594
f 8590 8527 8595
f 8590 8595 8732
f 8735 8740 8648
f 8736 8593 8594
f 8529 8595 8527
f 8593 8736 8650
f 8737 8595 8596
f 8740 8651 8648
f 8814 8596 8652
f 8815 8653 8651
f 8651 8653 8530
f 8648 8651 8530
f 8653 8815 8652
f 8654 8816 8741
f 8371 8655 8742
f 8902 8371 8742
f 8819 8658 8535
f 8535 8659 8296
f 8745 8661 8660
f 8661 8537 8660
f 8536 8662 8600
f 8662 8663 8600
f 8748 8664 8663
f 8600 8664 8601
f 8663 8664 8600
f 8748 8666 8664
f 8399 8993 8750
f 8751 8668 8543
f 8669 8480 8752
f 8309 8480 8669
f 8754 8673 8669
f 8673 8309 8669
f 8672 8753 8912
f 8758 8672 8912
f 8756 8673 8754
f 8603 8671 8543
f 8758 8487 8672
f 8995 8833 8759
f 8547 8759 8833
f 8487 8758 8675
f 8759 8489 8607
f 8760 8607 8674
f 8675 8674 8608
f 8676 8609 8677
f 8679 8678 8933
f 8612 8611 8610
f 8768 8613 8679
f 8679 8613 8412
f 8680 8550 8551
f 8551 8682 8680
f 8553 8552 8681
f 8492 8683 8682
f 8492 8614 8683
f 8614 8771 8683
f 8614 8772 8771
f 8772 8614 8555
f 8555 8615 8772
f 8684 8616 8554
f 8685 8556 8616
f 8558 8685 8687
f 8777 8558 8687
f 8559 8558 8777
f 8494 8559 8777
f 8560 8617 8619
f 8495 8618 8688
f 8618 8152 8779
f 8779 8152 8693
f 8781 8690 8622
f 8691 8622 8690
f 8500 8692 8783
f 8623 8872 8781
f 8957 8563 8691
f 8782 8562 8694
f 8500 8783 8502
f 8780 8693 8695
f 8563 8957 8624
f 8624 8957 8875
f 8783 8784 8502
f 8694 8564 8696
f 8502 8784 8626
f 8871 8699 8625
f 8785 8697 8626
f 8697 8698 8695
f 8696 8506 8701
f 8564 8506 8696
f 8703 8568 8702
f 8627 8568 8703
f 8700 8790 8570
f 8570 8790 8704
f 8705 8628 8704
f 8506 8706 8701
f 8790 8700 8789
f 8705 8966 8630
f 8571 8508 8967
f 8706 8571 8890
f 8571 8967 8890
f 8893 8510 8630
f 8893 8631 8510
f 8707 8709 8632
f 8710 8708 8707
f 8572 8711 8972
f 8709 8712 8715
f 8709 8715 8632
f 8633 8792 8710
f 8713 8792 8633
f 8713 8633 8714
f 8712 8635 8715
f 8716 8794 8714
f 8716 8714 8633
f 8634 8971 8637
f 8715 8635 8512
f 8716 8578 8794
f 8795 8579 8718
f 8795 8718 8717
f 8635 8717 8580
f 8718 8580 8717
f 8579 8636 8718
f 8638 8639 8798
f 8798 8639 8720
f 8580 8718 8636
f 8719 8581 8637
f 8581 8719 8640
f 8721 8720 8639
f 8720 8721 8722
f 8721 8641 8722
f 8641 8723 8722
f 8723 8641 8640
f 8977 9056 9057
f 8175 8802 8803
f 8524 9058 8726
f 8728 9058 8524
f 8584 8087 9372
f 8585 8729 8352
f 8586 8806 8585
f 8806 8586 8730
f 8586 8588 8730
f 8444 8812 8646
f 8731 8809 8588
f 8732 8737 8591
f 8737 8813 8591
f 8813 8592 8591
f 8592 8813 8733
f 8734 8733 8738
f 8809 8731 8739
f 8739 8731 8734
f 8811 8736 8647
f 8646 8812 8647
f 8647 8812 8811
f 8737 8732 8595
f 8738 8739 8734
f 8735 8739 8740
f 8649 8735 8648
f 8736 8649 8650
f 8737 8596 8814
f 8739 8738 8740
f 8738 8815 8651
f 8740 8738 8651
f 8815 8814 8652
f 8741 8655 8654
f 8742 8655 8741
f 8275 8743 8656
f 8744 8743 8275
f 8902 8818 8371
f 8657 8744 8122
f 8535 8658 8659
f 8745 8660 8747
f 8660 8598 8747
f 8599 8474 8827
f 8296 8659 8476
f 8598 8602 8747
f 8746 8663 8662
f 8602 9153 8747
f 8659 8749 8476
f 8474 8826 8827
f 8476 8749 8665
f 9153 8602 8541
f 8748 8828 8666
f 8665 8749 8477
f 8477 8749 8829
f 8830 8666 8828
f 8667 8830 8831
f 8477 8752 8480
f 8667 8831 8753
f 8751 8543 8909
f 8909 8543 8755
f 8754 8669 8908
f 8670 8833 8993
f 8755 8671 8756
f 8543 8671 8755
f 8755 8756 8754
f 8912 8757 8758
f 8758 8757 8674
f 8759 8835 8995
f 8757 8760 8674
f 8758 8674 8675
f 8607 8835 8759
f 8760 8835 8607
f 8836 8762 8837
f 8761 8762 8836
f 8763 8837 8762
f 8761 8919 8762
f 8762 8764 8763
f 8764 8762 8919
f 8839 8763 8764
f 8763 8839 8838
f 8844 8842 8765
f 8842 8845 8765
f 8765 8847 8844
f 8765 8848 8847
f 8848 8766 8847
f 8850 8676 8677
f 8851 8678 8766
f 8678 8676 8766
f 8549 8854 8934
f 8677 8549 8934
f 8933 8678 8851
f 8767 8854 8549
f 8679 8933 8768
f 8610 8770 8769
f 8769 8855 8610
f 8855 8767 8610
f 8611 8858 8770
f 8770 8610 8611
f 8858 8611 8550
f 8862 8553 8681
f 8682 8683 8680
f 8771 8942 8864
f 8771 8864 8683
f 8863 8684 8553
f 8866 8942 8771
f 8772 8866 8771
f 8684 8867 8773
f 8615 8775 8774
f 8684 8773 8616
f 8616 9027 8685
f 8946 8776 8949
f 8494 8777 8617
f 8949 8776 8495
f 8688 8618 8778
f 8618 8779 8778
f 8780 8779 8693
f 8874 8692 8782
f 8783 8692 8874
f 8786 8780 8695
f 8872 8627 8703
f 8623 8627 8872
f 8785 8626 8784
f 8624 8875 8700
f 8786 8698 8788
f 8695 8698 8786
f 8698 8697 8785
f 8698 8785 8883
f 8698 8883 8788
f 8882 8699 8881
f 8699 8882 8702
f 8703 8702 8882
f 8701 8706 8787
f 8884 8786 8710
f 8508 8889 8967
f 8787 8706 8890
f 8708 8892 8707
f 8708 8883 8892
f 8708 8788 8883
f 8708 8786 8788
f 8884 8710 8792
f 8630 8966 8893
f 8710 8786 8708
f 8791 8884 8792
f 8889 8338 9052
f 8707 8892 8709
f 8709 8892 8712
f 8792 8713 8791
f 8972 9218 8338
f 8969 8634 8631
f 8713 8714 8793
f 8714 8794 8793
f 8711 8895 8796
f 8894 8717 8712
f 8793 8794 8795
f 8717 8635 8712
f 8795 8717 8894
f 8794 8579 8795
f 8798 8895 8638
f 8797 8719 8637
f 8799 8974 8720
f 8800 8723 8719
f 8799 8720 8722
f 8800 8799 8723
f 8723 8799 8722
f 8640 8719 8723
f 8724 8977 8801
f 8644 8897 8804
f 8642 8726 8978
f 8583 8726 8642
f 8978 8726 9058
f 8728 8584 9058
f 8729 9719 8087
f 8585 8805 8729
f 8806 8805 8585
f 8443 8725 8525
f 8588 8807 8730
f 8588 8809 8807
f 8810 8444 8808
f 8812 8444 8810
f 8980 8649 9061
f 8649 8736 9061
f 9061 8736 8811
f 8733 8813 8738
f 8735 8809 8739
f 8980 8809 8735
f 8980 8735 8649
f 8814 8813 8737
f 8738 8813 8814
f 8738 8814 8815
f 8817 8741 8816
f 8741 8817 8742
f 8816 8656 8981
f 8817 8816 8981
f 8981 8656 8743
f 8657 8122 9070
f 8818 8819 8535
f 8822 8821 8820
f 8822 8820 8823
f 9070 8392 8599
f 8823 8745 8822
f 8823 8824 8745
f 8822 8745 8747
f 8824 8661 8745
f 8661 8824 8662
f 8824 8746 8662
f 8905 8747 9153
f 8746 8825 8907
f 8746 8907 8663
f 8663 8907 8748
f 8748 8907 8828
f 8749 8659 8829
f 8750 8827 8826
f 8477 8829 8752
f 8751 8994 8541
f 8669 8752 8908
f 8994 8909 8755
f 8910 8754 8908
f 9160 8993 9238
f 8753 8831 8912
f 8755 8754 8910
f 8832 8755 8910
f 8757 8912 8834
f 8834 8914 8835
f 8995 8835 8914
f 8834 8835 8760
f 8834 8760 8757
f 8836 8837 8917
f 8917 8761 8836
f 8761 9006 8919
f 8837 8763 8838
f 8838 8839 8840
f 8922 8764 8919
f 8764 8841 8839
f 8922 8841 8764
f 8840 8926 8923
f 8839 8926 8840
f 8839 8841 8926
f 8929 8843 8842
f 8927 8843 8929
f 8843 8845 8842
f 8929 8844 8846
f 8842 8844 8929
f 8847 8846 8844
f 8765 8845 8848
f 8849 8848 8845
f 8932 8849 8845
f 8847 8850 8846
f 8847 8766 8850
f 8848 8851 8766
f 8849 8852 8848
f 8852 8851 8848
f 8853 8852 8849
f 8766 8676 8850
f 8850 8677 8934
f 8933 8851 8852
f 8934 8854 8935
f 8767 8855 8854
f 8769 8770 8856
f 8855 8857 8936
f 8855 8769 8857
f 8856 8857 8769
f 8859 8770 8858
f 8856 8770 8860
f 8860 8770 8859
f 8857 8856 8860
f 8858 8550 8861
f 8613 9019 8681
f 8680 8683 8939
f 8553 8862 8863
f 8683 8864 8939
f 8863 8865 8684
f 8867 8684 8865
f 8774 8772 8615
f 8773 9027 8616
f 8775 8686 8946
f 8947 8685 9030
f 8685 8947 8687
f 8946 8686 8776
f 8777 8687 9033
f 8777 9033 8617
f 8868 8619 9033
f 8617 9033 8619
f 8688 8949 8495
f 8868 8950 8619
f 8619 8950 8620
f 8689 8869 8621
f 8951 8621 8869
f 8779 8780 8870
f 8871 8621 8951
f 8953 8870 8780
f 8872 8954 8781
f 8781 8954 8873
f 8691 8873 8955
f 8691 8690 8873
f 8690 8781 8873
f 8782 8956 8874
f 8782 8694 8956
f 8953 8780 8786
f 8871 8951 8878
f 8871 8878 8699
f 9037 8953 8786
f 9040 8872 8703
f 8703 8958 9040
f 8784 9125 8785
f 8785 9125 9043
f 8878 8876 8879
f 8703 8882 8958
f 8875 8877 8700
f 9043 8883 8785
f 8876 8786 8884
f 8879 8876 8884
f 8880 8878 8879
f 8881 8699 8960
f 8878 8960 8699
f 8880 8960 8878
f 8881 8958 8882
f 8960 8958 8881
f 8887 8880 8884
f 8884 8880 8879
f 8887 8960 8880
f 8700 8877 8789
f 8877 8885 8789
f 8790 8965 8704
f 8705 8704 8965
f 8887 8884 8791
f 8887 8791 8888
f 9045 8789 8885
f 8789 9045 8964
f 8790 8789 8964
f 8964 8965 8790
f 8705 8965 8966
f 9049 8967 8889
f 8892 8883 8886
f 8891 8892 8886
f 8891 8894 8892
f 8888 8793 8891
f 8338 9218 9052
f 8894 8712 8892
f 8793 8894 8891
f 8791 8713 8888
f 8713 8793 8888
f 8969 8631 8893
f 8711 8796 8972
f 8969 8971 8634
f 8793 8795 8894
f 8974 8796 8895
f 8971 9055 8637
f 8637 9055 8797
f 8895 8798 8974
f 8798 8720 8974
f 8975 8974 8799
f 8797 8976 8800
f 8797 8800 8719
f 8800 8976 8799
f 8642 8896 9056
f 8725 8804 8898
f 8896 8642 8978
f 8806 9059 8899
f 8806 8899 8805
f 8730 9059 8806
f 8725 8900 8525
f 8525 8900 8645
f 8645 9060 8808
f 8812 9063 8811
f 9063 8812 8810
f 8902 8742 8982
f 8820 8903 8985
f 8820 8821 8903
f 8824 8823 8904
f 8904 8823 8820
f 8905 8821 8822
f 8658 9154 8659
f 8822 8747 8905
f 8746 8824 8906
f 8599 8827 8988
f 8906 8825 8746
f 8990 9074 8828
f 8990 8828 8907
f 8825 8990 8907
f 9153 8541 8991
f 8991 8541 8994
f 8993 9312 8750
f 8992 8908 8752
f 8830 9235 8831
f 8751 8909 8994
f 8910 8911 8832
f 8994 8755 8832
f 8831 8913 8912
f 8833 9238 8993
f 8913 9075 8914
f 8912 8913 8834
f 8995 9238 8833
f 8913 8914 8834
f 8915 8916 8999
f 8916 8915 9003
f 8999 8916 9087
f 8761 8917 9005
f 9091 8917 8837
f 9006 8761 9005
f 8837 8918 9091
f 8919 9006 8920
f 8837 8838 8918
f 8838 8921 8918
f 8921 9176 9094
f 8838 8840 8921
f 8919 8920 8922
f 8840 8923 8921
f 8922 8924 8841
f 8923 9008 8921
f 8841 8924 9012
f 8923 8925 9008
f 8926 8841 9012
f 8928 8925 8923
f 8926 8928 8923
f 9012 8928 8926
f 8843 8927 8930
f 8843 8930 8931
f 8845 8843 8931
f 9015 8929 8846
f 8845 8931 9011
f 8845 9011 8932
f 9105 9015 8846
f 8932 9016 8849
f 9105 8846 8850
f 8850 8934 9105
f 8852 8853 8933
f 8934 8935 9180
f 8933 9017 8768
f 8935 8854 8936
f 8936 8854 8855
f 8936 8937 9185
f 8936 8857 8937
f 8937 8860 8859
f 8937 8857 8860
f 8768 9019 8613
f 8680 8861 8550
f 9019 8938 8681
f 8681 8938 8862
f 8938 9112 8862
f 9112 8863 8862
f 8863 9112 9021
f 8939 8864 8941
f 9021 8940 8863
f 8942 8941 8864
f 8865 8863 8940
f 9023 8941 8942
f 8943 8866 8772
f 8943 8772 8774
f 8942 9025 9023
f 8866 9025 8942
f 8865 8944 8867
f 8774 8775 9026
f 9027 8773 9028
f 8944 9028 8773
f 8944 8773 8867
f 9026 8775 8945
f 9027 9030 8685
f 8775 8946 8945
f 8687 8947 8948
f 8948 9033 8687
f 9033 9199 8868
f 9121 8868 9199
f 8949 8688 9354
f 8868 9121 8950
f 8689 8620 8950
f 9034 8689 8950
f 8870 8778 8779
f 8869 8689 9034
f 9038 8951 8869
f 9038 8952 8951
f 9037 8952 9035
f 8873 8954 8955
f 8783 8874 9039
f 8874 8956 9039
f 8957 8691 8955
f 8876 9037 8786
f 8952 9037 8876
f 8878 8951 8952
f 8878 8952 8876
f 8958 8960 9209
f 8883 9043 8886
f 9209 8960 8961
f 8696 8701 8959
f 8961 8891 8886
f 8960 8887 8961
f 8962 8885 8877
f 8888 8891 8961
f 8887 8888 8961
f 8885 8962 8963
f 9045 8885 8963
f 8966 8965 9048
f 8890 8967 9132
f 8890 9132 9050
f 8787 8890 9050
f 8966 9048 8968
f 8966 8968 8893
f 9049 8889 9052
f 9136 8969 8968
f 8893 8968 8969
f 8972 8970 9218
f 8973 8970 8972
f 8971 8969 9053
f 8796 8973 8972
f 8974 9054 8796
f 8975 9054 8974
f 9138 8975 8799
f 9138 8799 8976
f 8898 8804 9139
f 8804 8897 9139
f 8643 8724 9141
f 8643 9141 8727
f 8898 9373 8725
f 8805 9222 8729
f 8900 8725 9373
f 8900 8979 8645
f 8807 9223 8730
f 9060 8645 8979
f 9064 8808 8901
f 8980 9297 8807
f 8980 8807 8809
f 8808 9064 8810
f 9061 8811 9062
f 9065 8982 8742
f 8817 8981 9065
f 8817 9065 8742
f 8983 8744 8657
f 8902 9067 8818
f 9067 8819 8818
f 8903 8986 8984
f 8985 8903 8984
f 8821 8986 8903
f 8904 8820 8985
f 9072 9073 8904
f 8824 8904 9073
f 8821 8905 8987
f 8905 9149 8987
f 8824 9073 8906
f 9073 8989 8906
f 8989 9074 8990
f 8906 8990 8825
f 8906 8989 8990
f 8659 9154 8829
f 9074 8830 8828
f 8829 9154 9232
f 8750 9312 8827
f 8752 8829 9232
f 8992 8752 9232
f 8991 8994 9157
f 8908 8992 9234
f 9234 8910 8908
f 8911 8910 9234
f 9159 8994 8832
f 8831 9235 8913
f 9161 8914 9075
f 8914 9161 8995
f 9000 8997 8996
f 8996 8997 8998
f 8997 9080 8998
f 8999 9168 9083
f 9083 9164 8999
f 9085 8998 9080
f 9164 8915 8999
f 8915 9164 9084
f 9000 8996 9001
f 9000 9001 9084
f 9001 8996 9002
f 8998 9002 8996
f 9087 9168 8999
f 9004 9003 9084
f 9003 8915 9084
f 9001 9004 9084
f 9088 9087 8916
f 9003 9088 8916
f 8917 9090 9089
f 8917 9089 9005
f 9090 8917 9091
f 8918 8921 9094
f 8924 8922 9007
f 8922 8920 9007
f 9009 8927 8929
f 8927 9009 9010
f 8927 9010 8930
f 9008 9014 9011
f 9008 8925 9014
f 9009 8929 9013
f 8931 8930 9099
f 8931 9099 9011
f 9013 8929 9015
f 9014 8932 9011
f 8925 9016 9014
f 8928 9016 8925
f 9016 8932 9014
f 9016 9103 8849
f 8849 9103 8853
f 9103 9104 8853
f 9105 8934 9180
f 9017 8933 8853
f 9017 9182 8768
f 9182 9018 8768
f 9018 9019 8768
f 8859 8858 9108
f 9108 9185 8937
f 8937 8859 9108
f 9191 8861 8680
f 9019 9020 8938
f 8939 9191 8680
f 9020 9112 8938
f 9111 9021 9112
f 8940 9113 9022
f 8940 9022 8865
f 9025 9024 9023
f 8943 9116 8866
f 8944 8865 9022
f 8774 9026 8943
f 8944 9022 9029
f 9118 9028 9029
f 9029 9028 8944
f 9031 9030 9027
f 9028 9031 9027
f 9118 9031 9028
f 8947 9030 9032
f 8947 9032 8948
f 9199 9033 8948
f 9354 8688 9120
f 8688 8778 9120
f 8870 9200 8778
f 9201 8870 8953
f 9036 9201 8953
f 8869 9034 9038
f 9035 9036 9037
f 9037 9036 8953
f 8952 9038 9035
f 8872 9040 9041
f 8954 8872 9042
f 8872 9041 9042
f 8954 9042 8955
f 9122 9039 9124
f 9124 9039 8956
f 8783 9039 9125
f 9281 8957 8955
f 8956 8694 9210
f 8783 9125 8784
f 8694 8696 9210
f 9040 8958 9209
f 8875 8957 8877
f 8957 9127 8877
f 8961 9043 9126
f 9209 8961 9044
f 8961 8886 9043
f 8877 9127 9128
f 8701 9129 8959
f 9128 8962 8877
f 8701 8787 9129
f 9133 8962 9128
f 9045 8963 9046
f 9046 9047 9045
f 8964 9045 9047
f 8965 8964 9048
f 8964 9047 9048
f 8787 9050 9051
f 8787 9051 9129
f 9136 9053 8969
f 9055 8971 9219
f 9054 8973 8796
f 9056 9220 9057
f 8801 8977 9057
f 8803 8802 9446
f 8897 8803 9369
f 8729 9222 9719
f 8730 9223 9059
f 9223 8807 9297
f 8808 9060 8901
f 8810 9064 9063
f 9063 9062 8811
f 8981 9066 9065
f 8981 8743 9066
f 9142 8902 8982
f 8983 8743 8744
f 9069 9146 9068
f 9068 9146 9147
f 8983 8657 9070
f 8986 9069 9068
f 8984 9068 9147
f 9147 8985 8984
f 9147 9071 8985
f 8984 8986 9068
f 8985 9071 8904
f 9071 9148 8904
f 8986 8821 8987
f 8904 9148 9072
f 9152 9073 9072
f 9149 9153 9384
f 9149 8905 9153
f 9073 9152 8989
f 9231 9153 8991
f 9155 9233 9074
f 8830 9074 9233
f 8830 9233 9235
f 9160 9236 9312
f 8994 9159 9157
f 8993 9160 9312
f 8832 8911 9158
f 9238 8995 9237
f 9237 8995 9161
f 8997 9166 9078
f 9166 8997 9000
f 9080 8997 9079
f 8997 9078 9079
f 9079 9081 9080
f 9076 9082 9081
f 9077 9082 9076
f 9082 9077 9163
f 9084 9166 9000
f 9081 9085 9080
f 9082 9169 9081
f 9169 9085 9081
f 9086 9169 9082
f 9163 9086 9082
f 8998 9249 9002
f 9085 9249 8998
f 9169 9249 9085
f 9087 9170 9168
f 9087 9088 9170
f 9253 9088 9003
f 9172 9005 9089
f 9006 9005 9172
f 9090 9091 9175
f 9092 9006 9172
f 9091 8918 9175
f 9093 9006 9092
f 9006 9093 8920
f 9177 9176 8921
f 9177 9095 9096
f 9177 8921 9095
f 9095 8921 9008
f 9007 9330 8924
f 9095 9011 9099
f 8924 9330 9101
f 9260 9100 9009
f 9009 9100 9010
f 8930 9010 9097
f 9098 9099 9097
f 9099 8930 9097
f 9008 9011 9095
f 9101 9012 8924
f 9009 9013 9260
f 9101 9102 8928
f 9101 8928 9012
f 9016 8928 9102
f 9103 9016 9102
f 9017 8853 9335
f 9104 9335 8853
f 9337 9017 9335
f 9181 9180 8935
f 8936 9185 9106
f 9106 8935 8936
f 9018 9186 9019
f 9185 9108 9107
f 8861 9110 9108
f 8861 9108 8858
f 9019 9186 9109
f 9019 9109 9020
f 9110 8861 9191
f 9109 9111 9020
f 9189 9111 9109
f 9111 9112 9020
f 9111 9113 9021
f 9021 9113 8940
f 8939 9192 9191
f 8939 8941 9192
f 9022 9113 9114
f 9192 8941 9115
f 8941 9023 9115
f 9022 9344 9117
f 9024 9115 9023
f 9025 8866 9348
f 8866 9116 9348
f 9116 8943 9026
f 9117 9029 9022
f 9029 9117 9118
f 9119 9031 9118
f 9031 9032 9030
f 8946 8949 9351
f 9204 8950 9121
f 9201 9200 8870
f 9201 9036 9202
f 9204 9034 8950
f 9204 9036 9038
f 9038 9036 9035
f 9034 9204 9038
f 9039 9122 9205
f 9040 9207 9041
f 9207 9123 9041
f 9279 9042 9123
f 9042 9041 9123
f 9279 8955 9042
f 9122 9124 9431
f 9039 9205 9125
f 8955 9279 9281
f 8956 9210 9124
f 9040 9209 9206
f 9281 9127 8957
f 8696 8959 9210
f 9043 9125 9126
f 9044 8961 9126
f 9129 9211 8959
f 9213 9128 9127
f 9047 9046 9215
f 9135 9047 9215
f 9047 9135 9048
f 9131 8967 9049
f 9131 9132 8967
f 9132 9051 9050
f 9132 9288 9051
f 9051 9216 9130
f 9051 9130 9129
f 8963 8962 9046
f 8962 9133 9046
f 9048 9135 8968
f 9052 9131 9049
f 9134 9136 9135
f 8968 9135 9136
f 9219 8971 9053
f 8976 8797 9055
f 9220 9056 8896
f 8803 9446 9369
f 8896 8978 9140
f 8727 9141 9578
f 8978 9058 9140
f 9372 9058 8584
f 8899 9222 8805
f 9375 8901 9060
f 9224 9064 8901
f 9061 9297 8980
f 9298 9297 9061
f 9061 9062 9298
f 9224 9063 9064
f 8982 9065 9142
f 8743 8983 9304
f 9146 9144 9143
f 9226 9144 9069
f 9146 9069 9144
f 9145 9147 9146
f 9226 9069 8986
f 9147 9145 9071
f 9145 9308 9071
f 8983 9070 9227
f 9228 9226 8986
f 9308 9148 9071
f 8986 8987 9228
f 8987 9149 9228
f 9072 9148 9151
f 8658 8819 9382
f 9151 9150 9152
f 9151 9152 9072
f 8599 8988 9227
f 8599 9227 9070
f 9152 9150 9074
f 8658 9309 9154
f 9152 9074 8989
f 9153 9231 9384
f 8827 9312 8988
f 9231 8991 9157
f 9385 9156 9232
f 8992 9232 9156
f 9157 9159 9314
f 9312 9236 9313
f 9160 9238 9236
f 9159 8832 9158
f 9235 9318 8913
f 8913 9318 9075
f 9076 9162 9239
f 9078 9166 9473
f 9076 9239 9077
f 9077 9239 9240
f 9081 9079 9162
f 9162 9076 9081
f 9077 9240 9163
f 9165 9084 9164
f 9084 9165 9166
f 9163 9244 9086
f 9164 9083 9167
f 9165 9164 9167
f 9244 9247 9086
f 9247 9169 9086
f 9170 9248 9168
f 9004 9001 9251
f 9251 9001 9002
f 9004 9253 9003
f 9088 9252 9170
f 9088 9253 9252
f 9089 9090 9171
f 9171 9172 9089
f 9090 9175 9173
f 9090 9173 9171
f 9171 9174 9172
f 9172 9174 9092
f 9175 9254 9173
f 9175 8918 9254
f 9178 9096 9095
f 9093 9329 8920
f 9099 9098 9178
f 9095 9099 9178
f 9329 9007 8920
f 9179 9097 9010
f 9098 9097 9179
f 9260 9259 9100
f 9013 9331 9260
f 9015 9331 9013
f 9409 9102 9101
f 9015 9105 9333
f 9105 9180 9333
f 9017 9337 9182
f 8935 9106 9262
f 9262 9181 8935
f 9185 9183 9106
f 9182 9184 9018
f 9183 9185 9107
f 9107 9188 9264
f 9186 9018 9184
f 9108 9188 9107
f 9189 9109 9186
f 9187 9189 9186
f 9189 9187 9265
f 9108 9110 9188
f 9189 9267 9111
f 9267 9269 9111
f 9113 9111 9269
f 9110 9191 9190
f 9113 9269 9114
f 9114 9344 9022
f 9192 9566 9504
f 9344 9420 9117
f 9115 9024 9347
f 9115 9347 9566
f 9115 9566 9192
f 9420 9193 9117
f 9348 9116 9345
f 9116 9026 8945
f 9116 8945 9345
f 9117 9193 9118
f 9025 9194 9024
f 9270 9194 9025
f 9348 9270 9025
f 8945 8946 9345
f 9118 9193 9119
f 9032 9195 8948
f 9196 9195 9032
f 9031 9196 9032
f 9197 9196 9031
f 9119 9197 9031
f 8948 9195 9198
f 9354 9351 8949
f 9198 9199 8948
f 9199 9273 9121
f 9354 9120 9428
f 9428 9120 9200
f 8778 9200 9120
f 9273 9203 9121
f 9121 9203 9204
f 9036 9203 9202
f 9204 9203 9036
f 9360 9205 9122
f 9205 9208 9125
f 9206 9278 9040
f 9278 9207 9040
f 9123 9207 9279
f 9122 9431 9360
f 9125 9208 9126
f 9275 9206 9209
f 9124 9210 9431
f 9209 9044 9275
f 9210 8959 9282
f 9280 9044 9126
f 9211 9129 9130
f 9127 9283 9213
f 9212 9211 9130
f 9130 9285 9212
f 9214 9213 9286
f 9128 9213 9214
f 9216 9285 9130
f 9289 9128 9214
f 9128 9289 9133
f 9133 9289 9217
f 9133 9217 9287
f 9287 9046 9133
f 9135 9215 9134
f 9052 9290 9131
f 9288 9216 9051
f 9052 9218 9290
f 9136 9367 9053
f 9367 9219 9053
f 8970 8973 9368
f 8973 9054 9368
f 8975 9137 9054
f 9219 9295 9055
f 9138 9137 8975
f 9295 9137 9138
f 9055 9295 8976
f 9295 9138 8976
f 8724 9664 9141
f 8897 9369 9370
f 8897 9370 9139
f 9221 8898 9139
f 9220 8896 9140
f 9221 9373 8898
f 9526 9581 9059
f 9452 8900 9373
f 9526 9059 9223
f 8979 8900 9452
f 9142 9065 9303
f 9065 9066 9303
f 9306 9302 9143
f 9066 8743 9304
f 8902 9459 9067
f 9143 9144 9306
f 9145 9146 9143
f 9145 9225 9308
f 9067 9677 8819
f 9148 9308 9230
f 9148 9230 9151
f 9149 9463 9228
f 9230 9229 9150
f 9230 9150 9151
f 8658 9382 9309
f 9149 9384 9463
f 9074 9150 9155
f 8988 9312 9311
f 9232 9154 9385
f 9387 9231 9157
f 9155 9467 9233
f 9156 9385 9386
f 9234 9156 9469
f 8992 9156 9234
f 8911 9234 9158
f 9159 9158 9314
f 9238 9237 9236
f 9390 9318 9235
f 9318 9317 9161
f 9075 9318 9161
f 9078 9473 9242
f 9079 9078 9242
f 9162 9079 9474
f 9079 9242 9474
f 9241 9163 9240
f 9241 9246 9163
f 9243 9246 9241
f 9246 9244 9163
f 9243 9245 9246
f 9083 9168 9478
f 9479 9083 9478
f 9167 9083 9479
f 9478 9168 9248
f 9249 9169 9486
f 9247 9486 9169
f 9397 9002 9249
f 9250 9248 9170
f 9251 9253 9004
f 9002 9397 9251
f 9170 9252 9250
f 9171 9173 9255
f 9174 9171 9255
f 9254 9255 9173
f 8918 9094 9257
f 9254 8918 9257
f 9255 9258 9174
f 9092 9258 9093
f 9174 9258 9092
f 9098 9324 9401
f 9401 9323 9098
f 9323 9256 9178
f 9094 9176 9257
f 9324 9098 9179
f 9178 9098 9323
f 9096 9178 9256
f 9257 9177 9096
f 9176 9177 9257
f 9258 9329 9093
f 9007 9329 9330
f 9179 9100 9259
f 9179 9010 9100
f 9101 9330 9409
f 9015 9332 9331
f 9333 9332 9015
f 9261 9103 9102
f 9261 9102 9409
f 9104 9103 9261
f 9181 9333 9180
f 9261 9334 9104
f 9104 9334 9335
f 9262 9106 9263
f 9106 9183 9263
f 9182 9341 9184
f 9182 9337 9341
f 9183 9107 9264
f 9341 9342 9184
f 9342 9187 9184
f 9187 9186 9184
f 9265 9187 9342
f 9188 9110 9266
f 9267 9189 9265
f 9269 9267 9419
f 9110 9190 9266
f 9269 9268 9114
f 9191 9192 9190
f 9114 9268 9344
f 9192 9504 9190
f 9024 9194 9347
f 9345 8946 9349
f 9193 9197 9119
f 9195 9271 9198
f 9197 9355 9196
f 9198 9271 9272
f 9198 9273 9199
f 9272 9273 9198
f 9201 9274 9200
f 9202 9274 9201
f 9273 9274 9202
f 9203 9273 9202
f 9276 9277 9206
f 9278 9206 9277
f 9207 9278 9359
f 9279 9207 9359
f 9126 9208 9280
f 9275 9044 9280
f 9276 9206 9275
f 9281 9359 9361
f 9279 9359 9281
f 9282 9431 9210
f 9361 9283 9281
f 9281 9283 9127
f 8959 9211 9282
f 9433 9212 9285
f 9284 9433 9285
f 9362 9433 9284
f 9213 9362 9284
f 9362 9213 9283
f 9213 9284 9286
f 9215 9046 9287
f 9288 9132 9131
f 9216 9291 9285
f 9284 9285 9291
f 9286 9284 9292
f 9289 9286 9292
f 9286 9289 9214
f 9290 9288 9131
f 9288 9435 9216
f 9291 9216 9365
f 9292 9284 9291
f 9134 9293 9136
f 9218 9442 9290
f 9136 9293 9367
f 8970 9442 9218
f 8970 9368 9442
f 9137 9294 9054
f 9294 9137 9296
f 9137 9295 9296
f 9219 9296 9295
f 9141 9664 9578
f 8727 9578 9445
f 8802 9445 9446
f 9139 9370 9371
f 9221 9139 9371
f 8087 9719 9372
f 9059 9581 8899
f 9526 9223 9453
f 9455 9375 9060
f 9455 9060 8979
f 9298 9223 9297
f 9062 9456 9298
f 9300 9301 9299
f 9302 9300 9299
f 9533 9303 9066
f 9300 9302 9306
f 9302 9305 9143
f 9142 9459 8902
f 9461 9378 9306
f 9143 9305 9145
f 9306 9144 9461
f 9305 9379 9145
f 9534 9304 9380
f 9461 9144 9226
f 9379 9225 9145
f 9304 8983 9380
f 8983 9227 9380
f 9308 9225 9381
f 9230 9308 9381
f 8819 9677 9382
f 9307 9226 9228
f 9229 9383 9150
f 9310 9384 9231
f 9383 9467 9155
f 9383 9155 9150
f 9154 9309 9385
f 9469 9156 9386
f 9467 9389 9233
f 9312 9539 9311
f 9315 9234 9469
f 9387 9157 9314
f 9316 9313 9236
f 9389 9235 9233
f 9315 9158 9234
f 9314 9158 9315
f 9237 9316 9236
f 9235 9389 9390
f 9317 9237 9161
f 9239 9162 9391
f 9162 9474 9391
f 9240 9472 9241
f 9240 9239 9472
f 9241 9319 9243
f 9393 9165 9475
f 9393 9166 9165
f 9473 9166 9393
f 9243 9319 9245
f 9475 9167 9479
f 9475 9165 9167
f 9244 9246 9394
f 9394 9246 9245
f 9244 9481 9247
f 9486 9480 9249
f 9481 9486 9247
f 9320 9248 9250
f 9397 9249 9480
f 9251 9321 9253
f 9397 9484 9251
f 9396 9250 9322
f 9250 9252 9322
f 9253 9321 9252
f 9325 9254 9257
f 9254 9328 9255
f 9328 9258 9255
f 9257 9096 9404
f 9325 9257 9404
f 9325 9327 9254
f 9328 9254 9327
f 9179 9326 9324
f 9329 9258 9328
f 9326 9179 9259
f 9259 9260 9495
f 9408 9259 9495
f 9495 9260 9331
f 9497 9495 9331
f 9333 9410 9332
f 9410 9333 9181
f 9261 9413 9334
f 9335 9334 9416
f 9336 9412 9263
f 9262 9263 9412
f 9183 9336 9263
f 9339 9338 9335
f 9338 9337 9335
f 9336 9183 9415
f 9338 9341 9337
f 9340 9338 9339
f 9338 9342 9341
f 9340 9342 9338
f 9183 9264 9415
f 9415 9264 9418
f 9340 9417 9342
f 9265 9342 9417
f 9188 9266 9418
f 9264 9188 9418
f 9267 9265 9419
f 9419 9343 9269
f 9266 9190 9502
f 9343 9501 9268
f 9269 9343 9268
f 9268 9501 9503
f 9503 9344 9268
f 9420 9503 9346
f 9420 9346 9193
f 9345 9349 9348
f 9194 9270 9347
f 9347 9270 9350
f 9346 9352 9193
f 9353 9350 9270
f 9353 9270 9348
f 9353 9348 9423
f 9349 8946 9351
f 9193 9352 9197
f 9352 9355 9197
f 9195 9426 9271
f 9196 9426 9195
f 9355 9426 9196
f 9272 9510 9273
f 9509 9428 9200
f 9274 9509 9200
f 9208 9205 9360
f 9208 9360 9356
f 9280 9208 9356
f 9280 9356 9357
f 9357 9275 9280
f 9276 9275 9358
f 9275 9357 9358
f 9277 9276 9358
f 9277 9358 9359
f 9278 9277 9359
f 9430 9361 9359
f 9434 9362 9361
f 9282 9211 9432
f 9361 9362 9283
f 9212 9432 9211
f 9212 9433 9432
f 9216 9435 9365
f 9363 9438 9289
f 9217 9289 9364
f 9289 9438 9364
f 9287 9217 9364
f 9287 9364 9134
f 9287 9134 9215
f 9288 9290 9517
f 9291 9365 9366
f 9292 9291 9366
f 9292 9366 9363
f 9363 9289 9292
f 9290 9442 9517
f 9219 9444 9296
f 9219 9367 9444
f 9054 9294 9368
f 9296 9522 9294
f 9220 9613 9057
f 8802 8727 9445
f 9140 9058 9614
f 9058 9372 9450
f 8979 9374 9455
f 9452 9374 8979
f 9223 9298 9453
f 9453 9298 9456
f 9063 9224 9529
f 8901 9454 9224
f 8901 9375 9454
f 9299 9301 9376
f 9376 9377 9299
f 9377 9302 9299
f 9378 9301 9300
f 9302 9377 9305
f 9300 9306 9378
f 9142 9303 9459
f 9304 9534 9458
f 9461 9226 9307
f 9379 9462 9225
f 9462 9381 9225
f 9381 9590 9229
f 9381 9229 9230
f 9228 9463 9307
f 9229 9535 9383
f 9227 8988 9466
f 9387 9468 9310
f 9310 9231 9387
f 9309 9537 9385
f 9537 9386 9385
f 9387 9388 9468
f 9312 9316 9539
f 9312 9313 9316
f 9387 9314 9388
f 9314 9315 9388
f 9237 9470 9316
f 9237 9317 9470
f 9471 9390 9389
f 9390 9317 9318
f 9319 9241 9392
f 9239 9391 9472
f 9393 9593 9473
f 9242 9473 9476
f 9478 9248 9545
f 9481 9244 9394
f 9394 9245 9395
f 9545 9248 9320
f 9320 9250 9396
f 9484 9397 9480
f 9484 9321 9251
f 9252 9321 9398
f 9484 9398 9321
f 9322 9399 9396
f 9398 9322 9252
f 9322 9400 9399
f 9402 9400 9322
f 9402 9322 9398
f 9399 9401 9403
f 9323 9401 9400
f 9400 9401 9399
f 9402 9323 9400
f 9401 9324 9403
f 9256 9323 9402
f 9491 9256 9402
f 9491 9404 9256
f 9490 9404 9491
f 9405 9404 9490
f 9492 9403 9326
f 9403 9324 9326
f 9404 9096 9256
f 9405 9325 9404
f 9325 9405 9327
f 9327 9405 9406
f 9327 9406 9407
f 9327 9407 9328
f 9259 9408 9492
f 9259 9492 9326
f 9328 9407 9329
f 9407 9494 9329
f 9329 9494 9330
f 9496 9497 9331
f 9331 9332 9496
f 9261 9601 9413
f 9412 9414 9411
f 9262 9412 9411
f 9181 9262 9411
f 9412 9336 9414
f 9334 9413 9416
f 9335 9416 9339
f 9418 9500 9415
f 9340 9339 9417
f 9562 9500 9418
f 9417 9343 9419
f 9417 9419 9265
f 9418 9266 9562
f 9503 9501 9651
f 9503 9420 9344
f 9504 9566 9421
f 9566 9347 9422
f 9347 9350 9422
f 9568 9423 9349
f 9568 9349 9351
f 9350 9353 9422
f 9422 9353 9424
f 9423 9348 9349
f 9346 9427 9352
f 9424 9353 9423
f 9355 9352 9427
f 9507 9351 9354
f 9510 9272 9425
f 9271 9425 9272
f 9427 9426 9355
f 9354 9428 9507
f 9509 9274 9570
f 9570 9273 9510
f 9271 9513 9425
f 9426 9513 9271
f 9273 9570 9274
f 9515 9356 9360
f 9357 9356 9515
f 9357 9515 9429
f 9358 9357 9430
f 9357 9429 9430
f 9358 9430 9359
f 9431 9432 9360
f 9432 9515 9360
f 9361 9430 9434
f 9432 9431 9282
f 9432 9433 9434
f 9433 9362 9434
f 9288 9440 9435
f 9435 9436 9366
f 9437 9438 9363
f 9364 9438 9439
f 9364 9439 9134
f 9517 9440 9288
f 9366 9365 9435
f 9437 9366 9436
f 9363 9366 9437
f 9441 9293 9439
f 9439 9293 9134
f 9444 9367 9441
f 9293 9441 9367
f 9443 9442 9368
f 9522 9296 9444
f 9613 9220 9614
f 8724 8801 9664
f 9369 9446 9447
f 9369 9447 9448
f 9370 9369 9448
f 9371 9370 9524
f 9370 9448 9524
f 9449 9221 9524
f 9221 9371 9524
f 9220 9140 9614
f 9449 9373 9221
f 9581 9451 8899
f 8899 9451 9222
f 9373 9449 9452
f 9526 9453 9582
f 9224 9454 9529
f 9375 9455 9454
f 9063 9529 9062
f 9530 9457 9376
f 9530 9376 9301
f 9376 9457 9531
f 9531 9377 9376
f 9301 9378 9532
f 9587 9377 9531
f 9589 9588 9378
f 9377 9587 9305
f 9587 9626 9305
f 9066 9304 9458
f 9533 9066 9458
f 9379 9305 9626
f 9378 9461 9589
f 9462 9379 9626
f 9380 9460 9534
f 9461 9307 9589
f 9462 9590 9381
f 9227 9591 9380
f 9463 9676 9307
f 9590 9535 9229
f 9227 9466 9591
f 9382 9465 9309
f 9384 9310 9464
f 9463 9384 9464
f 9536 9310 9468
f 9466 8988 9634
f 8988 9311 9634
f 9309 9465 9537
f 9538 9386 9537
f 9639 9389 9467
f 9538 9469 9386
f 9539 9636 9311
f 9471 9317 9390
f 9241 9472 9392
f 9392 9472 9731
f 9474 9242 9476
f 9393 9642 9593
f 9473 9593 9476
f 9245 9319 9477
f 9245 9477 9395
f 9546 9479 9478
f 9547 9545 9320
f 9394 9482 9481
f 9483 9482 9395
f 9482 9394 9395
f 9320 9396 9547
f 9547 9396 9487
f 9484 9480 9485
f 9480 9486 9485
f 9486 9481 9549
f 9486 9551 9485
f 9549 9551 9486
f 9489 9485 9551
f 9489 9484 9485
f 9396 9399 9487
f 9487 9399 9488
f 9489 9398 9484
f 9489 9402 9398
f 9551 9490 9489
f 9403 9597 9488
f 9399 9403 9488
f 9490 9491 9489
f 9491 9402 9489
f 9553 9406 9490
f 9406 9553 9596
f 9403 9492 9597
f 9490 9406 9405
f 9407 9406 9596
f 9407 9554 9494
f 9493 9492 9408
f 9408 9495 9493
f 9332 9410 9498
f 9601 9261 9409
f 9499 9498 9411
f 9410 9411 9498
f 9414 9499 9411
f 9410 9181 9411
f 9499 9414 9558
f 9414 9336 9558
f 9413 9559 9416
f 9336 9415 9558
f 9560 9416 9559
f 9416 9560 9339
f 9560 9561 9339
f 9339 9561 9417
f 9417 9561 9343
f 9562 9266 9502
f 9346 9603 9505
f 9568 9351 9506
f 9351 9507 9506
f 9346 9505 9427
f 9509 9506 9507
f 9512 9505 9565
f 9427 9505 9512
f 9508 9424 9423
f 9423 9574 9508
f 9509 9507 9428
f 9425 9511 9510
f 9513 9575 9425
f 9514 9513 9426
f 9512 9514 9426
f 9427 9512 9426
f 9576 9575 9513
f 9514 9576 9513
f 9429 9515 9434
f 9434 9515 9432
f 9430 9429 9434
f 9440 9436 9435
f 9437 9436 9519
f 9437 9519 9516
f 9438 9437 9516
f 9516 9439 9438
f 9517 9518 9440
f 9518 9519 9436
f 9518 9436 9440
f 9439 9516 9441
f 9441 9516 9520
f 9443 9517 9442
f 9443 9518 9517
f 9521 9518 9443
f 9520 9522 9444
f 9441 9520 9444
f 9521 9443 9368
f 9294 9521 9368
f 9522 9521 9294
f 9448 9447 9523
f 9448 9523 9524
f 9524 9523 9525
f 9524 9525 9449
f 9058 9450 9614
f 9449 9525 9527
f 9449 9527 9452
f 9452 9527 9374
f 9374 9527 9528
f 9456 9582 9453
f 9062 9529 9583
f 9454 9528 9529
f 9455 9528 9454
f 9374 9528 9455
f 9062 9584 9456
f 9457 9530 9585
f 9531 9457 9585
f 9530 9301 9532
f 9532 9378 9588
f 9459 9630 9067
f 9067 9630 9677
f 9462 9626 9590
f 9463 9464 9676
f 9631 9464 9536
f 9464 9310 9536
f 9632 9538 9537
f 9636 9539 9592
f 9540 9469 9538
f 9540 9315 9469
f 9635 9468 9388
f 9592 9539 9316
f 9388 9315 9540
f 9470 9592 9316
f 9389 9639 9471
f 9541 9471 9639
f 9541 9470 9317
f 9471 9541 9317
f 9392 9542 9319
f 9391 9474 9640
f 9641 9472 9640
f 9472 9391 9640
f 9731 9472 9641
f 9474 9476 9543
f 9477 9319 9542
f 9475 9642 9393
f 9476 9593 9543
f 9642 9479 9546
f 9642 9475 9479
f 9477 9544 9395
f 9544 9483 9395
f 9546 9478 9545
f 9548 9547 9487
f 9481 9550 9549
f 9482 9550 9481
f 9483 9550 9482
f 9488 9548 9487
f 9549 9490 9551
f 9552 9550 9483
f 9549 9553 9490
f 9550 9553 9549
f 9597 9548 9488
f 9596 9553 9552
f 9553 9550 9552
f 9492 9644 9597
f 9407 9596 9554
f 9644 9492 9555
f 9493 9555 9492
f 9493 9495 9645
f 9496 9556 9691
f 9497 9496 9692
f 9496 9691 9692
f 9495 9497 9645
f 9497 9692 9645
f 9556 9496 9332
f 9409 9330 9600
f 9332 9498 9556
f 9556 9498 9647
f 9409 9600 9601
f 9413 9557 9559
f 9648 9560 9559
f 9415 9500 9558
f 9561 9649 9343
f 9343 9649 9501
f 9500 9562 9602
f 9651 9501 9649
f 9190 9563 9502
f 9190 9504 9563
f 9503 9603 9346
f 9651 9603 9503
f 9504 9421 9563
f 9421 9566 9567
f 9564 9421 9567
f 9566 9422 9567
f 9423 9568 9569
f 9506 9569 9568
f 9506 9604 9569
f 9422 9424 9572
f 9506 9509 9604
f 9571 9604 9570
f 9570 9604 9509
f 9571 9570 9573
f 9572 9424 9508
f 9574 9423 9569
f 9570 9510 9573
f 9511 9575 9573
f 9511 9573 9510
f 9607 9572 9508
f 9609 9574 9569
f 9511 9425 9575
f 9514 9512 9656
f 9574 9607 9508
f 9656 9576 9514
f 9576 9612 9575
f 9577 9516 9519
f 9518 9577 9519
f 9516 9577 9520
f 9577 9518 9521
f 9522 9577 9521
f 9520 9577 9522
f 9446 9445 9579
f 9447 9446 9579
f 9579 9523 9447
f 9579 9580 9523
f 9580 9525 9523
f 9372 9668 9450
f 9719 9222 9615
f 9451 9765 9222
f 9581 9616 9451
f 9525 9580 9527
f 9617 9581 9526
f 9617 9526 9582
f 9527 9580 9620
f 9583 9529 9620
f 9527 9620 9529
f 9583 9584 9062
f 9527 9529 9528
f 9530 9622 9585
f 9532 9625 9623
f 9623 9586 9532
f 9622 9530 9532
f 9586 9622 9532
f 9585 9624 9531
f 9587 9531 9624
f 9588 9625 9532
f 9770 9588 9589
f 9303 9628 9459
f 9458 9534 9674
f 9459 9628 9630
f 9674 9534 9460
f 9590 9675 9535
f 9589 9307 9676
f 9380 9591 9460
f 9631 9676 9464
f 9678 9631 9536
f 9775 9537 9465
f 9775 9632 9537
f 9678 9536 9635
f 9383 9633 9467
f 9467 9633 9639
f 9468 9635 9536
f 9634 9311 9636
f 9388 9540 9635
f 9470 9637 9592
f 9639 9638 9541
f 9542 9392 9731
f 9474 9543 9640
f 9477 9542 9544
f 9544 9594 9483
f 9547 9595 9545
f 9546 9545 9685
f 9547 9548 9595
f 9552 9483 9594
f 9548 9687 9595
f 9687 9548 9597
f 9598 9596 9552
f 9596 9598 9554
f 9599 9554 9689
f 9554 9599 9494
f 9493 9645 9555
f 9330 9494 9600
f 9691 9556 9646
f 9647 9498 9499
f 9557 9413 9601
f 9558 9747 9499
f 9559 9749 9750
f 9648 9559 9750
f 9561 9560 9648
f 9500 9696 9558
f 9602 9696 9500
f 9562 9650 9602
f 9502 9650 9562
f 9563 9421 9706
f 9564 9706 9421
f 9505 9603 9565
f 9604 9605 9569
f 9422 9572 9567
f 9606 9605 9604
f 9604 9571 9606
f 9571 9573 9606
f 9655 9656 9565
f 9565 9656 9512
f 9572 9607 9567
f 9605 9608 9569
f 9608 9609 9569
f 9606 9573 9661
f 9607 9574 9610
f 9609 9610 9574
f 9573 9575 9661
f 9609 9608 9610
f 9575 9612 9661
f 9611 9612 9576
f 9611 9576 9656
f 9445 9578 9665
f 9445 9665 9666
f 9666 9579 9445
f 9666 9618 9619
f 9666 9619 9579
f 9579 9619 9580
f 9581 9617 9616
f 9618 9617 9582
f 9620 9619 9670
f 9580 9619 9620
f 9618 9582 9621
f 9621 9584 9670
f 9584 9583 9670
f 9620 9670 9583
f 9582 9456 9621
f 9584 9621 9456
f 9623 9625 9672
f 9672 9586 9623
f 9585 9622 9624
f 9624 9723 9626
f 9587 9624 9626
f 9626 9723 9590
f 9533 9458 9627
f 9303 9533 9628
f 9675 9590 9723
f 9458 9674 9627
f 9628 9629 9630
f 9535 9675 9726
f 9382 9677 9727
f 9726 9383 9535
f 9591 9466 9679
f 9382 9727 9465
f 9806 9465 9727
f 9466 9728 9679
f 9775 9465 9806
f 9466 9634 9728
f 9678 9635 9680
f 9777 9538 9632
f 9637 9729 9636
f 9777 9540 9538
f 9635 9540 9680
f 9637 9636 9592
f 9730 9470 9638
f 9541 9638 9470
f 9542 9731 9732
f 9643 9542 9732
f 9542 9643 9544
f 9642 9736 9593
f 9736 9737 9593
f 9737 9543 9593
f 9643 9594 9544
f 9682 9543 9737
f 9546 9685 9686
f 9642 9546 9686
f 9685 9545 9595
f 9595 9687 9688
f 9552 9594 9598
f 9597 9742 9687
f 9644 9555 9690
f 9689 9554 9598
f 9645 9690 9555
f 9600 9494 9599
f 9556 9647 9646
f 9601 9600 9695
f 9647 9499 9747
f 9695 9557 9601
f 9747 9558 9696
f 9749 9559 9557
f 9602 9698 9696
f 9650 9698 9602
f 9649 9699 9651
f 9650 9502 9652
f 9701 9651 9699
f 9701 9704 9651
f 9651 9704 9603
f 9704 9653 9603
f 9653 9565 9603
f 9564 9654 9706
f 9653 9655 9565
f 9654 9564 9712
f 9564 9567 9712
f 9567 9607 9712
f 9657 9655 9711
f 9656 9655 9657
f 9607 9610 9712
f 9606 9660 9605
f 9656 9657 9611
f 9610 9658 9712
f 9608 9658 9610
f 9605 9660 9608
f 9606 9659 9660
f 9606 9661 9659
f 9611 9657 9662
f 9660 9658 9608
f 9662 9661 9612
f 9611 9662 9612
f 9661 9663 9659
f 9662 9663 9661
f 9057 9613 9796
f 9057 9863 8801
f 9578 9829 9665
f 9718 9613 9614
f 9796 9613 9718
f 9665 9667 9666
f 9666 9667 9618
f 9614 9450 9718
f 9372 9899 9668
f 9222 9765 9615
f 9451 9616 9765
f 9617 9669 9616
f 9617 9667 9669
f 9618 9667 9617
f 9670 9618 9621
f 9618 9670 9619
f 9672 9671 9586
f 9671 9622 9586
f 9722 9672 9625
f 9671 9624 9622
f 9673 9722 9625
f 9625 9588 9673
f 9673 9588 9770
f 9628 9533 9724
f 9533 9627 9724
f 9460 9591 9804
f 9630 9725 9677
f 9771 9770 9676
f 9770 9589 9676
f 9677 9725 9727
f 9591 9679 9837
f 9383 9726 9633
f 9776 9632 9775
f 9728 9634 9729
f 9636 9729 9634
f 9680 9540 9777
f 9781 9639 9633
f 9730 9778 9637
f 9730 9637 9470
f 9639 9681 9638
f 9640 9543 9682
f 9682 9734 9640
f 9640 9683 9641
f 9734 9683 9640
f 9683 9684 9641
f 9641 9684 9731
f 9686 9736 9642
f 9643 9732 9739
f 9643 9739 9594
f 9685 9595 9688
f 9594 9739 9598
f 9687 9742 9812
f 9688 9687 9812
f 9597 9644 9742
f 9742 9644 9744
f 9743 9689 9598
f 9644 9690 9744
f 9599 9689 9791
f 9645 9792 9690
f 9600 9599 9693
f 9599 9791 9693
f 9645 9692 9792
f 9647 9793 9646
f 9793 9647 9694
f 9695 9600 9693
f 9694 9647 9747
f 9649 9561 9648
f 9649 9648 9697
f 9648 9750 9697
f 9751 9699 9649
f 9698 9650 9700
f 9700 9650 9703
f 9703 9650 9652
f 9502 9563 9652
f 9701 9702 9704
f 9652 9563 9707
f 9652 9707 9703
f 9653 9704 9705
f 9707 9563 9706
f 9707 9706 9708
f 9705 9759 9711
f 9705 9711 9655
f 9653 9705 9655
f 9654 9708 9706
f 9707 9708 9709
f 9709 9708 9760
f 9759 9709 9711
f 9711 9709 9710
f 9708 9654 9760
f 9709 9760 9710
f 9654 9712 9713
f 9760 9654 9761
f 9713 9761 9654
f 9657 9711 9714
f 9658 9713 9712
f 9657 9714 9662
f 9658 9660 9716
f 9662 9714 9715
f 9659 9716 9660
f 9659 9717 9716
f 9663 9717 9659
f 9663 9715 9717
f 9662 9715 9663
f 9664 8801 9942
f 9665 9829 9798
f 9718 9450 9764
f 9450 9668 9764
f 9672 9722 9720
f 9672 9723 9671
f 9720 9723 9672
f 9671 9723 9624
f 9721 9722 9673
f 9770 9768 9673
f 9673 9768 9721
f 9674 9834 9724
f 9674 9724 9627
f 9629 9725 9630
f 9460 9804 9674
f 9675 9774 9726
f 9676 9874 9771
f 9631 9874 9676
f 9836 9806 9727
f 9631 9678 9874
f 9728 9809 9679
f 9632 9776 9777
f 9778 9729 9637
f 9779 9730 9681
f 9781 9681 9639
f 9681 9730 9638
f 9733 9734 9682
f 9684 9732 9731
f 9683 9734 9738
f 9737 9783 9682
f 9783 9733 9682
f 9738 9684 9683
f 9735 9732 9684
f 9735 9739 9732
f 9688 9740 9685
f 9685 9740 9686
f 9735 9741 9739
f 9598 9739 9741
f 9743 9598 9741
f 9788 9743 9741
f 9743 9745 9689
f 9689 9745 9746
f 9689 9746 9791
f 9744 9690 9789
f 9792 9789 9690
f 9692 9691 9794
f 9792 9692 9794
f 9557 9748 9824
f 9557 9695 9748
f 9824 9749 9557
f 9823 9747 9696
f 9823 9696 9753
f 9753 9696 9698
f 9826 9752 9751
f 9826 9751 9649
f 9826 9649 9697
f 9753 9698 9700
f 9757 9753 9700
f 9757 9754 9753
f 9751 9701 9699
f 9754 9757 9756
f 9756 9701 9755
f 9757 9700 9758
f 9758 9700 9703
f 9702 9756 9757
f 9701 9756 9702
f 9757 9758 9702
f 9758 9703 9759
f 9702 9705 9704
f 9702 9758 9705
f 9705 9758 9759
f 9707 9759 9703
f 9707 9709 9759
f 9710 9760 9762
f 9711 9710 9714
f 9760 9761 9762
f 9710 9762 9714
f 9716 9713 9658
f 9716 9761 9713
f 9762 9761 9763
f 9763 9761 9716
f 9715 9762 9763
f 9714 9762 9715
f 9717 9763 9716
f 9715 9763 9717
f 9578 9664 9829
f 9829 9897 9798
f 9796 9718 9764
f 9665 9798 9669
f 9665 9669 9667
f 9616 9766 9765
f 9669 9766 9616
f 9720 9722 9767
f 9722 9721 9800
f 9767 9722 9800
f 9720 9767 9723
f 9675 9767 9769
f 9767 9675 9723
f 9768 9770 9802
f 9724 9629 9628
f 9770 9771 9802
f 9774 9675 9769
f 9629 9724 9834
f 9772 9629 9834
f 9629 9772 9725
f 9725 9772 9773
f 9773 9803 9725
f 9674 9804 9834
f 9803 9727 9725
f 9591 9837 9804
f 9836 9727 9803
f 9726 9838 9633
f 9807 9874 9678
f 9776 9775 9805
f 9678 9680 9808
f 9729 9809 9728
f 9680 9777 9808
f 9841 9729 9778
f 9780 9779 9681
f 9681 9781 9780
f 9733 9782 9734
f 9734 9782 9738
f 9783 9782 9733
f 9738 9785 9684
f 9785 9784 9684
f 9735 9684 9784
f 9782 9815 9738
f 9738 9815 9785
f 9740 9736 9686
f 9813 9737 9736
f 9782 9814 9815
f 9784 9785 9786
f 9735 9784 9741
f 9842 9688 9812
f 9688 9842 9810
f 9740 9688 9810
f 9811 9740 9810
f 9741 9784 9786
f 9742 9787 9812
f 9785 9849 9786
f 9741 9786 9788
f 9744 9787 9742
f 9786 9849 9788
f 9743 9788 9745
f 9746 9790 9791
f 9791 9790 9818
f 9789 9792 9819
f 9646 9793 9820
f 9646 9820 9691
f 9794 9691 9820
f 9791 9818 9693
f 9695 9818 9748
f 9693 9818 9695
f 9748 9856 9824
f 9824 9825 9749
f 9825 9827 9750
f 9749 9825 9750
f 9697 9827 9826
f 9827 9697 9750
f 9828 9823 9753
f 9751 9860 9795
f 9860 9751 9752
f 9828 9753 9754
f 9755 9828 9754
f 9795 9755 9751
f 9751 9755 9701
f 9755 9754 9756
f 9057 9796 9797
f 9798 9766 9669
f 9668 9899 9865
f 9372 9900 9899
f 9719 9900 9372
f 9765 9831 9615
f 9766 9799 9765
f 9768 9832 9721
f 9802 9801 9768
f 9801 9832 9768
f 9769 9767 9800
f 9774 9838 9726
f 9836 9805 9806
f 9679 9809 9837
f 9775 9806 9805
f 9805 9876 9776
f 9776 9876 9777
f 9876 9808 9777
f 9807 9678 9808
f 9729 9841 9809
f 9878 9841 9778
f 9878 9778 9779
f 9779 9778 9730
f 9783 9814 9782
f 9813 9783 9737
f 9736 9740 9813
f 9813 9740 9811
f 9783 9813 9814
f 9785 9815 9849
f 9848 9815 9814
f 9848 9849 9815
f 9787 9744 9816
f 9850 9788 9849
f 9788 9850 9745
f 9745 9850 9746
f 9744 9789 9816
f 9746 9850 9790
f 9816 9789 9817
f 9819 9817 9789
f 9853 9822 9818
f 9792 9794 9821
f 9821 9794 9820
f 9819 9792 9821
f 9822 9856 9748
f 9818 9822 9748
f 9888 9887 9694
f 9747 9888 9694
f 9823 9888 9747
f 9890 9823 9828
f 9826 9827 9861
f 9825 9861 9827
f 9795 9890 9828
f 9795 9828 9755
f 9863 9057 9896
f 9664 9942 9944
f 9664 9944 9829
f 9764 9830 9796
f 9830 9797 9796
f 9799 9798 9897
f 9798 9799 9766
f 9830 9764 9668
f 9830 9668 9865
f 9799 9831 9765
f 9832 9800 9721
f 9832 9801 9868
f 9868 9769 9832
f 9832 9769 9800
f 9769 9833 9774
f 9771 9869 9802
f 9930 9774 9833
f 9773 9772 9871
f 9772 9834 9871
f 9803 9773 9872
f 9773 9871 9872
f 9803 9872 9835
f 9907 9834 9804
f 9930 9838 9774
f 9836 9803 9835
f 9804 9837 9907
f 9837 9910 9907
f 9875 9910 9837
f 9876 9805 9909
f 9839 9874 9807
f 9876 9877 9808
f 9839 9807 9877
f 9809 9875 9837
f 9875 9809 9841
f 9807 9808 9877
f 9812 9787 9843
f 9842 9812 9843
f 9844 9842 9843
f 9842 9844 9810
f 9811 9810 9845
f 9810 9844 9845
f 9811 9845 9846
f 9813 9811 9846
f 9846 9848 9813
f 9848 9814 9813
f 9787 9847 9843
f 9849 9848 9882
f 9850 9849 9882
f 9816 9847 9787
f 9847 9816 9852
f 9851 9853 9790
f 9850 9851 9790
f 9852 9816 9817
f 9790 9853 9818
f 9822 9853 9884
f 9819 9854 9817
f 9886 9817 9854
f 9887 9820 9793
f 9821 9857 9819
f 9854 9819 9857
f 9822 9886 9856
f 9856 9886 9855
f 9793 9694 9887
f 9917 9821 9820
f 9889 9821 9917
f 9857 9821 9889
f 9856 9855 9858
f 9888 9823 9859
f 9823 9890 9859
f 9856 9858 9891
f 9856 9891 9824
f 9824 9861 9825
f 9891 9861 9824
f 9860 9890 9795
f 9752 9893 9860
f 9826 9861 9893
f 9826 9893 9752
f 9862 9057 9797
f 9896 9057 9895
f 9057 9862 9895
f 8801 9863 9924
f 8801 9924 9942
f 9830 9898 9797
f 9898 9862 9797
f 9897 9864 9799
f 9898 9830 9865
f 9719 9615 9900
f 9831 9867 9615
f 9615 9867 9866
f 9799 9864 9831
f 9870 9868 9801
f 9869 9870 9802
f 9870 9801 9802
f 9769 9868 9833
f 9771 9874 9904
f 9907 9871 9834
f 9835 9873 9836
f 9909 9805 9873
f 9805 9836 9873
f 9876 9909 9935
f 9841 9840 9875
f 9841 9911 9840
f 9878 9911 9841
f 9633 9913 9781
f 9913 9879 9781
f 9878 9779 9912
f 9879 9912 9779
f 9780 9879 9779
f 9781 9879 9780
f 9843 9914 9844
f 9914 9845 9844
f 9846 9845 9880
f 9914 9843 9847
f 9848 9846 9880
f 9848 9880 9881
f 9848 9881 9882
f 9883 9851 9882
f 9882 9851 9850
f 9915 9847 9852
f 9883 9884 9853
f 9851 9883 9853
f 9915 9852 9885
f 9939 9885 9884
f 9817 9885 9852
f 9885 9817 9886
f 9884 9885 9886
f 9884 9886 9822
f 9887 9917 9820
f 9857 9919 9854
f 9919 9855 9854
f 9886 9854 9855
f 9888 9917 9887
f 9919 9857 9889
f 9855 9919 9858
f 9921 9858 9919
f 9858 9921 9891
f 9891 9893 9861
f 9860 9892 9890
f 9860 9894 9892
f 9893 9894 9860
f 9829 9944 9927
f 9829 9927 9925
f 9829 9925 9897
f 9898 9895 9862
f 9897 9925 9864
f 9865 9926 9898
f 9865 9899 9926
f 9615 9866 9928
f 9864 9867 9831
f 9901 9870 9902
f 9870 9869 9902
f 9870 9833 9868
f 9901 9833 9870
f 9903 9902 9869
f 9833 9901 9930
f 9869 9771 9904
f 9869 9904 9903
f 9871 9931 9872
f 9931 9835 9872
f 9835 9931 9905
f 9930 9906 9838
f 9932 9931 9907
f 9907 9931 9871
f 9835 9905 9873
f 9873 9933 9909
f 9873 9905 9933
f 9904 9874 9908
f 9932 9907 9910
f 9874 9839 9908
f 9935 9877 9876
f 9838 9906 9913
f 9910 9875 9840
f 9838 9913 9633
f 9878 9912 9911
f 9938 9957 9912
f 9913 9938 9912
f 9913 9912 9879
f 9847 9915 9914
f 9916 9845 9915
f 9915 9845 9914
f 9880 9845 9916
f 9881 9880 9916
f 9939 9916 9915
f 9916 9940 9881
f 9881 9940 9883
f 9881 9883 9882
f 9884 9883 9940
f 9939 9915 9885
f 9940 9939 9884
f 9918 9917 9888
f 9918 9889 9917
f 9889 9918 9920
f 9919 9889 9920
f 9859 9918 9888
f 9919 9920 9921
f 9890 9892 9859
f 9891 9921 9922
f 9892 9894 9922
f 9891 9922 9893
f 9893 9922 9894
f 9944 9942 9943
f 9898 9926 9895
f 9896 9895 9926
f 9923 9896 9926
f 9927 9946 9925
f 9867 9925 9946
f 9925 9867 9864
f 9899 9947 9926
f 9899 9900 9947
f 9615 9928 9900
f 9867 9946 9866
f 9903 9948 9902
f 9902 9930 9901
f 9902 9929 9930
f 9948 9903 9904
f 9908 9948 9904
f 9930 9929 9906
f 9906 9929 9949
f 9905 9931 9932
f 9963 9905 9932
f 9933 9905 9963
f 9909 9934 9935
f 9933 9934 9909
f 9950 9908 9936
f 9839 9877 9936
f 9908 9839 9936
f 9936 9877 9935
f 9906 9956 9913
f 9937 9910 9840
f 9840 9911 9937
f 9911 9957 9955
f 9957 9911 9912
f 9956 9938 9913
f 9940 9916 9939
f 9920 9918 9941
f 9941 9918 9859
f 9920 9941 9921
f 9892 9941 9859
f 9921 9941 9922
f 9922 9941 9892
f 9923 9863 9896
f 9944 9943 9945
f 9947 9923 9926
f 9947 9863 9923
f 9924 9863 9947
f 9945 9960 9944
f 9944 9960 9927
f 9946 9927 9960
f 9960 9928 9866
f 9946 9960 9866
f 9948 9929 9902
f 9948 9908 9951
f 9949 9948 9951
f 9929 9948 9949
f 9908 9950 9951
f 9949 9951 9952
f 9933 9963 9953
f 9934 9933 9953
f 9935 9934 9954
f 9954 9950 9936
f 9954 9936 9935
f 9906 9949 9952
f 9932 9910 9964
f 9963 9932 9964
f 9910 9937 9964
f 9952 9966 9956
f 9952 9956 9906
f 9938 9956 9966
f 9955 9937 9911
f 9942 9958 9943
f 9947 9968 9924
f 9942 9924 9968
f 9968 9958 9942
f 9959 9943 9958
f 9960 9943 9959
f 9945 9943 9960
f 9900 9968 9947
f 9900 9969 9968
f 9928 9969 9900
f 9928 9959 9969
f 9960 9959 9928
f 9950 9954 9961
f 9962 9950 9961
f 9951 9950 9962
f 9952 9951 9962
f 9934 9953 9954
f 9954 9953 9961
f 9952 9962 9966
f 9953 9963 9964
f 9965 9953 9964
f 9955 9964 9937
f 9965 9964 9955
f 9955 9967 9965
f 9967 9955 9957
f 9938 9967 9957
f 9966 9967 9938
f 9968 9969 9958
f 9958 9969 9959
f 9961 9970 9962
f 9966 9962 9970
f 9961 9953 9965
f 9967 9961 9965
f 9970 9961 9967
f 9966 9970 9967

